rxn_ID	Control	FeLim	FeEX	ZnLim	ZnEx
rxn00001_d0_f	0	0	0	0	0
rxn00048_d0	0	0	0	0	0
rxn00069_d0_f	0	0	0	0	0
rxn00076_d0	0	0	0	0	0
rxn00117_d0_f	0	0	0	0	0
rxn00122_d0	0	0	0	0	0
rxn00148_d0_f	0	0	0	0	0
rxn00151_d0	0	0	0	0	0
rxn00191_d0_f	0	0	0	0	0
rxn00192_d0	0	0	0	0	0
rxn00209_d0	0	0	0	0	0
rxn00237_d0_f	0	0.008558035	0	0	0
rxn00248_d0_f	0	0	0	0	0
rxn00272_d0_f	0	0	0	0	0
rxn00275_d0_f	0	0	0	0	0
rxn00300_d0	0	0	0	0	0
rxn00333_d0	0	0	0	0	0
rxn00338_d0	0	0	0	0	0
rxn00391_d0_f	0	0	0	0	0
rxn00533_d0	0	0	0	0	0
rxn00692_d0_f	0	0	0	0	0
rxn00737_d0	0	0	0	0	0
rxn00747_d0_f	0	0	0	0	0
rxn00781_d0_f	0	0	0	0	0
rxn00782_d0_f	0	0	0	0	0
rxn00830_d0_f	0	0	0	0	0
rxn00838_d0	0	0	0	0	0
rxn00839_d0_f	0	0	0	0	0
rxn00929_d0_f	0	0	0	0	0
rxn00931_d0_f	0	0	0	0	0
rxn00947_d0	0	0	0	0	0
rxn00980_d0	0	0	0	0	0
rxn01000_d0	0	0	0	0	0
rxn01100_d0_f	0	0	0	0	0
rxn01106_d0_f	0	0	0	0	0
rxn01115_d0_f	0	0	0	0	0
rxn01200_d0_f	0	0	0	0	0
rxn01213_d0	0	0	0	0	0
rxn01255_d0	0	0	0	0	0
rxn01301_d0_f	0	0	0	0	0
rxn01302_d0_f	0	0	0	0	0
rxn01334_d0_f	0	0	0	0	0
rxn01345_d0	0	0	0	0	0
rxn01353_d0_f	0	0	0	0	0
rxn01486_d0	0	0	0	0	0
rxn01512_d0_f	0	0	0	0	0
rxn01644_d0	0	0	0	0	0
rxn01673_d0_f	0	0	0	0	0
rxn01678_d0_f	0	0	0	0	0
rxn01827_d0	0	0	0	0	0
rxn02212_d0	0	0	0	0	0
rxn02251_d0	0	0	0	0	0
rxn02305_d0_f	0	0	0	0	0
rxn02374_d0	0	0	0	0	0
rxn02475_d0	0	0	0	0	0
rxn02476_d0_f	0	0	0	0.026624203	0.0265522
rxn02507_d0	0	0	0	0	0
rxn02914_d0_f	0	0	0	0	0
rxn02928_d0_f	0	0	0	0	0
rxn02929_d0_f	0	0	0	0	0
rxn03080_d0	0	0	0	0	0
rxn03891_d0	0	0	0	0	0
rxn03892_d0	0	0	0	0	0
rxn03909_d0	0	0	0	0	0
rxn03910_d0	0	0	0	0	0
rxn04113_d0	0	0	0	0	0
rxn05023_d0	0	0	0	0	0
rxn05040_d0	0	0	0	0	0
rxn05104_d0	0	0	0	0	0
rxn05105_d0_f	0	0	0	0	0
rxn05106_d0	0	0	0	0	0
rxn05287_d0	0	0	0	0	0
rxn05736_d0	0	0	0	0	0
rxn08352_d0	0	0	0	0	0
rxn08756_d0	0	0	0	0	0
rxn09444_d0	0	0	0	0	0
rxn09449_d0	0	0	0	0	0
rxn09453_d0	0	0	0	0	0
rxn11040_d0_f	0	0	0	0	0
rxn11702_d0	0	0	0	0	0
rxn12282_d0	0	0	0	0	0
rxn14012_d0	0	0	0	0	0
rxn14085_d0	0	0	0	0	0
rxn15022_d0	0	0	0	0	0
rxn15069_d0_f	0	0	0	0	0
rxn15250_d0	0	0	0	0	0
rxn15271_d0_f	0	0	0	0	0
rxn15298_d0_f	0	0	0	0	0
rxn15493_d0_f	0	0	0	0	0
rxn15494_d0_f	0	0	0	0	0
rxn16426_d0	0	0	0	0	0
rxn16427_d0	0	0	0	0	0
rxn16428_d0	0	0	0	0	0
rxn17196_d0	0	0	0	0	0
rxn19071_d0	0	0	0	0	0
rxn19246_d0	0	0	0	0	0
rxn19253_d0	0	0	0	0	0
rxn19544_d0	0	0	0	0	0
rxn19545_d0	0	0	0	0	0
rxn19828_d0_f	0	0	0	0	0
rxn19900_d0	0	0	0	0	0
rxn20643_d0	0	0	0	0	0
rxn23155_d0_f	0	0	0	0	0
rxn23415_d0_f	0	0	0	0	0
rxn23805_d0	0	0	0	0	0
rxn24109_d0	0	0	0	0	0
rxn24310_d0	0	0	0	0	0
rxn24312_d0	0	0	0	0	0
rxn25661_d0_f	0	0	0	0	0
rxn25762_d0	0	0	0	0	0
rxn27029_d0	0	0	0	0	0
rxn27030_d0	0	0	0	0	0
rxn27259_d0	0	0	0	0	0
rxn27497_d0	0	0	0	0	0
rxn28082_d0_f	0	0	0	0	0
rxn31768_d0	0	0	0	0	0
rxn37266_d0_f	0	0	0	0	0
rxn37324_d0	0	0	0	0	0
rxn37610_d0	0	0	0	0	0
rxn44318_d0	0	0	0	0	0
rxn00917_d0	0	0	0	0	0
rxn00239_d0_f	0	0	0	0	0
rxn01007_d0	0	0	0	0	0
rxn00213_d0_f	0	0	0	0	0
rxn00416_d0	0	0	0	0	0
rxn00710_c0	0	0	0	0	0
rxn00001_d0_r	0	0	0	0	0
rxn00097_d0_r	0	0	0	0	0
rxn00191_d0_r	0	0	0	0	0
rxn00248_d0_r	0	0	0	0	0
rxn00272_d0_r	0	0	0	0	0
rxn00275_d0_r	0	0	0	0	0
rxn00391_d0_r	0	0	0	0	0
rxn00459_d0_r	0	0	0	0	0
rxn00711_d0	0	0	0	0	0
rxn00747_d0_r	0	0	0	0	0
rxn00777_d0_r	0	0	0	0	0
rxn00781_d0_r	0	0	0	0	0
rxn00782_d0_r	0	0	0	0	0
rxn00789_d0	0	0	0	0	0
rxn00790_d0	0	0	0	0	0
rxn00791_d0	0	0	0	0	0
rxn00830_d0_r	0	0	0	0	0
rxn00863_d0_r	0	0.002335787	0	0	0.001177192
rxn00929_d0_r	0	0	0	0	0
rxn00931_d0_r	0	0	0	0	0
rxn01101_d0_r	0	0	0	0	0
rxn01111_d0_r	0	0	0	0	0
rxn01115_d0_r	0	0	0	0	0
rxn01116_d0_r	0	0	0	0	0
rxn01208_d0	0	0	0	0	0
rxn01301_d0_r	0	0	0	0	0
rxn01302_d0_r	0	0	0	0	0
rxn01334_d0_r	0	0.000392914	0	0	0
rxn02159_d0_r	0	0.002009153	0	0	0.000917316
rxn02373_d0	0	0	0	0	0.000658542
rxn02402_d0	0	0	0	0	0
rxn02832_d0	0	0	0	0	0
rxn02928_d0_r	0	0	0	0	0
rxn02929_d0_r	0	0	0	0	0
rxn02988_d0	0	0	0	0	0
rxn03004_d0_r	0	0	0	0	0
rxn04996_d0	0	0	0	0	0
rxn05105_d0_r	0	0	0	0	0
rxn11040_d0_r	0	0	0	0	0
rxn15021_d0	0	0	0	0	0
rxn15069_d0_r	0	0	0	0	0
rxn15116_d0_r	0	0	0	0	0
rxn15271_d0_r	0	0	0	0	0
rxn15298_d0_r	0	0	0	0	0
rxn15364_d0_r	0	0	0	0	0
rxn15493_d0_r	0	0	0	0	0
rxn15494_d0_r	0	0	0	0	0
rxn19701_d0	0	0	0	0	0
rxn19828_d0_r	0	0	0	0	0
rxn20583_d0_r	0	0	0	0	0
rxn23155_d0_r	0	0	0	0	0
rxn23415_d0_r	0	0	0	0	0
rxn25750_d0_r	0	0	0	0	0
rxn28082_d0_r	0	0	0	0	0
rxn29919_d0_r	0	0	0	0	0
rxn00330_c0	0	0	0	0	0
rxn13360_d0_o	0	0	0	0	0
rxn09839_d0_i	2.64E-06	3.26E-06	0	1.87E-05	9.90E-06
rxn09839_d0_o	2.64E-06	3.26E-06	0	1.87E-05	9.91E-06
rxn28615_d0_f	5.50E-05	0	3.58E-06	0	0
rxn14248_d0_r	0.000167322	0.000199383	0.000118704	0.000148835	0.000202191
rxn27070_d0_f	0.000263588	0.000300252	0.000232079	0.000286605	0.000293941
rxn27072_d0_f	0.000263588	0.000300252	0.000232079	0.000286605	0.000293941
rxn27069_d0_f	0.000263588	0.000300252	0.00023208	0.000286605	0.000293941
rxn27071_d0_f	0.000263588	0.000300252	0.00023208	0.000286605	0.000293942
rxn25641_d0_r	0.000374198	0	0.000271916	0.000452161	0
rxn04674_d0	0.000404669	0.000373484	0.00041157	0.000427339	0.00040542
rxn05324_d0_r	0.000479579	0.001562595	0.001785874	0	0.001347423
rxn27073_d0_r	0.000527079	0.000599706	0.000464671	0.000573027	0.000587775
rxn27070_d0_r	0.00066781	0.000683314	0.000699133	0.00070122	0.000682349
rxn27072_d0_r	0.00066781	0.000683314	0.000699133	0.00070122	0.000682349
rxn27069_d0_r	0.00066781	0.000683314	0.000699134	0.000701221	0.000682349
rxn27071_d0_r	0.00066781	0.000683314	0.000699133	0.00070122	0.000682349
rxn13995_d0_r	0.000788719	0.000909553	0.000698517	0.000861866	0.000882029
rxn14156_d0_r	0.000788719	0.000909553	0.000698518	0.000861866	0.000882029
rxn14278_d0_r	0.000788719	0.000909553	0.000698518	0.000861866	0.000882029
rxn14059_d0_r	0.000788719	0.000909553	0.000698517	0.000861866	0.000882029
rxn14248_d0_f	0.000859881	0.000822889	0.000906207	0.000951155	0.000849632
rxn01637_d0_f	0.000915885	0.004092455	0	0	0
rxn03958_d0_r	0.000917435	0.000950694	0.001253367	0.001223683	0.00140214
rxn28615_d0_r	0.000957131	0.000221014	0.000977755	0.000778794	0.000167847
rxn02473_d0	0.000979554	0.005828718	0.000617942	0.002011877	0.00444351
rxn03175_d0_r	0.001024723	0.000563026	0.00043273	0.00086844	0.000469685
rxn01211_d0_r	0.001089573	0.001816034	0.000162721	0.001903176	0.002038837
rxn28083_d0_r	0.001272559	0.00138998	0.001607776	0.000400066	0.001453161
rxn01476_d0_r	0.001296043	0.001408696	0.001110792	0.001177549	0.00136888
rxn27073_d0_f	0.001335869	0.001366176	0.001398504	0.001402604	0.001364936
rxn00154_d0	0.001341343	0.000572681	0.00508523	0.001173496	0.00058198
rxn03062_d0_r	0.001343012	0.001800776	0.002649605	0.001382828	0.003213704
rxn09118_d0_i	0.001361822	0.001127996	0.001463523	0.00145512	0.001308724
rxn15116_d0_f	0.00138092	0.00110507	0.001395226	0.001331806	0.001466751
rxn14183_d0	0.001385146	0.001247535	0.001578428	0.001605332	0.001294635
rxn01332_d0	0.001430094	0.001772404	0.00078401	0.001627386	0.001722485
rxn00154_c0	0.001453757	0.001397386	0.001007229	0.001496762	0.001039594
rxn25641_d0_f	0.001459241	0.00280261	0.001530647	0.001488447	0.001456142
rxn00495_c0	0.001484186	0.001862556	0.001446277	0.00132066	0.001589328
rxn26013_d0	0.001583003	0.002180683	0.001519274	0.001527907	0.002002336
rxn00611_d0_f	0.001616359	0.00018239	0.001784802	0.002422571	0.001566887
rxn00409_d0_f	0.001696587	0	0.001666248	0.001450539	0.00130558
rxn11703_d0	0.001755682	0.001626963	0.002032439	0.001660912	0.001647169
rxn17469_d0_r	0.001805306	0.001868844	0.002608836	0.002998769	0.00174737
rxn09118_d0_o	0.001919995	0.002152515	0.001814231	0.001817851	0.001981659
rxn08730_d0_i	0.001943705	0.001238711	0.001964069	0.002234302	0.001787255
rxn13995_d0_f	0.002002076	0.002059402	0.002099263	0.002106404	0.002047943
rxn14156_d0_f	0.002002076	0.002059402	0.002099263	0.002106404	0.002047942
rxn14278_d0_f	0.002002076	0.002059402	0.002099263	0.002106404	0.002047942
rxn14059_d0_f	0.002002077	0.002059402	0.002099263	0.002106404	0.002047943
rxn24330_d0_f	0.002017558	0.001273394	0	0.003038988	0.002437875
rxn33186_d0_i	0.002032497	0.001625765	0.002130712	0.001975649	0.001756902
rxn02320_d0_f	0.002038777	0.000288248	0.002181053	0.001728296	0.002013087
rxn00179_d0_f	0.002057195	0.006287098	0.001419425	0.002075553	0.007719994
rxn28487_d0_r	0.002163291	0.002485514	0.003073752	0.00272429	0.002376199
rxn00832_d0	0.002229415	0.002996542	0.002570003	0.003330857	0.003368042
rxn01256_d0	0.002278537	0.00227958	0.001956046	0.002960801	0.002559215
rxn00313_d0	0.002356309	0.003029563	0.002327535	0.002192147	0.002643842
rxn02465_d0_f	0.002359959	0.003275675	0.001676273	0.002702813	0.002933844
rxn14102_d0	0.002423951	0.002296991	0.002803565	0.002486312	0.002329063
rxn14205_d0	0.002423951	0.002296991	0.002803565	0.002486312	0.002329063
rxn14308_d0	0.002423951	0.002296991	0.002803565	0.002486312	0.002329063
rxn14347_d0	0.002423951	0.002296991	0.002803565	0.002486312	0.002329063
rxn27709_d0	0.002453961	0.002140008	0.002725492	0.001809797	0.001589409
rxn00527_d0_f	0.002474546	0.002318859	0.002601028	0.00295198	0.002707839
rxn01116_d0_f	0.002537251	0.002343655	0.00214088	0.00178206	0.001379371
rxn02789_d0_f	0.002554059	0.002738714	0.001393557	0.002591372	0.002631903
rxn05350_d0_r	0.002615452	0.001154304	0.003562987	0.002964199	0.002724648
rxn29733_d0_i	0.002907854	0.002809145	0.002551212	0.00289505	0.00273901
rxn00493_d0_f	0.003233433	0.002988458	0.003403187	0.003871918	0.003545284
rxn37651_d0_f	0.003256917	0.003054977	0.003466606	0.002256036	0.002804399
rxn03958_d0_f	0.003619552	0.003593803	0.003756762	0.003946662	0.003912211
rxn28083_d0_f	0.003913403	0.003906369	0.003922701	0.002932072	0.003928781
rxn05024_d0_f	0.003980398	0.002460957	0.005089164	0.005211949	0.004277229
rxn03108_d0_f	0.004162133	0.003047943	0.003945589	0.003823638	0.003682137
rxn00527_d0_r	0.004214525	0.004457712	0.004058719	0.00451529	0.004549146
rxn_cpd00103_c0_o	0.004257611	0.003626854	0.004448367	0.004406096	0.004459626
rxn19905_d0	0.004323602	0.004330054	0.003637612	0.004661605	0.003952429
rxn08730_c0_i	0.004515512	0.00530939	0.004607276	0.005494022	0.005560712
rxn26037_d0_r	0.00455451	0.004428983	0.004218102	0.005463541	0.004934192
rxn37768_d0_r	0.004571609	0.004535501	0.004444792	0.004729234	0.004582576
rxn01636_d0_r	0.00463891	0.009967446	0.004504919	0.006854057	0.002622843
rxn37651_d0_r	0.004745126	0.005073905	0.004657984	0.004653454	0.004759908
rxn29919_d0_f	0.004937887	0.005274534	0.004429102	0.004737854	0.004764319
rxn37266_d0_r	0.004946232	0.00500679	0.005253315	0.004884005	0.005285144
rxn25661_d0_r	0.00499332	0.005324602	0.005594015	0.006091714	0.005288005
rxn02895_d0	0.005035967	0.006595004	0.005125746	0.005509075	0.006507944
rxn00493_d0_r	0.005296707	0.005630732	0.005092382	0.005698562	0.005739331
rxn02937_d0	0.005335908	0.009726513	0.00509382	0.007218473	0.00861539
rxn03062_d0_f	0.005371094	0.005565763	0.005934238	0.005414486	0.00605756
rxn01069_d0	0.005593121	0.005811036	0.006144807	0.005628325	0.006538071
rxn00392_d0_f	0.005620253	0.005464494	0.00566147	0.005627232	0.005647165
rxn37768_d0_f	0.005716858	0.00571818	0.005805281	0.005625569	0.005736032
rxn05350_d0_f	0.005911946	0.003503561	0.005699515	0.005473018	0.005974531
rxn00834_d0_r	0.005998612	0.006459117	0.006299138	0.004796982	0.004959345
rxn00611_d0_r	0.006060958	0.005278111	0.006231546	0.006530702	0.006309986
rxn03135_d0	0.006156686	0.007944716	0.006035588	0.006053049	0.007042421
rxn00839_d0_r	0.006264567	0.005603313	0.006337106	0.006130338	0.006080389
rxn01353_d0_r	0.006264567	0.005603313	0.006337106	0.006130338	0.006080389
rxn01512_d0_r	0.006264567	0.005603313	0.006337106	0.006130338	0.006080389
rxn01673_d0_r	0.006264567	0.005603313	0.006337106	0.006130338	0.006080389
rxn01678_d0_r	0.006264567	0.005603313	0.006337106	0.006130338	0.006080389
rxn00506_d0_r	0.006277919	0.005447745	0.007020593	0.005849361	0.005678177
rxn01611_c0	0.006304197	0.006594666	0.006258945	0.006172595	0.006399829
rxn15280_d0_f	0.006358743	0.007870346	0.00636828	0.006390452	0.00698179
rxn01539_d0	0.006428943	0.006471846	0.006462124	0.006559732	0.006734011
rxn01200_d0_r	0.006431222	0.00653708	0.006060481	0.006093741	0.005748868
rxn02305_d0_r	0.006664813	0.006297588	0.006660104	0.006650806	0.006362319
rxn25649_d0_r	0.006668687	0.006768227	0.006046176	0.00563848	0.006397367
rxn33186_d0_o	0.006732409	0.006640256	0.006718171	0.006660884	0.006614933
rxn02789_d0_r	0.006803393	0.006688714	0.005797982	0.006649256	0.007201612
rxn03907_d0_f	0.006857514	0.006514311	0.005981743	0.00677824	0.006798983
rxn06556_d0_r	0.007763641	0.007781533	0.007684264	0.007597683	0.007828352
rxn26477_d0_f	0.007914901	0.008072734	0.007878184	0.007888198	0.007935405
rxn03137_d0_r	0.008013845	0.008055329	0.007895231	0.008019328	0.008162975
rxn00208_d0	0.008125497	0.008352468	0.00822513	0.008109632	0.008236612
rxn02380_d0_f	0.008204818	0.008113623	0.008234382	0.008043647	0.008042455
rxn02380_d0_r	0.008220553	0.008030891	0.008291602	0.008463502	0.008391738
rxn01100_d0_r	0.008244872	0.007784128	0.008164883	0.007582188	0.007729769
rxn09817_d0_i	0.00824865	0.009413657	0.007980839	0.008674881	0.008909958
rxn08392_d0_f	0.008351684	0.008585691	0.006547451	0	0.00793612
rxn00211_d0_r	0.008409023	0.007839263	0.008351207	0.008641958	0.008501053
rxn00459_d0_f	0.008506298	0.006048679	0.009103775	0.007546425	0.008485794
rxn01652_d0_r	0.00865674	0.008910656	0.01021558	0.00885129	0.009050727
rxn00720_d0_f	0.008700013	0.007902145	0.008727074	0.00869596	0.008638263
rxn19027_d0_f	0.008700013	0.008611202	0.008727074	0.00869596	0.008638263
rxn27318_d0_f	0.008700013	0.008611321	0.008972406	0.008926988	0.008886933
rxn25647_d0_f	0.008929133	0	0.000676513	0.000672698	0.008280277
rxn03004_d0_f	0.008998394	0.011046648	0.009363174	0.009598494	0.011112154
rxn01396_d0_f	0.009020686	0.009284854	0.008989334	0.008947253	0.008876085
rxn00211_d0_f	0.009249687	0.008492529	0.009395242	0.008725882	0.008401871
rxn01396_d0_r	0.009322763	0.009211898	0.009412289	0.009187818	0.009117603
rxn03147_d0	0.009343267	0.012656771	0.009154249	0.011232652	0.011940442
rxn28487_d0_f	0.009412646	0.009884119	0.009818971	0.010165095	0.009788871
rxn03084_d0	0.009595189	0.012855157	0.009479687	0.010524578	0.011992082
rxn01361_c0_f	0.009671134	0.007768917	0.010352385	0.009257863	0.008325056
rxn01106_d0_r	0.00972414	0.007757902	0.009702206	0.009215832	0.010222435
rxn00506_d0_f	0.009773612	0.009387851	0.009990096	0.009496927	0.009572029
rxn09817_d0_o	0.009789072	0.005724264	0.01147149	0.00870401	0.006275539
rxn02474_d0_f	0.009881854	0.010099649	0.009936571	0.007118464	0.00982368
rxn19029_d0_r	0.009902835	0.010131478	0.009737611	0.009906054	0.010017037
rxn19029_d0_f	0.010345221	0.010523915	0.010314345	0.010385156	0.010465741
rxn01258_d0_f	0.010426939	0.011407614	0.010847032	0.011189133	0.011411309
rxn01258_d0_r	0.010427415	0.011282444	0.011197567	0.011106044	0.011319399
rxn05324_d0_f	0.010457516	0.010284662	0.010227084	0.008274138	0.010676265
rxn02835_d0_r	0.010915458	0.009578943	0.009640932	0.010341764	0.00993979
rxn02811_d0_f	0.01100719	0.01147306	0.012867332	0.011006117	0.013044179
rxn01465_d0_f	0.011109948	0.010531306	0.011799812	0.012588739	0.012442946
rxn26037_d0_f	0.011115313	0.011264682	0.01107192	0.011667907	0.011665344
rxn01476_d0_f	0.011443853	0.011370301	0.011321783	0.011781931	0.011882663
rxn17469_d0_f	0.011543989	0.011658073	0.012063205	0.012428939	0.011512518
rxn15280_d0_r	0.011559129	0.012773633	0.011549115	0.011608958	0.011950493
rxn24330_d0_r	0.011941612	0.010996699	0.009059042	0.012248412	0.011285886
rxn01249_d0_f	0.012094617	0.01192373	0.012176156	0.012152791	0.011480629
rxn06556_d0_f	0.012105339	0.012329242	0.012076722	0.012304712	0.012412054
rxn05338_d0_r	0.012173533	0.012830019	0.013473868	0.014487147	0.013273597
rxn26477_d0_r	0.012218595	0.012421012	0.012363553	0.012240529	0.012324929
rxn00720_d0_r	0.012318492	0.012283325	0.01231575	0.012295842	0.012298942
rxn27318_d0_r	0.012318492	0.012285352	0.012207389	0.012173414	0.012194157
rxn19027_d0_r	0.012318611	0.012285233	0.01231575	0.012295842	0.012298942
rxn00237_d0_r	0.012494326	0.020348549	0.012376428	0.011656225	0.01202184
rxn00124_d0_f	0.012582183	0.012111425	0.012544155	0.012529492	0.012326241
rxn00834_d0_f	0.012656093	0.013553262	0.013493657	0.013032436	0.013024092
rxn01974_d0_r	0.012691379	0.011493444	0.012233138	0.013363779	0.012558341
rxn05326_d0_r	0.01283896	0.013951778	0.011832714	0	0.013816476
rxn02484_d0_f	0.013030946	0.006689668	0.012799621	0.012742758	0.012465596
rxn00239_d0_r	0.013038993	0.012062192	0.012696385	0.0115242	0.012332439
rxn00179_d0_r	0.013169646	0.015491962	0.012898803	0.013124943	0.014739513
rxn00121_d0	0.013283014	0.013764977	0.013284147	0.013424337	0.013401091
rxn01637_d0_r	0.013614893	0.014294744	0.014135718	0.012208283	0.011197329
rxn02320_d0_r	0.013866484	0.019896269	0.013398647	0.015738487	0.019896626
rxn19343_d0	0.014259152	0.013696857	0.012413987	0.014578719	0.012221396
rxn05039_d0	0.014394006	0.014324346	0.014402558	0.014482082	0.014623029
rxn00409_d0_r	0.014696837	0.012793064	0.014492691	0.014374137	0.01403892
rxn25716_d0_f	0.014826775	0.014977694	0.011832595	0.014773965	0.014200807
rxn25750_d0_f	0.014909029	0.014987707	0.014344573	0.016354263	0.015403867
rxn00802_d0_r	0.015182614	0.016301632	0.015620947	0.021146297	0.016479135
rxn00394_d0_r	0.015198946	0.015026689	0.01603067	0.014926314	0.015006185
rxn01917_d0_r	0.01522398	0.017259121	0.010090828	0.016215205	0.016558409
rxn13360_d0_i	0.015228826	0.015457624	0.015220014	0.015032087	0.0153528
rxn01643_d0_f	0.015237927	0.017193496	0.014905453	0.016147375	0.01619041
rxn00117_d0_r	0.015242219	0.015020371	0.015437841	0.015108585	0.015228987
rxn02465_d0_r	0.015474598	0.01389628	0.016285703	0.015388111	0.014778899
rxn00213_d0_r	0.015571833	0.015496254	0.015547991	0.015521765	0.015446663
rxn15364_d0_f	0.015574813	0.014929771	0.015323997	0.015245557	0.015027881
rxn03908_d0_f	0.015746117	0.013604403	0.015750885	0.01539588	0.014949679
rxn05325_d0_r	0.015798688	0.015736818	0.016180754	0.000855804	0.016117215
rxn25662_d0_f	0.015814781	0.016222477	0.01589799	0.016426444	0.016088963
rxn18936_d0_f	0.015907168	0.015784025	0.016053915	0.016565919	0.016221285
rxn15166_d0	0.015930643	0.014370949	0.012792416	0.016227435	0.011742176
rxn00907_d0_r	0.016137123	0.016331911	0.017187953	0.016991496	0.017027736
rxn01807_d0_f	0.016226172	0.015961051	0.01617217	0.016249537	0.015937805
rxn01975_d0_r	0.016345382	0.016204	0.016374111	0.013911128	0.013997674
rxn01636_d0_f	0.016473532	0.019170523	0.017402649	0.018043995	0.012861431
rxn01740_d0_r	0.016620278	0.015832305	0.017057538	0.015840054	0.015914202
rxn00777_d0_f	0.016670227	0.018247604	0.015670776	0.016017914	0.016443253
rxn05338_d0_f	0.016922116	0.017684221	0.016857147	0.017098904	0.01730144
rxn20583_d0_f	0.016941786	0.016639471	0.016772509	0.016810179	0.01666379
rxn00770_d0_f	0.0169518	0.01528573	0.017038584	0.015435815	0.014501095
rxn15435_d0_f	0.017304778	0.017436087	0.017940044	0.017637074	0.01751399
rxn13365_d0_i	0.01731319	0.017334988	0.017404057	0.01744413	0.017664557
rxn00863_d0_f	0.017341137	0.023630977	0.01719582	0.0191046	0.02308309
rxn03175_d0_f	0.017379522	0.018171191	0.017391205	0.017662048	0.0177418
rxn02213_d0_f	0.01751411	0.01716435	0.018002152	0.017050266	0.017168283
rxn02834_d0	0.017704507	0.01886429	0.018779855	0.018605426	0.01893809
rxn01975_d0_f	0.017803311	0.017464757	0.017914295	0.0161767	0.01612258
rxn02159_d0_f	0.017926931	0.027765512	0.017597556	0.020874143	0.02693212
rxn25647_d0_r	0.017965078	0.009201407	0.009281576	0.011059463	0.017942667
rxn05326_d0_f	0.018007994	0.019191027	0.017947793	0.004986107	0.018463492
rxn19242_d0_f	0.01808989	0.018320441	0.018011928	0.018474698	0.018269181
rxn03137_d0_f	0.018132806	0.019190907	0.01816833	0.018792748	0.019201636
rxn05343_d0_r	0.01813364	0	0.004463971	0.004498899	0.017923832
rxn01807_d0_r	0.018253207	0.017609477	0.018231153	0.018131375	0.017722607
rxn05024_d0_r	0.018363476	0.017362118	0.01870811	0.018936634	0.018154621
rxn00392_d0_r	0.01861133	0.018483356	0.018704293	0.018609151	0.018579554
rxn01361_c0_r	0.01886011	0.020759214	0.018196214	0.019442212	0.020315891
rxn05343_d0_f	0.018998027	0.000161171	0.006619811	0.007192254	0.019260645
rxn01652_d0_f	0.019220829	0.018993378	0.01988095	0.019296646	0.019089341
rxn10929_d0_o	0.01926108	0.020526435	0.018468564	0.019674063	0.01998911
rxn01111_d0_f	0.019428253	0.021059036	0.018611908	0.019350052	0.020187378
rxn03907_d0_r	0.019487977	0.019137144	0.01815337	0.019414663	0.019130468
rxn02811_d0_r	0.019502044	0.019960642	0.020566106	0.019605637	0.020463228
rxn00693_d0_r	0.01952684	0.01963079	0.020133853	0.019564629	0.020229459
rxn00974_d0_f	0.019580245	0.015770853	0.019455075	0.019551158	0.01567471
rxn08436_d0_r	0.01958704	0.019484758	0.018775105	0.019392729	0.019362688
rxn03136_d0_r	0.01961106	0.028846145	0.02536118	0.027154326	0.028847575
rxn05345_d0_f	0.019816995	0	0.003333688	0.002895951	0.019817352
rxn05335_d0_f	0.019880414	0.020400524	0.020224333	0.019442677	0.020148516
rxn19240_d0_f	0.02012074	0.020431757	0.020032644	0.020525813	0.020393848
rxn00692_d0_r	0.020135045	0.022575974	0.020106316	0.020527601	0.021970034
rxn01974_d0_f	0.020228863	0.020129204	0.0201087	0.020703018	0.020575166
rxn01643_d0_r	0.020560384	0.021970034	0.019589186	0.021151066	0.02160573
rxn01011_d0_r	0.020572543	0.021192193	0.021142125	0.020661235	0.021647573
rxn37018_d0_f	0.02058065	0.022179604	0.020145237	0.019993365	0.019529939
rxn02474_d0_r	0.02069819	0.02093649	0.020727396	0.017957687	0.020796895
rxn05342_d0_r	0.020869613	0.021224499	0.021792531	0.020721316	0.021111846
rxn01917_d0_f	0.020899892	0.020442605	0.017362833	0.021420717	0.020876527
rxn01257_d0_f	0.020995498	0.021580458	0.021364808	0.020052433	0.021212816
rxn05325_d0_f	0.02104497	0.021661282	0.020639539	0.00432533	0.020862937
rxn00689_d0_f	0.021113157	0.020622253	0.01984787	0.019946098	0.018931985
rxn25662_d0_r	0.021184921	0.021136284	0.021122932	0.020799994	0.021108389
rxn03108_d0_r	0.021435201	0.02040553	0.021317124	0.020896435	0.020516276
rxn00077_d0_f	0.021446586	0.020485997	0.021511197	0.021516204	0.02033031
rxn25649_d0_f	0.021526694	0.021595478	0.021197557	0.021635056	0.021837354
rxn01362_c0_r	0.02156341	0.020148039	0.022032738	0.02107966	0.020780802
rxn27927_d0	0.021799002	0.031880975	0.021269737	0.026029207	0.03105801
rxn00693_d0_f	0.022354722	0.022113323	0.022127867	0.022527337	0.02179277
rxn10929_d0_i	0.022731256	0.022391107	0.022571461	0.022649061	0.023001771
rxn01249_d0_r	0.02310586	0.023237407	0.023127675	0.023092031	0.022310913
rxn05331_d0_f	0.023193002	0.024491549	0.02471447	0.025738835	0.02429843
rxn14142_d0_r	0.023303866	0.02319634	0.023466706	0.023433566	0.023306012
rxn14261_d0_r	0.023303866	0.02319634	0.023466706	0.023433566	0.023306012
rxn24358_d0_r	0.023303866	0.02319634	0.023466706	0.023433566	0.023306012
rxn24362_d0_r	0.023303866	0.02319634	0.023466706	0.023433566	0.023306012
rxn01465_d0_r	0.02339083	0.016175747	0.026636004	0.022842407	0.019176006
rxn00974_d0_r	0.023577094	0.01923132	0.023501992	0.02353847	0.019479394
rxn00175_d0	0.023630789	0.02567803	0.021624753	0.023794528	0.024188189
rxn27266_d0_f	0.023713231	0.02073142	0.023713946	0.023855329	0.0238055
rxn19242_d0_r	0.024012566	0.02409792	0.024138093	0.023877382	0.024188519
rxn09121_c0_i	0.024262624	0.021103203	0.02452842	0.02714027	0.025220564
rxn05465_d0_r	0.02463901	0.023069263	0.021217704	0.022578359	0.022282302
rxn19241_d0_f	0.024817348	0.025446773	0.024647713	0.02565527	0.025366306
rxn02476_d0_r	0.02489245	0.024314284	0.025041103	0.052054405	0.051431656
rxn01257_d0_r	0.02500856	0.025531769	0.024980307	0.024624348	0.02518034
rxn19240_d0_r	0.025086045	0.025243402	0.025199652	0.024974942	0.02535224
rxn00689_d0_r	0.025358438	0.024601698	0.02404499	0.023194432	0.022987366
rxn25747_d0_r	0.025374293	0.026398897	0.027044773	0.001026511	0.026751637
rxn01434_d0	0.02649533	0.024152122	0.025968634	0.02606479	0.024577089
rxn05340_d0_r	0.026717544	0.027540922	0.028485894	0.029078603	0.027607083
rxn05345_d0_r	0.026856422	0.006428838	0.008946359	0.009489596	0.02682972
rxn18937_d0_f	0.026865363	0.027107	0.025825262	0.026393771	0.026739359
rxn02484_d0_r	0.02753812	0.021444798	0.027397037	0.027025342	0.026634932
rxn15435_d0_r	0.027611375	0.02702707	0.027395964	0.02724725	0.026806831
rxn29733_d0_o	0.027647553	0.029173117	0.026429137	0.028127223	0.028243482
rxn18936_d0_r	0.027683854	0.028732896	0.027530551	0.027436733	0.0279634
rxn00361_d0_f	0.027882457	0.027542472	0.028782666	0.024604827	0.003725946
rxn08217_c0_o	0.027928354	0.027822472	0.02796535	0.027927333	0.027965993
rxn08392_d0_r	0.028063297	0.028017044	0.02789247	0.02042538	0.028247476
rxn01739_d0_f	0.02808106	0.02659285	0	0.026358604	0
rxn03136_d0_f	0.028244734	0.039032817	0.03446603	0.037304997	0.03903401
rxn09121_d0_i	0.028250832	0.025001489	0.031535365	0.031824246	0.029808763
rxn19686_d0_f	0.028258204	0.029264927	0.029585361	0.030963063	0.029631376
rxn03908_d0_r	0.02829051	0.026702642	0.028107405	0.027813911	0.02722156
rxn00124_d0_r	0.02837503	0.028023839	0.028398037	0.028154016	0.027966022
rxn13365_d0_o	0.028394774	0.028334105	0.028243646	0.028878242	0.028610067
rxn08217_c0_i	0.029148629	0.029276494	0.02911563	0.029174982	0.029146604
rxn01211_d0_f	0.029414773	0.032622218	0.028692007	0.031190753	0.03279078
rxn25718_d0_r	0.029531121	0.030135393	0.02690649	0.029218197	0.029251099
rxn07441_d0_f	0.029895127	0.028880358	0.02965802	0.030368328	0.03062445
rxn05465_d0_f	0.030213833	0.030017614	0.029970646	0.030391216	0.029692173
rxn14094_d0_r	0.031070828	0.030928493	0.031265616	0.031244397	0.031074405
rxn24360_d0_r	0.031070828	0.030928493	0.031265616	0.031244397	0.031074405
rxn00337_d0_r	0.03158605	0.032901406	0.03129351	0.032940865	0.033165097
rxn05348_d0_f	0.031595826	0	0.006222129	0.006440282	0.031998396
rxn19241_d0_r	0.031719685	0.03221166	0.031754017	0.032033443	0.032268167
rxn05342_d0_f	0.03226149	0.03223014	0.032071114	0.032268524	0.03261435
rxn05340_d0_f	0.032264113	0.032171726	0.032337904	0.03243971	0.032338977
rxn05348_d0_r	0.032332897	0	0.005146325	0.004794538	0.031892538
rxn05330_d0_f	0.03248799	0.03309536	0.03209877	0.032869697	0.033005238
bio1_biomass	0.03264245	0.032924168	0.032682437	0.03250655	0.032747608
rxn25747_d0_f	0.0329113	0.033115864	0.032933593	0.005720556	0.033176303
rxn00337_d0_f	0.03297031	0.03389001	0.03144598	0.033576727	0.0344007
rxn05337_d0_r	0.033038497	0.0335474	0.032826304	0.033537626	0.03349912
rxn25637_d0_f	0.033155084	0.03401661	0.033009887	0.03333366	0.033631444
rxn25743_d0_f	0.03341925	0.03438711	0.03321576	0	0.034103513
rxn05346_d0_f	0.033478618	0	0	0	0.033950567
rxn19345_d0	0.033627447	0.034090463	0.03273431	0.03349579	0.032956965
rxn14142_d0_f	0.03417909	0.034237266	0.034263015	0.03425324	0.034307837
rxn14261_d0_f	0.03417909	0.034237266	0.034263015	0.03425324	0.034307837
rxn24358_d0_f	0.03417909	0.034237266	0.034263015	0.03425324	0.034307837
rxn24362_d0_f	0.03417909	0.034237266	0.034263015	0.03425324	0.034307837
rxn39241_d0_i	0.03561449	0.035873294	0.031763434	0.034408927	0.03134966
rxn11700_d0_r	0.03566277	0.0358814	0.035859823	0.035961866	0.035887957
rxn02938_d0_f	0.03578937	0.054509163	0.035483718	0.035077453	0.034837127
rxn_cpd00103_c0_i	0.03587264	0.037500456	0.03528468	0.03576321	0.036242183
rxn02835_d0_f	0.03619653	0.03639531	0.03612268	0.036653996	0.0366807
rxn01011_d0_f	0.036346555	0.036201596	0.036494374	0.035887122	0.03591001
rxn08436_d0_f	0.036782146	0.03702271	0.036616683	0.036544323	0.03692341
rxn05346_d0_r	0.036834	0.002439141	0.00355202	0.002713263	0.036529303
rxn25719_d0_f	0.036937237	0.060583353	0.05224645	0.05941975	0.059675217
rxn39241_d0_o	0.037168503	0.03690493	0.033017218	0.035849094	0.032770455
rxn17803_d0_f	0.037237406	0.037611246	0.033931434	0.03723097	0.037335515
rxn01207_d0_f	0.037471175	0.037843347	0.04008627	0.03767574	0.040309668
rxn17744_d0_f	0.03750956	0.037866473	0.040081978	0.03768909	0.040294886
rxn02213_d0_r	0.03758025	0.03691995	0.037989497	0.037218094	0.03699851
rxn08766_d0_f	0.03788817	0.03867209	0.028312922	0.037863135	0.038315654
rxn01362_c0_f	0.038012743	0.03853202	0.037728786	0.03782177	0.038160443
rxn37018_d0_r	0.038272023	0.04053104	0.038163006	0.03765303	0.0372622
rxn19030_d0_f	0.03858924	0.039123774	0.038245082	0.038755536	0.038973212
rxn05337_d0_f	0.038749814	0.03866577	0.039010286	0.03873098	0.03848231
rxn00899_d0_f	0.0388366	0.039404035	0.04201746	0.039168954	0.04237008
rxn00499_c0_r	0.03891909	0.039498687	0.038760662	0.03905785	0.039292216
rxn39242_d0_o	0.038943052	0.039878964	0.035180807	0.030748487	0.034576416
rxn01740_d0_f	0.0395298	0.038172364	0.039796233	0.038939238	0.03829193
rxn05331_d0_r	0.039566636	0.039753556	0.039479136	0.040174484	0.03997016
rxn00394_d0_f	0.039747953	0.038672328	0.04007089	0.039598823	0.03883016
rxn00499_c0_f	0.040311813	0.039483488	0.03978634	0.04018998	0.040032268
rxn01018_d0	0.041027058	0.033650577	0.043057825	0.03842018	0.03483817
rxn05335_d0_r	0.04164207	0.04198277	0.04115379	0.0420115	0.042243004
rxn04954_c0_r	0.041648626	0.041885197	0.03252387	0.041502714	0.042421818
rxn17744_d0_r	0.041707397	0.041983247	0.04500866	0.041764855	0.045081854
rxn07441_d0_r	0.04189509	0.041695952	0.041654944	0.042135835	0.042587638
rxn01019_d0	0.04221455	0.039012335	0.042171888	0.041686475	0.03997754
rxn00077_d0_r	0.042482972	0.041359782	0.042755723	0.042188764	0.04130304
rxn01207_d0_r	0.042637706	0.042936683	0.045982838	0.042715907	0.046068907
rxn19686_d0_r	0.0430125	0.043636203	0.042839408	0.04323411	0.043498993
rxn11700_d0_f	0.043061614	0.043275952	0.042696834	0.04314673	0.04318893
rxn00899_d0_r	0.043513417	0.044003844	0.047424316	0.043721557	0.047638178
rxn19030_d0_r	0.044295907	0.044543147	0.044494748	0.044443488	0.044531465
rxn00800_d0_f	0.044442415	0.06780279	0.065710664	0.07082713	0.066581964
rxn01102_d0_f	0.044668674	0.043135166	0.03551072	0.03624338	0.017481387
rxn00802_d0_f	0.04482937	0.043890715	0.04482627	0.051018238	0.044543028
rxn18935_d0_f	0.04518807	0.047170162	0.044778585	0.046224713	0.046438932
rxn14094_d0_f	0.045571446	0.045649648	0.045668006	0.045670867	0.045743585
rxn24360_d0_f	0.045571446	0.045649648	0.045668006	0.045670867	0.045743585
rxn02938_d0_r	0.04599476	0.06998348	0.04536128	0.047657013	0.048681617
rxn25743_d0_r	0.046028376	0.045567274	0.046031117	0.011582315	0.04564607
rxn04954_c0_f	0.046125054	0.044971287	0.036273718	0.045886397	0.046075106
rxn05330_d0_r	0.04655111	0.04687059	0.046877265	0.04658866	0.04647255
rxn00800_d0_r	0.04666245	0.068883896	0.06715298	0.073227406	0.06805503
rxn00907_d0_f	0.04674208	0.04863131	0.046863317	0.04821694	0.048944592
rxn25716_d0_r	0.046795845	0.047367334	0.046749115	0.04803157	0.047611356
rxn39242_d0_i	0.047146082	0.047013402	0.04221624	0.039007902	0.041752398
rxn25637_d0_r	0.047815442	0.047314167	0.047849894	0.04785824	0.04757631
rxn08766_d0_r	0.049310207	0.048897147	0.0398314	0.04954791	0.049248815
rxn00097_d0_f	0.051207542	0.04998684	0.049764633	0.051380157	0.05112362
rxn03983_d0_f	0.05141723	0.04582584	0.05163443	0.05226171	0.05198586
rxn18937_d0_r	0.05194199	0.052065253	0.05185759	0.05235839	0.052435875
rxn00148_d0_r	0.052206516	0.04828167	0.05423355	0.05114603	0.051424026
rxn00086_d0_f	0.053524256	0.054456472	0.053778887	0.054344773	0.05373025
rxn00361_d0_r	0.055589557	0.05485916	0.055994093	0.051445335	0.030579984
rxn17803_d0_r	0.055750728	0.055886626	0.052171707	0.056026578	0.05595386
rxn29785_d0_i	0.056275323	0.05268126	0.05588937	0.055413477	0.053771157
rxn00257_c0_f	0.056657434	0.05658233	0.056723475	0.056722283	0.056907654
rxn00018_d0	0.058120728	0.05921936	0.057373047	0.05725479	0.05830002
rxn01739_d0_r	0.058212876	0.05600488	0.029807508	0.05672884	0.029386401
rxn00257_c0_r	0.06354129	0.063400984	0.06351805	0.063649654	0.063521504
rxn00770_d0_r	0.06368327	0.064603806	0.06297076	0.06136322	0.060642004
rxn29785_d0_o	0.06515698	0.068398915	0.065024875	0.06560302	0.06757763
rxn07579_d0_f	0.06674492	0.0672853	0.030347943	0.061279356	0.067005396
rxn18935_d0_r	0.067445636	0.06800568	0.06723535	0.06790733	0.06783509
rxn13361_d0_i	0.06794863	0.07098865	0.06810883	0.068569936	0.07016246
rxn25718_d0_f	0.06800437	0.06857395	0.06779504	0.06849885	0.068689466
rxn00249_d0_r	0.06848069	0.0738835	0.0689947	0.069486536	0.071990624
rxn13361_d0_o	0.06965139	0.065787084	0.069661885	0.06878292	0.066908285
rxn01102_d0_r	0.07663202	0.07409155	0.066616595	0.06720847	0.046920538
rxn00420_d0	0.07771066	0.08169615	0.07668692	0.07768729	0.07946665
rxn27266_d0_r	0.07774806	0.074368566	0.077665806	0.077760935	0.07756293
rxn02914_d0_r	0.0787406	0.08316481	0.077646494	0.07834864	0.08053362
rxn01101_d0_f	0.07909536	0.08375293	0.07820618	0.07769704	0.08067548
rxn00260_d0_f	0.079630375	0.087393284	0.0788455	0.08298886	0.08428979
EX_cpd00008_e0_o	0.08209331	0.082865395	0.082694635	0.08154444	0.08228519
rxn20632_y0	0.08452797	0.08400154	0.08450508	0.084344864	0.084098816
rxn25719_d0_r	0.08629346	0.10955727	0.103423834	0.10906267	0.10960233
rxn10967_d0_o	0.08801908	0.08768504	0.087328635	0.087416075	0.088007085
rxn00102_d0_f	0.089432	0.0831697	0.09069407	0.08798468	0.086019516
rxn03983_d0_r	0.09437084	0.08828974	0.09422207	0.09479284	0.09453201
rxn00086_d0_r	0.09793258	0.0983969	0.09780896	0.09832275	0.0977478
rxn00414_d0	0.10092851	0.090169765	0.10283119	0.09753157	0.09209646
rxn00161_d0_f	0.10113561	0.10661852	0.10167658	0.10284507	0.10521555
rxn05238_d0_o	0.101258606	0.10124738	0.10103737	0.10126109	0.101066194
rxn05238_d0_i	0.10265855	0.10263793	0.10243164	0.10265316	0.10245291
rxn24508_d0_f	0.106851816	0.10618913	0.106517196	0.10710573	0.10640395
rxn31154_d0_o	0.10950907	0.11115175	0.10953512	0.11013979	0.11100296
rxn07579_d0_r	0.10973823	0.10960114	0.07455611	0.10402578	0.11011648
rxn11013_d0_i	0.11305331	0.11221822	0.112824745	0.11260899	0.1126972
EX_cpd00007_e0_o	0.11738127	0.11589331	0.117407374	0.117205426	0.11680051
rxn10967_d0_i	0.120643325	0.120562635	0.12132076	0.12074954	0.12073668
rxn29318_d0_i	0.12895334	0.12844573	0.12881422	0.12956077	0.12921256
rxn24508_d0_r	0.15123177	0.1501118	0.15099287	0.1513381	0.15084553
rxn05468_d0_i	0.15216747	0.15256539	0.15183029	0.1521217	0.15218087
rxn11013_d0_o	0.1523458	0.15200092	0.1530731	0.15314193	0.15247317
rxn20595_y0	0.15587234	0.15488815	0.15581131	0.15560532	0.15511703
rxn29240_d0_f	0.15701635	0.15631907	0.15704055	0.15736958	0.15715809
rxn00260_d0_r	0.16834569	0.1690669	0.16716588	0.16920447	0.16687906
rxn00249_d0_f	0.1749248	0.17320684	0.17465183	0.17408147	0.17231394
rxn00799_c0_f	0.179649	0.17963558	0.1789338	0.19469851	0.1795857
rxn00161_d0_r	0.18597531	0.1841873	0.18415058	0.18539321	0.18405128
rxn09736_d0_o	0.19416179	0.19288892	0.19236296	0.19640608	0.19303334
rxn29318_d0_o	0.19421399	0.19492532	0.19451165	0.19435066	0.19491354
rxn00102_d0_r	0.2136538	0.1963098	0.21723247	0.20894098	0.20138454
rxn05238_c0_o	0.21763171	0.21763891	0.21762827	0.21763486	0.21763913
rxn05238_c0_i	0.22034313	0.22033158	0.22032836	0.22033055	0.22032411
rxn00799_c0_r	0.22199655	0.2223295	0.22244918	0.23802733	0.22225714
rxn00069_d0_r	0.22966826	0.23324597	0.22855675	0.22535181	0.23003507
rxn08173_y0	0.24039623	0.23884462	0.24032313	0.23994274	0.2391771
rxn29240_d0_r	0.24368538	0.24371465	0.24418561	0.24347869	0.24375756
rxn05468_c0_i	0.26090592	0.2615693	0.2608683	0.26100647	0.26118177
rxn05468_d0_o	0.27427125	0.2734629	0.2739097	0.27391332	0.27380395
rxn_cpd00008_c0_i	0.28318352	0.28283057	0.2828368	0.28358734	0.28319326
rxn26754_d0	0.2957077	0.2938156	0.29558563	0.29524994	0.29421234
rxn00187_d0	0.34538484	0.3430283	0.3460424	0.33619225	0.33754635
rxn05467_d0_o	0.34808615	0.35452992	0.3498117	0.35089362	0.35257956
EX_cpd00011_e0_i	0.35202843	0.33822542	0.3507301	0.34660095	0.34288645
rxn05319_d0_o	0.35365525	0.35286534	0.35465622	0.35382614	0.35447583
rxn_cpd00008_c0_o	0.3642997	0.36472872	0.36453635	0.3641274	0.36450562
rxn05468_c0_o	0.37767327	0.37684432	0.37765914	0.3775956	0.3773706
rxn09121_c0_o	0.4602401	0.45939502	0.46293607	0.45863265	0.45928034
rxn09121_d0_o	0.46973234	0.46879724	0.47536448	0.4687505	0.46890733
rxn05467_c0_o	0.47113922	0.47790274	0.47255185	0.4736827	0.47523856
rxn09736_c0_o	0.50272983	0.50229996	0.5017125	0.50365895	0.50231373
rxn05319_c0_o	0.51452196	0.5130575	0.51543933	0.5140465	0.51409245
rxn09736_d0_i	0.5194533	0.5169099	0.5211041	0.51225364	0.5143913
EX_cpd11632_e0_i	0.63548243	0.6314588	0.6352664	0.6342786	0.63225526
rxn05467_d0_i	0.69555205	0.6881636	0.6952611	0.69297504	0.6904893
rxn31154_d0_i	0.74428374	0.74190277	0.7440938	0.7437106	0.74255043
EX_cpd00001_e0_i	0.7572075	0.7598535	0.75507385	0.75792557	0.7571095
EX_cpd00067_e0_o	0.7869508	0.78123367	0.7895919	0.78444904	0.78101337
rxn08730_c0_o	0.79075855	0.78583527	0.79349136	0.78923523	0.78586626
EX_cpd00009_e0_i	0.8016026	0.7990394	0.7998698	0.8054147	0.8023801
rxn08730_d0_o	0.80388796	0.8025427	0.8068163	0.8021323	0.8002824
rxn05467_c0_i	0.82069033	0.81365085	0.82066894	0.8178063	0.81564766
rxn09736_c0_i	0.8300761	0.8279973	0.83254635	0.8217247	0.82562125
EX_cpd00048_e0_o	1	1	1	1	1
EX_cpd00048_e0_i	1.0038459	1.0038178	1.003829	1.0038224	1.0038064
rxn05319_d0_i	1.0551395	1.0569906	1.0527816	1.0549029	1.0555748
EX_cpd00009_e0_o	1.2382879	1.2380391	1.2389853	1.2377148	1.237285
rxn05319_c0_i	1.2639436	1.265125	1.2627273	1.2641861	1.263416
EX_cpd00013_e0_o	2.8349123	2.8357365	2.8331683	2.8395524	2.8369315
EX_cpd00013_e0_i	3.1650896	3.164265	3.1668332	3.160449	3.16307