rxn_ID,Control,FeLim,FeEx,ZnLim,ZnEx
EX_cpd00067_e0_o,377.19632,377.88583,376.8576,377.08844,377.5159
EX_cpd00007_e0_o,192.43199,184.23483,187.58661,187.04631,185.18663
EX_cpd00009_e0_o,352.1407,351.5939,352.29962,352.46848,351.94962
EX_cpd00008_e0_o,384.37558,383.97467,384.2733,384.36426,384.12222
rxn00001_d0_f,17.17557,17.485039,17.654205,17.548641,17.646921
rxn00018_d0,26.614544,27.415312,27.157055,27.202961,27.323263
rxn00048_d0,-2.1427615,-2.1479094,-2.2313957,-2.2103658,-2.1924715
rxn00069_d0_f,-1.6347218,-2.3590074,-1.8794479,-2.0012825,-2.219968
rxn00076_d0,-2.2095678,-1.941469,-2.071681,-2.0456486,-1.9864821
rxn00077_d0,-1.8770485,-1.8058162,-1.8482642,-1.8312596,-1.807797
rxn00086_d0_f,6.193297,6.5773883,6.3648024,6.3922906,6.464178
rxn00097_d0_f,34.760258,33.561123,34.266235,33.978806,33.678036
rxn00102_d0_f,-0.27330825,-0.40153456,-0.33177754,-0.35023776,-0.38335684
rxn00117_d0_f,-0.027617538,0.043763537,-0.002028011,-0.000873037,0.020955294
rxn00121_d0,-6.0400815,-5.446709,-5.7566233,-5.731019,-5.5447693
rxn00122_d0_f,2.5213892,2.7223005,2.6229742,2.640268,2.698165
rxn00124_d0,2.0899744,2.4522378,2.2719631,2.3403916,2.4103277
rxn00148_d0_f,11.498709,11.508615,11.549171,11.491282,11.501812
rxn00151_d0,-3.6665661,-3.2320023,-3.487685,-3.451274,-3.322478
rxn00154_d0,-6.926845,-6.88083,-6.9305553,-6.9526544,-6.905811
rxn00161_d0,-6.7137027,-6.3381553,-6.5239434,-6.3616123,-6.352382
rxn00175_d0,5.076696,2.1783812,3.9254405,3.6384556,2.7623982
rxn00179_d0_f,0.87666684,0.8821788,0.8452251,0.84196603,0.8509445
rxn00187_d0,168.47873,165.22449,167.70575,167.49083,166.1636
rxn00191_d0_f,0.50690997,0.7147775,0.58610445,0.6759278,0.68351376
rxn00192_d0,-1.5572277,-1.5433224,-1.5289046,-1.5325879,-1.5423491
rxn00208_d0,-4.3485775,-4.56697,-4.4094462,-4.443964,-4.5084953
rxn00209_d0,-0.39315885,-0.6092366,-0.54147947,-0.58275586,-0.6022737
rxn00237_d0_f,2.7854002,3.2460277,2.8368697,2.8664477,3.086931
rxn00248_d0_f,38.25424,38.183083,38.028584,38.159344,38.16552
rxn00260_d0_f,3.6904757,3.7978396,3.7583075,3.7181551,3.7756739
rxn00272_d0_f,2.4355752,2.2727969,2.3858385,2.3471546,2.278114
rxn00275_d0_f,6.7415366,7.60564,7.030763,7.464809,7.5623703
rxn00300_d0,-2.6059444,-2.5039916,-2.4259062,-2.4476702,-2.4477153
rxn00313_d0,0.7281761,0.6075173,0.6773618,0.6589191,0.62076074
rxn00333_d0,-5.678887,-6.671562,-6.2074447,-6.1784925,-6.463601
rxn00337_d0_f,24.193975,23.289795,23.74383,23.8451,23.482933
rxn00338_d0,-4.220268,-4.687068,-4.4911795,-4.4724317,-4.6011047
rxn00361_d0,19.547005,20.540249,19.993015,20.037151,20.333536
rxn00391_d0_f,1.2854476,1.3718811,1.4337956,1.4134293,1.3769729
rxn00392_d0,-2.5117524,-2.3644438,-2.4326198,-2.4366877,-2.3978813
rxn00394_d0,2.0115545,2.261689,2.2469308,2.2183108,2.2695923
rxn00409_d0_f,0.25400877,0.2730242,0.26521423,0.26308048,0.27101284
rxn00414_d0,39.12718,39.678402,39.47774,39.597126,39.700695
rxn00420_d0_f,17.95243,16.49935,17.441406,17.490826,16.868013
rxn00459_d0_f,-0.08487773,-0.12783003,-0.10243917,-0.086352594,-0.113387406
rxn00493_d0_f,10.300499,10.580888,10.39215,10.419545,10.524506
rxn00506_d0,-4.160871,-3.8110247,-4.0121803,-3.9914103,-3.8846192
rxn00527_d0_f,1.7243577,1.5318384,1.6669611,1.6665608,1.5562195
rxn00533_d0_f,-0.14319485,-0.14984344,-0.15659195,-0.16360286,-0.15427902
rxn00611_d0_f,0.433018,0.59905833,0.4269157,0.4420216,0.52752376
rxn00689_d0,-1.8536623,-2.0086827,-1.917591,-1.976457,-1.9883595
rxn00692_d0_f,-0.35027465,-0.4850322,-0.40085703,-0.44869947,-0.4633385
rxn00693_d0_f,3.988175,3.8017108,3.9697473,3.9782052,3.848728
rxn00720_d0_f,0.37687895,0.3397921,0.3935292,0.38737196,0.35615107
rxn00737_d0,-6.680024,-6.412301,-6.533828,-6.5182314,-6.454636
rxn00747_d0_f,1.7573313,1.8313098,1.8219379,1.7959034,1.8131061
rxn00770_d0,-2.048006,-1.351866,-1.82306,-1.779464,-1.5255355
rxn00777_d0_f,2.7095017,2.0740392,2.4716022,2.4612226,2.235024
rxn00781_d0_f,-0.5538134,-0.44593522,-0.5553829,-0.5418019,-0.48006484
rxn00782_d0_f,1.6951059,1.1487113,1.5766335,1.5759189,1.3504639
rxn00800_d0_f,6.8110266,7.31615,6.732481,6.7070465,7.0909615
rxn00802_d0_f,3.040255,3.1478631,3.2540078,3.1591349,3.1776447
rxn00830_d0_f,8.462738,8.64583,8.486488,8.481465,8.564463
rxn00832_d0_f,0.4132452,0.28300133,0.39625958,0.39045367,0.36089543
rxn00838_d0,2.5571942,2.6983106,2.4024343,2.4309518,2.5640085
rxn00839_d0_f,0.64328784,0.6577577,0.6416267,0.6386231,0.65144455
rxn00863_d0_f,0.1927534,0.22250941,0.20618254,0.19828808,0.20297945
rxn00899_d0,-2.920651,-2.933563,-2.939369,-2.9394,-2.931445
rxn00907_d0_f,25.507727,26.675707,25.882406,26.058409,26.472017
rxn00929_d0_f,1.7826792,2.1145582,1.7630203,1.7862436,1.9615496
rxn00931_d0_f,2.905469,2.5577579,2.8804379,2.859732,2.7159967
rxn00947_d0,-0.10093105,0.04002475,-0.029001169,-0.018285142,0.017434482
rxn00974_d0_f,13.3632345,13.36048,13.372429,13.292505,13.34899
rxn00980_d0_f,1.45587,1.2039603,1.3481505,1.3591094,1.2927425
rxn01000_d0,-3.7561448,-3.797386,-3.7884355,-3.7923732,-3.804513
rxn01011_d0_f,1.4750633,1.5664619,1.4985026,1.5104953,1.5567833
rxn01018_d0_f,29.276169,29.548954,29.218924,29.38972,29.487534
rxn01019_d0_f,3.4860752,3.5088851,3.7183363,3.664372,3.5882277
rxn01069_d0_f,1.609595,1.7904959,1.6694402,1.6848348,1.7380576
rxn01100_d0_f,14.7744665,15.610966,15.149486,15.074001,15.426857
rxn01101_d0_f,18.197098,16.971426,17.876022,17.921713,17.323719
rxn01102_d0,-2.6035602,-2.641306,-2.6522374,-2.6552548,-2.6539094
rxn01106_d0_f,5.086664,4.8614044,5.127105,5.0337486,4.9202876
rxn01111_d0,1.7151741,0.8610525,1.4045142,1.4065315,1.1038077
rxn01115_d0,-5.570104,-5.587114,-5.5292406,-5.5418124,-5.5602307
rxn01116_d0_f,-0.0992352,-0.08491609,-0.09239919,-0.09257142,-0.09236997
rxn01200_d0_f,2.7017741,2.497972,2.625258,2.630596,2.5455759
rxn01207_d0,-3.756585,-3.6783004,-3.72694,-3.7207124,-3.6899977
rxn01211_d0_f,16.103416,17.431591,16.652365,16.834463,17.227554
rxn01249_d0_f,3.9057837,4.188902,4.036422,4.104998,4.188166
rxn01255_d0,-3.203423,-2.9571943,-3.166243,-3.1347537,-3.0433786
rxn01256_d0,-3.021475,-3.3420691,-3.152347,-3.1939921,-3.2913144
rxn01257_d0_f,6.675349,7.025859,6.7726927,6.822125,6.9164963
rxn01258_d0_f,0.22863996,0.2828525,0.24980867,0.25892037,0.26455504
rxn01301_d0_f,0.8800862,1.4275054,0.87746555,0.90926874,1.1916139
rxn01302_d0_f,2.3185947,1.9268857,2.3341985,2.295882,2.1130373
rxn01332_d0,0.83535457,1.3294846,0.94676113,0.9638466,1.1702049
rxn01334_d0_f,-0.15290862,-0.15841068,-0.15758221,-0.15821381,-0.15842244
rxn01345_d0_f,4.6185293,4.9073944,4.8390374,4.808415,4.883183
rxn01353_d0_f,0.64328784,0.6577577,0.6416267,0.6386231,0.65144455
rxn01396_d0,-2.0366833,-2.2254972,-2.1354487,-2.1712384,-2.203473
rxn01434_d0,1.6656232,1.8947515,1.9787321,1.941838,1.9339454
rxn01465_d0_f,-0.58593214,-0.59894544,-0.5997576,-0.6144165,-0.59891325
rxn01476_d0_f,0.77676964,0.7811487,0.7939076,0.79039407,0.8114336
rxn01486_d0,-1.5750992,-1.6089664,-1.5893798,-1.5903696,-1.5921557
rxn01512_d0_f,0.64328784,0.6577577,0.6416267,0.6386231,0.65144455
rxn01539_d0_f,0.80767137,0.6501888,0.7665867,0.7740401,0.7081052
rxn01636_d0_f,2.543003,2.0722694,2.4128053,2.3331006,2.1728995
rxn01637_d0_f,-0.30049998,-0.1711228,-0.26311126,-0.23970138,-0.19409452
rxn01643_d0_f,0.37304017,0.56077576,0.493669,0.4799446,0.54408085
rxn01644_d0,13.1114855,12.12418,12.525694,12.599416,12.283804
rxn01652_d0_f,3.6749415,3.7092552,3.7165287,3.711311,3.7120023
rxn01673_d0_f,0.64328784,0.6577577,0.6416267,0.6386231,0.65144455
rxn01678_d0_f,0.64328784,0.6577577,0.6416267,0.6386231,0.65144455
rxn01739_d0,-3.3070931,-3.190166,-3.3062642,-3.2939641,-3.2279494
rxn01740_d0_f,2.4598615,2.3278482,2.4665773,2.4525666,2.3745303
rxn01807_d0,-2.645397,-2.7343943,-2.6675863,-2.6809607,-2.7055087
rxn01827_d0,-16.928747,-17.863558,-17.392975,-17.423996,-17.667023
rxn01917_d0_f,1.9339346,1.6983904,1.851073,1.8057809,1.7294481
rxn01974_d0_f,7.943549,7.5295515,7.7659535,7.7295675,7.596393
rxn01975_d0_f,0.653027,0.6289788,0.692151,0.6725237,0.6444465
rxn02159_d0_f,0.3187509,0.41477203,0.36933774,0.36192486,0.39133492
rxn02212_d0,-0.40930417,-0.12581827,-0.3778568,-0.3610951,-0.23891397
rxn02213_d0,-1.5614972,-1.4136416,-1.5795906,-1.5601206,-1.4827617
rxn02251_d0,-21.278088,-23.100744,-22.255932,-22.300179,-22.74333
rxn02305_d0,-2.4334216,-2.2156723,-2.363078,-2.3675306,-2.2858028
rxn02320_d0_f,0.003441322,0.035114653,0.007513281,0.016932342,0.036431316
rxn02373_d0_f,4.4521804,4.414993,4.534084,4.5475926,4.4879427
rxn02374_d0,-3.13501,-3.1655047,-3.2113962,-3.2089467,-3.1911893
rxn02380_d0_f,3.785425,3.74211,3.7472997,3.7382836,3.733774
rxn02465_d0_f,0.466175,0.6975305,0.53402,0.57169557,0.6505605
rxn02473_d0,-0.14889742,-0.16322912,-0.16447894,-0.15013066,-0.15802921
rxn02474_d0_f,5.7212186,5.7166433,5.6694837,5.690346,5.712409
rxn02475_d0,-3.3788333,-3.300937,-3.2670746,-3.2791166,-3.2904155
rxn02476_d0_f,-0.039602924,-0.03975801,-0.035729516,-0.03659769,-0.04004422
rxn02484_d0,-1.1835796,-1.1258826,-1.1717674,-1.1699462,-1.1479352
rxn02507_d0,-5.973989,-5.8130336,-5.949922,-5.9372125,-5.8772407
rxn02789_d0_f,0.0865764,0.09762415,0.09834097,0.10312301,0.09563091
rxn02811_d0_f,2.5210938,2.2845562,2.3961296,2.3902,2.3172085
rxn02834_d0,-3.4439228,-3.404074,-3.326786,-3.3374918,-3.3479102
rxn02835_d0_f,0.2762184,0.43439338,0.30710083,0.31647703,0.40326053
rxn02895_d0,-1.0999492,-0.63988775,-0.90203285,-0.9336452,-0.7424277
rxn02914_d0_f,-1.0536937,-0.88763547,-0.9846472,-0.9737137,-0.9617204
rxn02928_d0_f,-0.40006015,-0.21797413,-0.36759666,-0.35790336,-0.2710492
rxn02929_d0_f,1.767645,1.7537559,1.8538567,1.8430797,1.830008
rxn02937_d0,7.3782644,8.155481,7.6355114,7.7258043,8.024047
rxn02938_d0_f,1.1717261,1.1178776,1.1508404,1.1290182,1.114858
rxn02988_d0_f,6.812789,6.9449277,7.0100255,6.9646254,6.969043
rxn03004_d0,1.8899459,2.6494963,2.212033,2.288371,2.528544
rxn03062_d0_f,0.27656457,0.36368337,0.31792372,0.31736022,0.3512709
rxn03080_d0_f,0.512714,0.40023488,0.4840779,0.48244083,0.42185393
rxn03084_d0,5.3951,6.397654,5.774602,5.884222,6.2245126
rxn03108_d0_f,1.5416927,1.669728,1.5398419,1.5304514,1.5988119
rxn03136_d0_f,11.776406,11.89202,11.860548,11.852862,11.910187
rxn03137_d0,10.320729,10.993913,10.56148,10.692706,10.8884945
rxn03147_d0,11.825327,11.978011,11.910068,11.96282,12.004082
rxn03175_d0_f,1.4010965,1.5874732,1.491469,1.5199127,1.5679344
rxn03891_d0,-2.920963,-3.0011609,-2.9449785,-2.9494247,-2.9728346
rxn03892_d0,-2.6070478,-2.6766143,-2.6281981,-2.6310213,-2.6506693
rxn03907_d0_f,0.08411902,0.10983037,0.09060941,0.09065233,0.10386946
rxn03908_d0,-3.230508,-3.275246,-3.2394369,-3.243727,-3.257145
rxn03909_d0,-4.4213476,-4.2648373,-4.3458757,-4.346258,-4.287399
rxn03910_d0,-1.9594707,-2.1827736,-2.050715,-2.069323,-2.1231716
rxn03958_d0_f,4.3047547,4.208994,4.2492757,4.2540364,4.219401
rxn04113_d0,-2.4100237,-2.4728634,-2.4673028,-2.4634118,-2.4583342
rxn05023_d0,-2.186641,-1.9485207,-2.1002471,-2.0882514,-2.012687
rxn05024_d0,-0.43255097,-0.3429388,-0.46300718,-0.4520946,-0.40658447
rxn05039_d0_f,0.87132686,0.9004005,0.8814977,0.8769577,0.88024616
rxn05040_d0,-2.6921387,-2.7660413,-2.8014772,-2.7791429,-2.7948694
rxn05104_d0,-0.60273427,-0.5967916,-0.62396497,-0.61685073,-0.60979897
rxn05106_d0_f,0.92707825,0.958557,0.94748324,0.9354036,0.9504282
rxn05287_d0,-2.2829437,-2.3346384,-2.2999651,-2.2990844,-2.312003
rxn05330_d0_f,0.09124829,0.09567873,0.08300293,0.08294156,0.101311654
rxn05331_d0_f,-0.010505375,-0.005350603,-0.0112591,-0.007778911,-0.003912087
rxn05335_d0_f,-0.20218709,-0.19949864,-0.20786765,-0.20349833,-0.20008245
rxn05337_d0_f,5.4203496,5.506821,5.4219217,5.4156675,5.4653363
rxn05340_d0_f,5.1486793,5.2361937,5.1599016,5.1515718,5.1797824
rxn05342_d0_f,6.8551674,6.8880196,6.8740225,6.863012,6.864362
rxn05343_d0,-0.9222165,-0.8301381,-0.89275664,-0.88977015,-0.8559866
rxn05345_d0,-3.325486,-3.243927,-3.3093529,-3.3010714,-3.2671483
rxn05346_d0,-2.8061755,-2.7538078,-2.7750406,-2.7706108,-2.7544675
rxn05348_d0,-2.898478,-2.8745275,-2.875249,-2.8684118,-2.8618262
rxn05350_d0,0.6963399,1.001253,0.7482518,0.7607386,0.8852677
rxn05465_d0_f,0.15569924,0.3229725,0.20526516,0.20511621,0.25695324
rxn05736_d0,-0.67730916,-0.6056115,-0.65363777,-0.64735216,-0.6254132
rxn06556_d0,1.7058185,1.6997885,1.7369968,1.7327061,1.7189285
rxn07441_d0_f,0.14803427,0.30406675,0.22473066,0.2424684,0.269351
rxn07579_d0,-9.301986,-10.304656,-9.866533,-9.906101,-10.141888
rxn08352_d0,-1.7275476,-1.9787595,-1.8065445,-1.8197337,-1.9054213
rxn08392_d0_f,-0.18582155,-0.19699177,-0.20086709,-0.19932477,-0.20481336
rxn08436_d0_f,1.1211284,1.2279727,1.2435732,1.2375511,1.2470798
rxn08756_d0,-1.6803484,-1.9510602,-1.7768052,-1.7985836,-1.872715
rxn08766_d0,-1.6627214,-1.4088043,-1.5312953,-1.5117372,-1.4452535
rxn09444_d0,-0.67730916,-0.6056115,-0.65363777,-0.64735216,-0.6254132
rxn09449_d0,7.411171,8.72875,8.079705,8.140942,8.486648
rxn09453_d0,-0.67730916,-0.6056115,-0.65363777,-0.64735216,-0.6254132
rxn11040_d0,-6.349094,-6.1545453,-6.254142,-6.2384624,-6.1842394
rxn11700_d0,16.385258,18.857286,17.701551,17.804926,18.431528
rxn11702_d0,-5.871577,-5.593525,-5.7887535,-5.7720475,-5.667223
rxn11703_d0,-3.4574249,-3.3494933,-3.442602,-3.427088,-3.3857079
rxn12282_d0,-6.378787,-7.1559258,-6.8282294,-6.858913,-7.044146
rxn14012_d0,1.2380496,1.2593011,1.2650685,1.2636802,1.263761
rxn14085_d0,-9.722962,-9.956942,-9.833169,-9.842103,-9.900118
rxn14094_d0,-0.43225858,-0.39173514,-0.42902073,-0.42465705,-0.39389926
rxn14142_d0,0.07069414,0.09537825,0.066892445,0.06784722,0.09688763
rxn14261_d0,-1.1874114,-1.0978479,-1.1659464,-1.157595,-1.1151283
rxn15022_d0,-10.273302,-10.368096,-10.280554,-10.431958,-10.399965
rxn15069_d0,-1.4004482,-1.3733953,-1.375652,-1.375733,-1.3663217
rxn15116_d0_f,-0.18221664,-0.23927364,-0.20425607,-0.20049231,-0.22824799
rxn15166_d0,-3.0613787,-3.6803162,-3.2323372,-3.2446918,-3.5121605
rxn15250_d0_f,5.6972795,5.7320514,5.741459,5.7077804,5.722513
rxn15271_d0_f,7.601617,7.8819523,7.644119,7.6717906,7.797392
rxn15280_d0_f,23.46084,23.500319,23.43741,23.602472,23.555265
rxn15298_d0_f,8.807463,8.768116,9.02012,8.9853735,8.869384
rxn15364_d0_f,7.7242107,7.4962807,7.607279,7.679911,7.600731
rxn15435_d0,-2.2747421,-2.399346,-2.31141,-2.3123035,-2.3551867
rxn15493_d0,-2.5475974,-2.4062154,-2.4784544,-2.486577,-2.4392333
rxn15494_d0_f,8.013058,8.469231,8.32819,8.193071,8.284635
rxn17196_d0,3.5142295,-2.5379682,-1.0819378,-1.4775888,-2.1078641
rxn17744_d0_f,-0.020063682,-0.005816657,-0.024123402,-0.017276047,-0.004752412
rxn17803_d0_f,2.5420353,2.1701868,2.4219906,2.4165416,2.1984017
rxn18935_d0,-2.0231123,-2.0144079,-2.0393057,-2.033239,-2.0212295
rxn18936_d0_f,0.049272656,0.08393955,0.059480287,0.06675038,0.080718264
rxn18937_d0_f,-0.18840766,-0.19106267,-0.20654424,-0.20058428,-0.19420187
rxn19027_d0_f,3.5993705,3.5909948,3.6269186,3.62214,3.602028
rxn19029_d0_f,4.542755,4.587471,4.5371156,4.552199,4.5829086
rxn19030_d0,-5.2600875,-5.1165743,-5.1815453,-5.189029,-5.1413045
rxn19071_d0,-0.15231308,-0.066176936,-0.12560633,-0.10006931,-0.07587423
rxn19240_d0_f,-0.080862276,-0.06739361,-0.07443576,-0.064596474,-0.06497122
rxn19241_d0_f,0.2898723,0.47955087,0.33042952,0.362697,0.43295455
rxn19242_d0_f,0.18484733,0.25215733,0.2155491,0.226998,0.22307254
rxn19246_d0,0.75949603,0.9332028,0.8006349,0.8111845,0.87091565
rxn19253_d0,-3.5195177,-3.5578938,-3.5567684,-3.551406,-3.558111
rxn19343_d0_f,5.059787,3.6390562,4.558049,4.458367,3.9614716
rxn19345_d0,14.79193,10.9490385,13.307174,12.948322,11.784285
rxn19544_d0,-1.8716143,-1.939248,-1.9182249,-1.924684,-1.9330454
rxn19545_d0,-3.1203535,-3.2196403,-3.1799972,-3.1871443,-3.2078362
rxn19686_d0_f,0.046976503,0.04486692,0.033956595,0.03592114,0.04929474
rxn19828_d0_f,-0.05112565,1.9608338,0.49213174,0.58371484,1.1412988
rxn19900_d0_f,3.8497353,3.7221618,3.8167603,3.7639263,3.7352285
rxn19905_d0,-0.22219251,-0.58893365,-0.32928976,-0.34581822,-0.48504046
rxn20583_d0_f,6.007617,5.5029416,5.8083396,5.796776,5.6003013
rxn20595_d0,110.1546,56.205902,85.30145,79.9031,65.92355
rxn20632_d0,56.622467,33.193844,43.627777,42.550045,36.823193
rxn20643_d0_f,1.4168847,1.4941581,1.4215528,1.4139999,1.4616152
rxn23155_d0_f,0,0,0,0,0
rxn23415_d0_f,1.8824004,1.9458803,1.8536413,1.8497658,1.8975626
rxn23805_d0,-1.9825943,-2.0652122,-2.015597,-2.0170972,-2.0445871
rxn24109_d0,-6.7272177,-6.925913,-6.8235216,-6.840963,-6.8993077
rxn24310_d0,-2.8902268,-2.6820126,-2.8174658,-2.8094563,-2.737988
rxn24312_d0,-2.0223806,-2.0517101,-2.0056705,-2.0039575,-2.0211098
rxn24330_d0_f,1.0022458,0.9363895,0.89168376,0.88884133,0.9034108
rxn24358_d0,-0.09656137,-0.08452067,-0.09924957,-0.09422944,-0.079580106
rxn24360_d0,-0.13215342,-0.117032535,-0.13730504,-0.13033055,-0.11019777
rxn24362_d0_f,0.90739554,0.885996,0.92593753,0.9233676,0.9004179
rxn24508_d0_f,5.4306235,4.3700385,5.024013,5.0352707,4.6841173
rxn25637_d0_f,0.3911738,0.4243231,0.38324067,0.38763896,0.41096836
rxn25641_d0_f,0.64885604,0.5360233,0.62925375,0.6190631,0.5680171
rxn25647_d0_f,-0.27847117,-0.26939973,-0.28069064,-0.27962455,-0.2741292
rxn25649_d0_f,10.085676,10.078133,10.130035,10.121321,10.087554
rxn25661_d0_f,1.0793144,1.042005,1.0612551,1.0545255,1.0479509
rxn25662_d0,-1.0179647,-1.027794,-1.0357294,-1.0242368,-1.023501
rxn25716_d0_f,-0.13788156,-0.16255644,-0.14342853,-0.14203122,-0.15578727
rxn25718_d0_f,9.758104,10.094769,10.083609,10.105678,10.129869
rxn25719_d0_f,0.1995972,0.1419403,0.17083095,0.16753724,0.15152527
rxn25743_d0_f,0.14959766,0.15437603,0.14228892,0.14451335,0.15462714
rxn25747_d0_f,2.6844597,2.7902777,2.7161822,2.7147236,2.741364
rxn25750_d0_f,5.1343555,5.0699663,5.185231,5.181912,5.1182384
rxn25762_d0,0.75949603,0.9332028,0.8006349,0.8111845,0.87091565
rxn26013_d0_f,0.4298608,0.4514772,0.4554193,0.45676434,0.42750436
rxn26037_d0_f,2.2090302,1.7801392,2.0186539,1.9769847,1.8675729
rxn26754_d0,220.58174,116.41538,176.8249,167.56335,138.85464
rxn27029_d0,-1.7814356,-2.0913343,-1.9656665,-2.0306382,-2.0791886
rxn27030_d0,-6.100605,-5.931099,-6.033615,-6.0445867,-5.9792924
rxn27259_d0,86.239,83.2198,85.1492,84.83955,83.88079
rxn27266_d0_f,1.9427944,3.236177,3.0269592,3.176502,3.0213854
rxn27497_d0,-1.5138242,-1.234845,-1.3723854,-1.343355,-1.272336
rxn27709_d0,-2.39597,-2.271068,-2.328272,-2.2897017,-2.2727027
rxn27927_d0_f,1.7283623,1.7219085,1.7507353,1.7306117,1.7171955
rxn28082_d0_f,0.25812197,0.25161847,0.25660956,0.25532433,0.25241515
rxn28083_d0_f,1.2695179,1.0917256,1.1894739,1.1684079,1.1233232
rxn28487_d0_f,0.23525983,0.19879197,0.28226072,0.28120705,0.2363993
rxn28615_d0_f,0.47338146,0.4811929,0.4961606,0.49345952,0.45813906
rxn29919_d0_f,1.2317079,1.463923,1.3803186,1.3515111,1.4216872
rxn31768_d0,-3.5180213,-3.611492,-3.546309,-3.5518153,-3.579501
rxn37018_d0,-1.983778,-2.0330071,-2.0093043,-2.0062928,-2.0203042
rxn37266_d0_f,0.07543626,0.17386241,0.11965212,0.1283129,0.15582396
rxn37324_d0,-0.67730916,-0.6056115,-0.65363777,-0.64735216,-0.6254132
rxn37610_d0,-4.948931,-5.07792,-4.9940906,-5.0010953,-5.0375504
rxn37651_d0_f,0.3109562,0.34392565,0.2996681,0.2990277,0.3172692
rxn00211_d0_f,0.11083968,0.1464649,0.109244555,0.10778935,0.12284986
rxn00834_d0_f,2.2940245,2.9127116,2.6118844,2.6575751,2.8586853
rxn00213_d0_f,-0.10411164,-0.07028943,-0.083496265,-0.08384934,-0.07845564
rxn00416_d0,2.0134258,2.6822968,2.3352711,2.4682913,2.5955148
rxn00239_d0_f,2.3503883,2.6454241,2.4884992,2.5096266,2.5819561
rxn00917_d0,-0.42188013,0.4665256,-0.049890198,0.02394479,0.30421415
rxn01007_d0,-4.4335394,-4.246629,-4.347561,-4.3416286,-4.280231
rxn00495_c0,-9.784628,-10.201666,-9.95447,-9.964987,-10.115581
rxn00257_c0_f,61.376865,61.308277,61.32406,61.709408,61.45055
rxn00710_c0,-1.5899528,-1.4687079,-1.576762,-1.5655434,-1.5085868
rxn01611_c0,-12.510424,-13.169868,-12.8400545,-12.86079,-13.046222
rxn00499_c0_f,9.359562,9.427309,9.365982,9.336726,9.389993
rxn04954_c0_f,28.758202,28.749313,28.654274,28.474766,28.645386
rxn00154_c0,-13.968868,-13.809098,-13.906862,-13.615861,-13.729127
rxn00799_c0_f,1.8956637,1.6383804,1.8162367,1.833924,1.7092983
rxn01361_c0_f,13.006164,13.361966,12.919615,12.97185,13.178087
rxn09736_c0_o,35.765873,35.686447,35.68249,35.672417,35.675907
rxn05238_c0_i,176.63763,175.4729,176.24492,176.11308,175.71605
rxn08730_c0_o,387.69986,387.96164,387.4446,387.61816,387.803
rxn31154_d0_i,442.12418,306.75616,378.98572,370.4034,329.01312
rxn05467_c0_i,295.95316,295.9815,296.42398,296.3229,296.15695
rxn05468_c0_i,60.37691,64.67353,62.598225,62.88529,64.05503
rxn09121_c0_o,356.42307,356.14832,356.53497,356.6478,356.351
rxn05319_c0_i,360.29608,361.01404,360.29102,360.61838,360.87924
rxn05238_d0_o,36.188667,37.398365,36.629986,36.733162,37.129223
rxn05319_d0_o,-3.4043968,-3.3993616,-3.3915644,-3.39746,-3.3937993
rxn05467_d0_o,4.460932,4.369469,4.34062,4.338053,4.3286104
rxn05468_d0_o,182.1715,178.63364,179.43668,179.16069,178.8401
rxn08730_d0_i,-7.0816746,-7.0896406,-7.0629416,-7.0489697,-7.0667276
rxn09118_d0_i,23.500229,23.738209,23.589771,23.592833,23.664846
rxn09121_d0_i,-3.4465666,-3.4367146,-3.4476945,-3.4446616,-3.441201
rxn09736_d0_i,206.8772,206.72075,207.03151,207.08548,206.82266
rxn09817_d0_i,-0.6548043,-0.6590267,-0.6592736,-0.6636705,-0.65795755
rxn09839_d0_i,9.793393,9.499112,9.68251,9.345637,9.43535
rxn10929_d0_o,17.712421,17.706991,17.69283,17.741175,17.736732
rxn10967_d0_o,5.922589,5.6617875,5.8717575,5.7959466,5.7139916
rxn11013_d0_o,23.92135,24.42114,24.062265,23.81003,24.19189
rxn13360_d0_i,20.747047,20.422007,20.609152,20.585472,20.518854
rxn13361_d0_o,24.807932,25.50008,24.645924,24.778336,25.201712
rxn13365_d0_i,50.328144,50.15987,50.22229,50.457695,50.287514
rxn29240_d0_f,-4.5047727,-4.4606457,-4.48784,-4.4472885,-4.4651976
rxn29318_d0_o,6.436078,6.566215,6.4311314,6.4345703,6.504451
rxn29733_d0_o,-0.28097862,-0.2967507,-0.2860745,-0.288748,-0.289017
rxn29785_d0_o,-0.7060286,-0.74733293,-0.726896,-0.7335517,-0.74334484
rxn33186_d0_i,35.360546,35.780334,35.544876,35.53966,35.68928
rxn39241_d0_i,5.978135,5.8770494,6.0001287,6.0324106,5.925414
rxn39242_d0_i,24.14621,23.965368,24.009514,23.81871,23.899153
rxn_cpd00008_c0_i,-0.15980992,0.12323582,-0.06751981,-0.10977418,0.034046385
rxn_cpd00002_c0_i,448.83926,448.88617,448.99615,449.0896,448.97437
rxn_cpd00103_c0_o,8.085699,8.130885,7.955382,7.9684396,8.044186
rxn08217_c0_o,45.85281,45.7927,45.82361,46.13093,45.911285
bio1_biomass,-1.3972551,-1.5671977,-1.4238063,-1.4841484,-1.5396312
EX_cpd00013_e0_i,219.52304,219.8912,219.82385,219.86868,219.84875
EX_cpd00048_e0_i,118.03549,116.799835,117.5239,117.39998,117.01065
EX_cpd11632_e0_i,446.17722,269.73993,361.5584,353.95123,303.0767
EX_cpd00011_e0_i,273.27618,273.22372,273.7938,273.6704,273.42264
EX_cpd00001_e0_i,343.9033,344.5334,343.46274,343.8908,344.22223
EX_cpd00002_e0_i,447.57117,447.65298,447.9202,448.1368,447.8845
rxn00001_d0_r,1.0514592,0.9774102,1.0138499,1.0749608,1.0188594
rxn00069_d0_r,54.194687,60.88871,55.78092,56.370045,58.742424
rxn00086_d0_r,51.7492,47.067112,49.949986,49.540844,48.09505
rxn00097_d0_r,-0.87683,-0.57315916,-0.7618123,-0.721591,-0.63423747
rxn00102_d0_r,31.755157,32.53662,32,32.05546,32.360096
rxn00117_d0_r,3.8996618,3.5655656,3.7897947,3.7813025,3.6496167
rxn00122_d0_r,8.349584,7.854113,8.190989,8.17381,7.9962435
rxn00148_d0_r,5.6492634,5.671801,5.6486278,5.691019,5.681659
rxn00179_d0_r,4.846414,4.8628936,4.926936,4.972834,4.9046783
rxn00191_d0_r,0.18118039,-0.02034403,0.10807453,-0.019889874,-0.018892292
rxn00237_d0_r,0.6130278,0.45215556,0.56980205,0.5620565,0.50574166
rxn00248_d0_r,-1.7569612,-1.8266144,-1.7834833,-1.8297669,-1.8243809
rxn00260_d0_r,73.676346,73.24453,73.26954,73.78981,73.44808
rxn00272_d0_r,7.0308213,7.5129137,7.355965,7.548425,7.486696
rxn00275_d0_r,1.9960946,1.7727841,1.9078493,1.8138468,1.806031
rxn00337_d0_r,0.77501,1.1215888,0.97096443,0.92153883,1.0604559
rxn00391_d0_r,2.3271239,2.2299507,2.3009672,2.2998898,2.2373316
rxn00409_d0_r,2.22564,2.1288795,2.2057092,2.2006168,2.1650376
rxn00420_d0_r,-0.980853,-0.8059042,-0.9464942,-0.9495287,-0.8606156
rxn00459_d0_r,6.0617366,5.7439723,6.1407366,6.0549846,5.8748507
rxn00493_d0_r,7.216231,7.0002627,7.130469,7.101412,7.040963
rxn00527_d0_r,15.063873,15.169109,15.19968,15.186418,15.141798
rxn00533_d0_r,14.768265,14.103724,14.690895,14.68332,14.38737
rxn00611_d0_r,0.6387905,0.5759588,0.5886608,0.5813665,0.59024966
rxn00692_d0_r,4.9350944,6.501661,5.6116557,6.039947,6.308438
rxn00693_d0_r,12.367673,12.284743,12.322585,12.210364,12.254696
rxn00711_d0,-1.8307024,-1.859981,-1.8202828,-1.8228656,-1.8468683
rxn00720_d0_r,1.2238928,1.2150159,1.2375491,1.2357996,1.2285078
rxn00747_d0_r,0.15639067,0.018417615,0.17733775,0.19146949,0.088032074
rxn00777_d0_r,0.10396151,0.5084562,0.26038677,0.27637666,0.42740998
rxn00781_d0_r,5.6045666,5.5060844,5.7147617,5.6662955,5.582731
rxn00782_d0_r,9.632559,10.421342,9.822648,9.82661,10.219795
rxn00789_d0,-1.473737,-1.4552267,-1.4089781,-1.418292,-1.4272214
rxn00790_d0,-0.19120319,0.4697428,0.105662294,0.11754444,0.36109644
rxn00791_d0,-4.083874,-4.026039,-4.04194,-4.02482,-4.023612
rxn00800_d0_r,2.709686,2.620661,2.661463,2.676538,2.7236173
rxn00802_d0_r,-0.21175334,-0.23938508,-0.23078552,-0.22486235,-0.23637567
rxn00830_d0_r,0.06946447,0.03495093,0.040848922,0.029779315,0.035736233
rxn00832_d0_r,7.2494087,7.8654184,7.423702,7.539157,7.77908
rxn00839_d0_r,0.4873513,0.45261973,0.48145306,0.47786182,0.46835804
rxn00863_d0_r,1.4215189,1.3259441,1.3436263,1.3440937,1.3127441
rxn00907_d0_r,1.775409,1.3752867,1.5392857,1.4948833,1.4626462
rxn00929_d0_r,2.745211,2.389491,2.7216656,2.7157943,2.5582397
rxn00931_d0_r,2.1317463,2.48634,2.0595403,2.0741627,2.281104
rxn00974_d0_r,35.4953,35.51661,35.50281,35.770912,35.634773
rxn00980_d0_r,14.548411,15.616273,15.154724,15.179574,15.4483385
rxn01011_d0_r,0.3858022,0.37851086,0.36889064,0.3718452,0.39064538
rxn01018_d0_r,-0.3353208,-0.34648752,-0.34009194,-0.35453644,-0.34588316
rxn01019_d0_r,-0.35839057,-0.40156096,-0.38898262,-0.37672102,-0.4022053
rxn01069_d0_r,7.339236,6.727109,7.0673585,7.041256,6.842779
rxn01100_d0_r,-0.110869594,-0.26092336,-0.14829469,-0.15165399,-0.21307717
rxn01101_d0_r,-1.0245203,-0.8508,-0.9770002,-0.9692242,-0.89101774
rxn01106_d0_r,-0.25559762,-0.2582429,-0.25663814,-0.25647882,-0.25903067
rxn01116_d0_r,8.626289,8.657512,8.528748,8.571742,8.612139
rxn01200_d0_r,-0.36757267,-0.33391017,-0.34025076,-0.34468073,-0.33762878
rxn01208_d0,-4.444929,-4.346943,-4.398769,-4.405834,-4.3722982
rxn01211_d0_r,0.5399556,0.4225756,0.48959458,0.46909094,0.43688622
rxn01249_d0_r,1.6888446,1.706025,1.6901511,1.7078862,1.741064
rxn01257_d0_r,1.6340857,1.6113938,1.6053821,1.5839226,1.5764625
rxn01258_d0_r,4.6024704,4.483297,4.594773,4.6136885,4.5322847
rxn01301_d0_r,3.3241003,2.996402,3.271872,3.2735012,3.1506517
rxn01302_d0_r,3.0420706,3.2165608,3.0235558,3.0282972,3.1223466
rxn01334_d0_r,4.988337,5.2793326,5.1996756,5.1700573,5.2697024
rxn01345_d0_r,-0.1552866,-0.20073777,-0.1656266,-0.16295604,-0.1907755
rxn01353_d0_r,0.4873513,0.45261973,0.48145306,0.47786182,0.46835804
rxn01465_d0_r,24.427483,24.77554,24.296345,24.42754,24.61023
rxn01476_d0_r,11.155216,11.079487,11.004843,11.007315,11.046011
rxn01512_d0_r,0.4873513,0.45261973,0.48145306,0.47786182,0.46835804
rxn01539_d0_r,0.119133115,0.15701348,0.14978974,0.1494169,0.15280949
rxn01636_d0_r,-0.31217006,-0.2613747,-0.30436432,-0.2922951,-0.27093217
rxn01637_d0_r,3.4887938,2.8778512,3.2943137,3.1975846,3.0031393
rxn01643_d0_r,19.921497,18.927568,19.391912,19.506947,19.136549
rxn01652_d0_r,0.4313065,0.45610774,0.4365811,0.43342918,0.44763416
rxn01673_d0_r,0.4873513,0.45261973,0.48145306,0.47786182,0.46835804
rxn01678_d0_r,0.4873513,0.45261973,0.48145306,0.47786182,0.46835804
rxn01740_d0_r,-0.039845303,-0.023510426,-0.040824357,-0.035500824,-0.028288368
rxn01917_d0_r,0.13554336,0.34892234,0.18525118,0.23287864,0.31107098
rxn01974_d0_r,-0.03619571,-0.001395665,-0.022546472,-0.020799613,-0.008829976
rxn01975_d0_r,7.579034,7.4976864,7.4955287,7.477933,7.4745455
rxn02159_d0_r,0.42576066,0.3323019,0.38537985,0.3876971,0.35565034
rxn02320_d0_r,2.1058848,1.9112232,2.0430164,2.0085576,1.9600341
rxn02373_d0_r,0.42832798,0.46035582,0.4233643,0.42387003,0.44950312
rxn02380_d0_r,0.29036877,0.28486142,0.31686515,0.30972278,0.2958296
rxn02402_d0,-4.7748337,-4.751095,-4.8158746,-4.800557,-4.7871
rxn02465_d0_r,2.72925,2.4593048,2.6235056,2.566366,2.4849677
rxn02474_d0_r,1.9896538,2.1101072,2.0101485,2.026955,2.08708
rxn02476_d0_r,3.940575,3.7057693,3.9295306,3.9028392,3.7930458
rxn02789_d0_r,2.9378536,2.689363,2.8484144,2.8278763,2.7403724
rxn02811_d0_r,0.08827899,0.13130796,0.10212167,0.10157609,0.11662316
rxn02832_d0,-2.0747597,-2.068187,-2.1321375,-2.1214592,-2.0987744
rxn02835_d0_r,0.5145212,0.5161117,0.3896268,0.39621696,0.46078593
rxn02914_d0_r,18.971058,17.452103,18.531548,18.56302,17.80647
rxn02928_d0_r,6.538346,5.610566,6.387584,6.373322,5.998777
rxn02929_d0_r,9.05048,9.269269,8.866406,8.888176,9.057399
rxn02938_d0_r,13.7326565,13.987489,13.836436,13.887975,13.974426
rxn02988_d0_r,0.21418993,0.13588104,0.17997703,0.17644748,0.13900132
rxn03062_d0_r,3.9794402,3.800222,3.9142106,3.907587,3.852265
rxn03080_d0_r,7.363738,7.2477574,7.5016303,7.4567013,7.3584514
rxn03108_d0_r,1.1870193,1.0051825,1.1254792,1.1207787,1.055851
rxn03135_d0,-0.862087,-0.6441152,-0.7607321,-0.6963643,-0.655917
rxn03136_d0_r,0.35539842,0.31879365,0.3608579,0.36041147,0.33449683
rxn03175_d0_r,0.1711757,0.1110545,0.13593538,0.12890776,0.12079197
rxn03907_d0_r,4.301331,4.197809,4.2550216,4.253756,4.22134
rxn03958_d0_r,-0.07212145,-0.030303359,-0.06597336,-0.05766611,-0.037922785
rxn03983_d0,45.3609,40.276825,43.378426,42.939358,41.417206
rxn04996_d0,-2.4367309,-2.5215774,-2.4945939,-2.5003884,-2.5069385
rxn05039_d0_r,4.627811,4.505626,4.6058526,4.5983047,4.543783
rxn05105_d0,0.03746803,-0.015014487,0.026580371,0.02618048,0.001426833
rxn05106_d0_r,0.40416354,0.32306167,0.38149783,0.3749338,0.3490813
rxn05324_d0,-0.43246275,-0.4371226,-0.4408835,-0.4375835,-0.4359326
rxn05325_d0,-0.6413976,-0.6409593,-0.6599048,-0.65918547,-0.645568
rxn05326_d0,-0.97913104,-0.9423597,-0.9915118,-0.9855897,-0.9606391
rxn05330_d0_r,4.09628,4.1269107,4.139493,4.1203127,4.132281
rxn05331_d0_r,3.629952,3.6922767,3.6785762,3.6627584,3.6773546
rxn05335_d0_r,6.7839313,6.777745,6.851952,6.833442,6.8005376
rxn05337_d0_r,0.15155464,0.19220802,0.13639946,0.14473598,0.18963404
rxn05338_d0,-1.3621955,-1.3457347,-1.3742088,-1.3662297,-1.3484606
rxn05340_d0_r,0.038025867,0.054486554,0.032277223,0.03949185,0.051163528
rxn05342_d0_r,-0.0931094,-0.07559952,-0.103639014,-0.09852967,-0.08093433
rxn05465_d0_r,13.143916,12.158559,12.80231,12.7525625,12.391527
rxn07441_d0_r,15.330504,14.682691,15.0675335,15.0255165,14.790717
rxn08392_d0_r,9.772618,9.897401,9.887687,9.902185,9.896232
rxn08436_d0_r,-0.058233898,-0.07497422,-0.068456784,-0.06671985,-0.07300759
rxn15021_d0,-2.0820417,-2.0148869,-2.0538638,-2.06766,-2.0322657
rxn15116_d0_r,2.7496345,3.0910966,2.8387325,2.8128436,2.9365275
rxn15250_d0_r,5.356541,5.482038,5.3663244,5.435391,5.486903
rxn15271_d0_r,1.4589232,1.4023814,1.4448537,1.4435736,1.4196879
rxn15280_d0_r,7.7835236,7.8054266,7.8065453,7.725647,7.790197
rxn15298_d0_r,1.2413191,1.3774093,1.3328506,1.3851551,1.4216368
rxn15364_d0_r,2.2859275,2.5589895,2.4568126,2.4378126,2.5368676
rxn15494_d0_r,-0.07838137,-0.101390705,-0.09774573,-0.096654795,-0.10060784
rxn17469_d0,0.87590253,0.7060978,0.80949116,0.8005419,0.74141043
rxn17744_d0_r,5.652396,5.623448,5.6410966,5.645463,5.635495
rxn17803_d0_r,18.921955,21.043303,20.190533,20.29446,20.684927
rxn18936_d0_r,1.4632431,1.4170723,1.522252,1.508435,1.4669657
rxn18937_d0_r,12.536334,12.677513,12.650579,12.649333,12.660168
rxn19027_d0_r,1.5897948,1.5966924,1.6082897,1.5994585,1.6040583
rxn19029_d0_r,0.2536868,0.33395085,0.25768515,0.26887798,0.32676572
rxn19240_d0_r,2.5101447,2.190143,2.3984256,2.3676724,2.2616727
rxn19241_d0_r,1.2112362,1.1383026,1.1712115,1.1563575,1.1419475
rxn19242_d0_r,2.7891116,2.4167204,2.64695,2.6012237,2.4664989
rxn19343_d0_r,-0.28161132,-0.17666252,-0.23471855,-0.2321945,-0.20276338
rxn19686_d0_r,2.9355567,2.9951167,2.9818,2.9681244,2.98889
rxn19701_d0,-4.049889,-6.429125,-5.0123916,-5.241173,-5.8709817
rxn19828_d0_r,61.598846,48.257385,57.39871,55.90805,51.272133
rxn19900_d0_r,0.55115783,0.55737954,0.5795796,0.5871907,0.5578772
rxn20583_d0_r,-0.2739366,-0.21772684,-0.24683794,-0.2462555,-0.2336995
rxn20643_d0_r,0.87825245,0.84776723,0.8639424,0.86510384,0.850304
rxn23155_d0_r,0,0,0,0,0
rxn23415_d0_r,0.124013774,0.11935589,0.08958566,0.08397233,0.1060707
rxn24330_d0_r,1.821514,1.833181,1.8238586,1.824684,1.8328875
rxn24362_d0_r,1.047365,1.0050292,1.0698966,1.0577881,1.0135653
rxn24508_d0_r,38.64842,42.143517,40.6824,40.883877,41.66977
rxn25637_d0_r,2.3449576,2.2264123,2.274372,2.2599022,2.232762
rxn25641_d0_r,0.2058965,0.2969494,0.18694079,0.19718811,0.24817616
rxn25647_d0_r,7.8575006,7.7023473,7.841916,7.8358855,7.7590275
rxn25649_d0_r,-0.3091962,-0.29503953,-0.31337887,-0.31198657,-0.3008142
rxn25661_d0_r,0.042402774,0.10292393,0.051142883,0.060689926,0.0952555
rxn25716_d0_r,8.814208,8.883355,9.039371,9.046057,8.99213
rxn25718_d0_r,-0.04712602,-0.07287221,-0.0649972,-0.054452717,-0.061646562
rxn25719_d0_r,10.658551,11.3017435,11.120613,11.13234,11.252313
rxn25743_d0_r,2.3457556,2.4043448,2.3466792,2.351086,2.3769252
rxn25747_d0_r,0.0166158,0.021440823,0.013093769,0.015755745,0.016795108
rxn25750_d0_r,-0.32268956,-0.31109393,-0.31653172,-0.31012028,-0.3124427
rxn26013_d0_r,2.7932336,2.5892804,2.7603621,2.7766876,2.6655536
rxn26037_d0_r,0.063062675,0.12374824,0.07112396,0.06761182,0.09621667
rxn26477_d0,-4.3940744,-5.23967,-4.7558904,-4.824815,-5.0232644
rxn27266_d0_r,28.36017,22.923386,26.780886,26.336903,24.242945
rxn27318_d0,-2.4482484,-2.5281737,-2.453346,-2.4519312,-2.4790425
rxn27927_d0_r,0.19749053,0.114107355,0.16534457,0.17609805,0.13582048
rxn28082_d0_r,5.3114753,5.195576,5.2769623,5.2607617,5.227263
rxn28083_d0_r,4.667261,4.9959855,4.778247,4.8176785,4.928572
rxn28487_d0_r,0.09606032,0.06775511,0.102043584,0.10474491,0.07512286
rxn28615_d0_r,4.7320857,4.545119,4.717169,4.718172,4.6085505
rxn29919_d0_r,0.813086,0.57705414,0.689105,0.6958436,0.59985703
rxn37266_d0_r,1.2757236,1.1860011,1.2543898,1.2590694,1.2156771
rxn37651_d0_r,0.11022763,0.0531563,0.093753085,0.08953965,0.07357952
rxn00211_d0_r,6.6070685,6.2466908,6.420976,6.4074717,6.2937
rxn00834_d0_r,-0.21913269,-0.37712634,-0.29108864,-0.31534445,-0.33815977
rxn00213_d0_r,6.855981,6.3155966,6.6477847,6.6342535,6.4347444
rxn00239_d0_r,0.92271024,0.44951215,0.7476648,0.7274308,0.55753183
rxn00257_c0_r,33.50906,33.496235,33.531456,33.31142,33.425556
rxn00330_c0,10.64426,10.734536,10.650077,11.672966,11.098195
rxn01362_c0,6.389875,6.5969505,6.3445926,6.3691115,6.4894342
rxn00499_c0_r,5.6609845,5.585701,5.6743608,5.6495967,5.613626
rxn04954_c0_r,9.518212,9.46336,9.5246525,9.545738,9.489053
rxn00799_c0_r,27.215893,27.546791,27.309593,26.914413,27.298655
rxn01361_c0_r,-0.5994998,-0.61382306,-0.60777074,-0.617198,-0.6095878
rxn09736_c0_i,250.60004,250.88876,250.81746,250.8522,250.83578
rxn05238_c0_o,65.68431,66.245926,65.91601,65.96144,66.147064
rxn08730_c0_i,13.245496,12.725602,13.306971,13.23498,12.966721
rxn31154_d0_o,-3.101663,45.72787,20.97554,22.983072,32.838104
rxn05467_c0_o,27.828163,27.840998,27.720139,27.741175,27.796625
rxn05468_c0_o,244.50047,239.00201,241.02293,240.69775,239.57417
rxn09121_c0_i,6.8091264,7.2202663,6.7666445,6.717662,6.994494
rxn05319_c0_o,19.51871,19.606562,19.954195,19.853493,19.78293
rxn05238_d0_i,136.15242,135.14507,135.8565,135.72906,135.34914
rxn05319_d0_i,284.05923,283.31985,283.0775,282.86893,283.0845
rxn05467_d0_i,248.75,249.02306,249.34496,249.52379,249.26299
rxn05468_d0_i,23.555658,32.070255,27.702812,28.13173,30.72353
rxn08730_d0_o,311.03806,310.89694,310.61066,310.03305,310.50665
rxn09118_d0_o,15.116486,14.890978,15.02034,14.995584,14.910269
rxn09121_d0_o,315.82166,315.06226,316.04556,315.59644,315.34607
rxn09736_d0_o,8.572227,8.631876,8.579367,8.587594,8.618886
rxn09817_d0_o,18.379366,18.73681,18.272015,18.368088,18.561234
rxn09839_d0_o,17.09295,17.210167,17.096874,17.665028,17.378887
rxn10929_d0_i,34.323803,34.364773,34.257904,34.026997,34.246735
rxn10967_d0_i,40.556465,40.8128,40.594635,40.994316,40.87829
rxn11013_d0_i,1.9139693,1.7008772,1.8372287,1.8633295,1.768129
rxn13360_d0_o,35.188957,35.58102,35.389072,35.386185,35.5219
rxn13361_d0_i,-0.4549903,-0.54842144,-0.48546296,-0.5016261,-0.51386267
rxn13365_d0_o,20.788157,20.92149,20.854504,20.605606,20.819298
rxn29240_d0_r,352.28137,351.90857,352.24,351.7937,351.8735
rxn29318_d0_i,62.188812,62.833958,62.692196,62.79288,62.85192
rxn29733_d0_i,2.8568306,3.2221718,2.8798783,2.9022691,3.0803082
rxn29785_d0_i,21.456816,22.239887,21.292559,21.43083,21.878727
rxn33186_d0_o,19.980106,19.712957,19.840822,19.823317,19.780657
rxn39241_d0_o,20.080933,20.054598,20.034412,19.90606,19.99962
rxn39242_d0_o,4.9894276,4.853838,4.9669633,5.000335,4.887396
rxn_cpd00008_c0_o,383.91077,383.77853,383.9071,383.98056,383.8594
rxn_cpd00002_c0_o,4.394027,4.359101,4.201883,4.078712,4.215785
rxn_cpd00103_c0_i,-0.20205268,-0.22503036,-0.22161707,-0.22340736,-0.22325546
rxn08217_c0_i,20.271341,20.231941,20.275091,20.11627,20.179794