rxn_ID,Control,FeLim,FeEx,ZnLim,ZnEx,fluxes_Control,fluxes_FeLim,fluxes_FeEX,fluxes_ZnLim,fluxes_ZnEx,rml_Control,rml_FeLim,rml_FeEx,rml_ZnLim,rml_ZnEx
bio1_biomass,0.9916603,0.987179,1.4473567,2.2030673,1.309644,2.651814294,0.0377935,0.22307743,0.154099605,0.063985588,0.27086288,0.39354455,0.06806286,0.32797226,0.6294867
EX_cpd00001_e0_i,348.45673,339.5258,333.32428,343.65793,342.66766,487.2093544,6.943678871,40.9853023,28.31222737,11.75586731,332.61044,313.42548,327.7955,327.3832,329.8552
EX_cpd00002_e0_i,387.80795,384.11996,388.9356,381.96014,386.67117,430.1972034,6.13114507,36.18929372,24.99919372,10.38022196,369.58105,379.81436,371.72983,371.9221,369.5275
EX_cpd00007_e0_o,90.21607,44.258595,42.951893,42.271122,46.58795,120.822891,1.721960688,10.16393193,7.021140153,2.91533375,93.312904,60.888355,52.5664,50.447315,58.61536
EX_cpd00008_e0_o,379.501,380.0587,380.72424,378.7174,379.49634,433.2725124,6.174974192,36.44799662,25.17790304,10.45442604,359.62384,368.18195,362.1546,362.94888,360.87766
EX_cpd00009_e0_o,316.5614,318.6844,320.855,317.60583,318.44992,422.5215269,6.021751783,35.5435961,24.55315242,10.19501567,307.60956,314.38824,313.5333,314.03745,311.79877
EX_cpd00011_e0_i,150.20793,159.79773,152.24731,154.06836,152.3733,121.716685,1.734698988,10.23912017,7.073079425,2.936900092,122.948,123.512344,129.25244,130.6812,132.96805
EX_cpd00013_e0_i,41.546337,35.020958,45.429623,42.721592,33.662804,23.63959852,0.336910158,1.988623747,1.373720932,0.570399523,60.478386,77.488594,67.80625,60.907516,56.630222
EX_cpd00048_e0_i,15.75535,15.615042,15.746349,15.74724,15.664532,0.206841515,0.002947893,0.01740004,0.012019769,0.004990876,16.836256,16.236397,16.872435,16.712492,16.153635
EX_cpd00067_e0_o,358.80713,355.0172,355.975,354.42508,354.1713,450.8906362,6.426066649,37.93007844,26.20170999,10.87953349,358.50418,353.30008,353.24774,355.11777,353.94125
EX_cpd11632_e0_i,444.10867,30.628975,39.287357,32.126976,37.686245,978.5693286,13.94651213,82.3197654,56.86565144,23.61188486,435.29135,100.920845,69.66505,48.7094,88.55205
rxn_cpd00002_c0_i,413.63672,412.35086,414.48535,410.4418,413.98172,430.1972034,6.13114507,36.18929372,24.99919372,10.38022196,400.21112,408.31738,402.37473,402.2771,400.2908
rxn_cpd00002_c0_o,28.954683,31.356798,28.675653,31.607561,30.436464,0,0,0,0,0,33.755978,31.628937,33.77082,33.480938,33.88923
rxn_cpd00008_c0_i,4.4162774,5.3861847,3.97081,5.508702,4.893328,0,0,0,0,0,19.676123,15.047256,18.656986,18.326952,19.315863
rxn_cpd00008_c0_o,382.89197,383.72458,383.85315,382.50302,382.97104,433.2725124,6.174974192,36.44799662,25.17790304,10.45442604,376.17404,380.10327,377.68567,378.14993,377.0676
rxn_cpd00103_c0_i,1.0375392,1.3804337,1.0799654,0.63158596,0.7639598,0,0,0,0,0,2.9000678,4.4245706,2.9463482,2.449689,4.081061
rxn_cpd00103_c0_o,1.4728634,2.8786967,1.712791,2.218722,1.6639583,0.289047758,0.004119492,0.02431544,0.016796857,0.006974429,0,3.6586342,0,0,0
rxn00001_d0_f,27.148193,32.313354,35.387695,43.903564,34.242065,4.875890942,0.069490909,0.41017247,0.283342944,0.1176503,13.324707,0,14.696777,19.251709,24.23291
rxn00001_d0_r,0,0,0,0,0,0,0,0,0,0,0,0,0,0,0
rxn00018_d0,42.103943,49.86228,41.953033,44.930603,43.29973,135.410654,1.929864623,11.39109202,7.868849787,3.267321668,12.486954,14.552725,10.562744,12.330231,12.15963
rxn00048_d0,0,0,0,0,0,0,0,0,0,0,0,0,0,0,0
rxn00069_d0_f,0,0,0,0,0,0,0,0,0,0,0,0,0,0,0
rxn00069_d0_r,8.8828125,3.6398315,3.0681152,2.8861084,0,17.63748205,0.25136835,1.483710292,1.024931885,0.425574544,0,0,0,0,0
rxn00076_d0,0,0,0,0,0,0,0,0,0,0,0,0,0,0,0
rxn00077_d0,0,0,0,0,0,0,0,0,0,0,0,0,0,0,0
rxn00086_d0_f,0,0,0,0,0,0,0,0,0,0,0,0,0,0,0
rxn00086_d0_r,0,0,0,0,0,0.206841515,0.002947893,0.01740004,0.012019769,0.004990876,2.18042,0,0,0.6022949,0.020996094
rxn00097_d0_f,22.257324,26.802612,32.066162,42.285645,29.21106,7.847779222,0.111846085,0.660175345,0.456042372,0.189358949,6.4172363,0,6.4416504,9.552734,12.437744
rxn00097_d0_r,0,0,0,0,0,0,0,0,0,0,0,0,0,0,0
rxn00102_d0_f,17.493652,20.54596,20.038696,18.232727,0,0,0,0,0,0,0,0,2.2871094,3.5595703,4
rxn00102_d0_r,54.878784,57.344666,58.300232,57.670288,38.57129,7.239453023,0.103176256,0.609001383,0.420691923,0.174680655,37.56958,32,42.65503,42.235596,42.32202
rxn00117_d0_f,3.8226318,3.4559937,3.3361816,3.3984985,4.967682,0.103420757,0.001473947,0.00870002,0.006009885,0.002495438,8.029144,7.2924194,8.870178,9.021149,9.641464
rxn00117_d0_r,0,0,0,0,1.5609741,0,0,0,0,0,2.0950623,1.6552124,3.6494598,3.8559113,4.823532
rxn00121_d0,13.187317,9.848755,21.013489,19.042694,18.590149,0,0,0,0,0,8.273407,3.909729,7.4400024,9.155609,12.954643
rxn00122_d0_f,16.176392,14.147095,23.564453,21.668701,22.034119,0,0,0,0,0,16.039368,11.06189,16.759705,14.931244,22.356873
rxn00122_d0_r,0,0,0,0,0,0,0,0,0,0,3.6165466,3.1173096,4.8371277,0.8782959,4.160553
rxn00124_d0,0,0,0,0,0,0,0,0,0,0,0,0,0,0,0
rxn00148_d0_f,19.011963,18.635498,18.62201,7.6324463,17.971619,0,0,0,0,0,20.786621,6.942871,20.24878,20.62915,20.197632
rxn00148_d0_r,1.4547119,0.039489746,4.667053,0,1.5722656,14.99256247,0.213673113,1.261212864,0.871232939,0.361755318,0,0,0,0,0
rxn00151_d0,0,0,0,6.097595,0,0,0,0,0,0,0,0,0,0,0
rxn00154_c0,0,0,0,0,0,4.539110527,0.064691134,0.381841636,0.263772294,0.109524131,0,0,0,0,0
rxn00154_d0,0.1670866,2.6774712,2.0065918,2.9618607,1.948492,8.056211825,0.114816654,0.677709231,0.468154601,0.194388216,0,0,0,0,0
rxn00161_d0,0,0.33994937,0,0.12263012,0,0,0,0,0,0,0,0,2.1914597,0,0
rxn00175_d0,0.24513634,0.17430435,0.2743607,0.26958662,0.2532878,0.206841515,0.002947893,0.01740004,0.012019769,0.004990876,0,0,0,0,0
rxn00179_d0_f,11.7335205,0.60705566,0.14819336,0.019042969,7.6480713,0.254574172,0.003628176,0.021415433,0.014793562,0.006142616,0,0,0,0,0
rxn00179_d0_r,0,0,0,0,0,0,0,0,0,0,0,0,0,0,0
rxn00187_d0,27.108702,20.178991,31.212477,28.383532,18.756927,25.44813587,0.362685326,2.140762554,1.478816863,0.614037694,37.900776,49.093025,43.15013,38.130844,36.272007
rxn00191_d0_f,0,0,0,0,0.6769409,0,0,0,0,0,1.7946777,0,0,2.6625977,1.5936279
rxn00191_d0_r,0,0,0,0,0,0,0,0,0,0,0,0,0,0,0
rxn00192_d0,0,0,0,0,0,0,0,0,0,0,0,0,0,0,0
rxn00208_d0,0,0,0,0,0,0,0,0,0,0,0,0,0,0,0
rxn00209_d0,0,0,0,0,0,0,0,0,0,0,0,0,0,0,0
rxn00211_d0_f,0.5924072,1.5219727,0.5407715,1.3045654,0.6954346,0.103420757,0.001473947,0.00870002,0.006009885,0.002495438,0,0,0,0,0
rxn00211_d0_r,2.7336426,3.1171875,2.0096436,3.5202637,2.6174316,0,0,0,0,0,2.9503174,0,2.1136475,4.2523193,3.9865112
rxn00213_d0_f,0,0,0,0,0,0.103420757,0.001473947,0.00870002,0.006009885,0.002495438,0,0,0,0,0
rxn00213_d0_r,0,0,0,0,0,0,0,0,0,0,0,0,0,0,0
rxn00237_d0_f,13.598022,12.000427,11.786987,12.287903,11.322662,3.17607798,0.045265275,0.267179838,0.184565097,0.076635539,15.185486,15.759338,15.893646,20.331299,20.634079
rxn00237_d0_r,0.58447266,0,0,0,0.8244629,0,0,0,0,0,0,2.908905,0,4.1390076,6.062622
rxn00239_d0_f,10.952759,7.32251,7.229553,7.067322,6.5318604,0,0,0,0,0,19.352417,10.214111,15.854736,15.887878,16.124817
rxn00239_d0_r,2.2954102,0,0,0,0,0,0,0,0,0,5.1239014,0,1.3306885,1.0162964,1.225647
rxn00248_d0_f,21.682861,26.717102,9.6102295,26.461792,22.416077,9.931309713,0.141540438,0.835447282,0.577118432,0.239632425,0,0,0,0,0
rxn00248_d0_r,0,0,0,0,0,0,0,0,0,0,4.248108,6.031494,6.005432,4.977722,4.581726
rxn00257_c0_f,51.71637,79.70752,48.734985,50.92108,50.946594,0,0,0,0,0,82.98071,83.98535,82.684814,85.24585,83.75513
rxn00257_c0_r,41.97644,69.49817,35.998047,41.780518,41.85858,1.341818033,0.019123511,0.112877179,0.0779744,0.032376707,69.253174,62.21631,69.15381,68.40845,69.01489
rxn00260_d0_f,1.685669,0,0,0,1.7731934,0,0,0,0,0,0,0,0,0,0
rxn00260_d0_r,35.701904,29.739624,26.390259,32.447144,31.783508,8.388749338,0.119555959,0.705683141,0.487478692,0.202412009,3.2033691,0,0,3.730713,0
rxn00272_d0_f,0,0,0,0,0,0,0,0,0,0,0,0,0,0,0
rxn00272_d0_r,0,0,0,0,0,0.426942101,0.006084754,0.035915466,0.024810036,0.01030168,0,0,0,0,0
rxn00275_d0_f,0,0,0,0,0,2.770350393,0.03948287,0.233048991,0.160987858,0.066845744,0,0,0,0,0
rxn00275_d0_r,0,0,0,0,0,0,0,0,0,0,0,0,0,0,0
rxn00300_d0,0,0,0,0,0,0,0,0,0,0,0,0,0,0,0
rxn00313_d0,0,0,0,0,0,0.254574172,0.003628176,0.021415433,0.014793562,0.006142616,0,0,0,0,0
rxn00330_c0,0,0,0,0,0,3.197292494,0.045567623,0.268964457,0.185797894,0.077147423,0,0,0,4.3692656,2.2092097
rxn00333_d0,0,0,0,0,0,0,0,0,0,0,0,0,0,0,0
rxn00337_d0_f,23.315796,17.124573,14.4505005,18.47467,18.731812,0.859187831,0.012245094,0.072277087,0.049928272,0.02073133,0,0,0,0,0
rxn00337_d0_r,0,0,0,0,0,0,0,0,0,0,0,0,0,0,0
rxn00338_d0,0,0,0,0,0,0,0,0,0,0,0,0,0,0,0
rxn00361_d0,0,0,0,0,0,0,0,0,0,0,0,0,0,0,0
rxn00391_d0_f,32.48474,2.6556396,40.57538,1.0358887,39.27887,0,0,0,0,0,121.37574,134.26535,125.10491,120.34341,118.757866
rxn00391_d0_r,0,0,0,0,0,0,0,0,0,0,0,0,0,0,0
rxn00392_d0,34.422596,5.6961927,41.897423,3.704512,41.3727,0,0,0,0,0,124.51439,136.64563,128.33875,123.49361,122.48066
rxn00394_d0,0,0,0,0,0,0,0,0,0,0,0,0,0,0,0
rxn00409_d0_f,3.8173828,3.4524536,3.32312,3.294983,4.9561462,0,0,0,0,0,8.029144,6.8621216,5.183655,8.844727,9.571228
rxn00409_d0_r,0,0,0,0,1.6411438,0,0,0,0,0,1.9801941,1.6539917,0,3.5010986,4.603592
rxn00414_d0,0.82097214,0.7289907,0.85831535,0.9495954,0.632358,0.58074733,0.008276777,0.048853957,0.033747814,0.014012844,1.9389702,3.7697175,2.1316135,2.1863623,1.8983953
rxn00416_d0,0,0.21569282,0.15526769,0.122492306,0.100746594,0.1485016,0.002116436,0.012492336,0.008629578,0.003583193,0.4190624,1.1243478,0.38874915,0.28433463,0.30491796
rxn00420_d0_f,0,0,0.57507324,1.0296631,0.5475464,7.495087921,0.106819549,0.630506047,0.435547125,0.180848866,3.9352722,2.1184082,3.6959229,4.515869,3.9207764
rxn00420_d0_r,0,0,0,0,0,0,0,0,0,0,1.3428955,0,0.5519104,1.1904907,1.3116455
rxn00459_d0_f,0,0,0,0,0,18.6891916,0.266357252,1.572182801,1.086047788,0.450951228,3.9238281,7.7231445,0,4.2301025,3.8206787
rxn00459_d0_r,0,2.782837,0,0,3.3440552,0,0,0,0,0,0,0,0,0,0.32458496
rxn00493_d0_f,0.69940186,0,0,0,1.7734375,0,0,0,0,0,0,0,0,0,0
rxn00493_d0_r,0,0,0,0,0,1.654732119,0.023583144,0.139200316,0.096158154,0.039927007,0,0,0,0,0
rxn00495_c0,0,0,0,0,0,1.458497862,0.020786425,0.122692586,0.084754783,0.035192073,0,0,0,0,0
rxn00499_c0_f,38.75537,39.86841,39.563904,38.0625,39.042664,0,0,0,0,0,38.881104,36.22638,32.89908,32.61609,37.857117
rxn00499_c0_r,27.43811,27.54773,28.557251,27.143188,27.142883,0.103420757,0.001473947,0.00870002,0.006009885,0.002495438,30.256165,30.50824,26.628021,25.924042,28.777344
rxn00506_d0,0,0,0,0,0,0,0,0,0,0,0,0,0,0,0
rxn00527_d0_f,0.55114746,0,0,0,1.4140625,0,0,0,0,0,0,0,0,0,0
rxn00527_d0_r,0,0,0,0,0,0,0,0,0,0,0,0,0,0,0
rxn00533_d0_f,15.677124,14.417358,16.335938,16.133362,15.738159,6.658705692,0.094899479,0.560147426,0.386944109,0.160667811,0,0,0,0,0
rxn00533_d0_r,1.3253784,0,1.5680542,0,0,0,0,0,0,0,0,0,0,0,0
rxn00611_d0_f,0,0,0,0,0,0,0,0,0,0,0,0,0,0,0
rxn00611_d0_r,0,0,0,0,1.8088684,0.344735858,0.004913155,0.029000066,0.020032949,0.008318126,0.5013428,0,1.0960693,0.6766968,2.0672913
rxn00689_d0,0,0,0,0,0,0,0,0,0,0,0,0,0,0,0
rxn00692_d0_f,2.2182007,0.9641113,1.1384277,0.69555664,0,0,0,0,0,0,0,0,0,0,0
rxn00692_d0_r,0,0,0,0,0,6.959421433,0.099185262,0.585444406,0.404419004,0.167923777,0,0,0,0,0
rxn00693_d0_f,0,0,0,0,0,0.1299389,0.001851882,0.010930794,0.007550881,0.003135294,0,0,0,0,0
rxn00693_d0_r,5.423218,1.8377686,2.227295,4.557068,2.2120361,0,0,0,0,0,0,0,0,0,0
rxn00710_c0,0,0,0,0,0,0.289047758,0.004119492,0.02431544,0.016796857,0.006974429,0,0,0,0,0
rxn00711_d0,0,0,0,0,0,0,0,0,0,0,0,0,0,0,0
rxn00720_d0_f,0,0,0,0,0,0,0,0,0,0,0,0,0,0,0
rxn00720_d0_r,0,0,0,0,0,0,0,0,0,0,0.93896484,0,2.354126,0.65563965,0
rxn00737_d0,0,0,0,0,0,0.220100586,0.003136861,0.018515427,0.012790267,0.005310804,0,0,0,0,0
rxn00747_d0_f,20.793701,23.079956,19.203125,20.197876,23.228638,98.70185393,1.406692978,8.303053471,5.73566436,2.381575574,0,0,0,0,0
rxn00747_d0_r,0,0,0,0,0,0,0,0,0,0,0,0,0,0,0
rxn00770_d0,0.49645424,2.3678694,1.776197,3.924363,1.4935384,3.817817039,0.054411302,0.321164575,0.221857202,0.092120051,0.37785518,0,0.14893794,1.1572113,0
rxn00777_d0_f,10.598389,16.265198,10.82251,10.86084,11.718262,41.97556846,0.598233316,3.531092634,2.439242653,1.012827871,1.5185547,2.0388184,0,0,3.347168
rxn00777_d0_r,0,0,0,0,0,0,0,0,0,0,0,0,0,0,0
rxn00781_d0_f,0,0,0,0,0,0,0,0,0,0,0,0,0,0,0
rxn00781_d0_r,27.457886,48.43689,34.009705,43.02472,44.284546,6.046401772,0.08617296,0.508638847,0.35136251,0.145893539,0,0,0,0,0
rxn00782_d0_f,0,0,0,0,0,0,0,0,0,0,0,0,0,0,0
rxn00782_d0_r,30.859375,22.177002,23.514404,17.634888,19.553955,238.5906267,3.400379485,20.07085635,13.86474215,5.756949704,0,0,0,0,0
rxn00789_d0,0.11942569,0.10411217,0.13281095,0.1263024,0.10921963,0.100768943,0.001436153,0.008476942,0.005855785,0.002431452,0,0,0,0,0
rxn00790_d0,0,0.5122813,0.8618388,1.1081319,0.10635376,3.364356795,0.047948614,0.283018335,0.195506169,0.081178515,6.212907,1.5562937,6.112204,6.0810103,8.210963
rxn00791_d0,0.0754262,0.11205596,0.06073616,0.0839806,0.071722895,0.063643543,0.000907044,0.005353858,0.003698391,0.001535654,0,0,0,0,0
rxn00799_c0_f,40.771545,37.06958,45.20233,23.672241,0.09509277,0,0,0,0,0,41.104492,61.3833,40.051758,41.313293,41.104736
rxn00799_c0_r,73.86438,77.64685,71.01318,67.249756,32.650635,6.832134347,0.097371174,0.57473669,0.397022223,0.164852469,51.56317,76.7439,55.76288,52.893005,54.288757
rxn00800_d0_f,11.216919,11.06665,9.6828,10.800659,9.915558,3.17607798,0.045265275,0.267179838,0.184565097,0.076635539,0.34350586,0,4.788208,2.5830078,2.3330078
rxn00800_d0_r,0.7977295,0,0,0,0.7215271,0,0,0,0,0,0,0,0,0,0
rxn00802_d0_f,7.1953125,0,5.0440674,7.633301,7.208496,0.291699572,0.004157285,0.024538517,0.016950957,0.007038415,11.096436,4.112549,6.3774414,9.021606,9.101257
rxn00802_d0_r,1.6665039,0,0,0.29260254,1.3376465,0,0,0,0,0,6.503723,0,0.4885254,6.028137,5.850769
rxn00830_d0_f,0,0,0,0,0,0,0,0,0,0,0,0,0,0,0
rxn00830_d0_r,0,0,0,0,0,0,0,0,0,0,0,0,0,0,0
rxn00832_d0_f,0,0,0,0,0,0,0,0,0,0,0,0,0,0,0
rxn00832_d0_r,2.505005,1.010315,0,0,0,3.465125738,0.049384767,0.291495277,0.201361954,0.083609968,0,0,0,0,0
rxn00834_d0_f,0,0,0,0,0,0,0,0,0,0,0,0,0,0,0
rxn00834_d0_r,0.65441895,2.0007324,0,0,1.5782471,0,0,0,0,0,1.819397,0,0,1.1748047,1.1477661
rxn00838_d0,4.4531913,5.027418,4.9492345,5.673032,4.014607,3.17607798,0.045265275,0.267179838,0.184565097,0.076635539,2.8872826,2.1077428,3.375589,3.5854185,2.3162029
rxn00839_d0_f,3.8173828,3.4524536,3.32312,3.3839722,4.9561462,0,0,0,0,0,8.029144,7.2835693,5.231598,9.006409,9.621872
rxn00839_d0_r,0,0,0,0,1.7354431,0,0,0,0,0,2.1003723,1.6540527,0,3.8475647,4.816223
rxn00863_d0_f,0.1842041,0,0,0,0,0.100768943,0.001436153,0.008476942,0.005855785,0.002431452,0,0,0,0,0
rxn00863_d0_r,1.8925781,0,0.6188965,0,0.93048096,0,0,0,0,0,2.968628,0,1.2220459,0.7268677,0.44226074
rxn00899_d0,0,0,0,0,0,0,0,0,0,0,0,0,0,0,0
rxn00907_d0_f,10.543701,5.154663,5.245117,4.196045,12.237427,6.829482533,0.097333381,0.574513612,0.396868124,0.164788483,10.97876,4.982483,12.908691,11.0937805,10.356506
rxn00907_d0_r,0,0,0,0,0,0,0,0,0,0,0,0,0,0,0
rxn00917_d0,0,0,0,0,0,0,0,0,0,0,0,0,0,0,0
rxn00929_d0_f,0,0,0,0,0,0,0,0,0,0,2.9703064,1.0768738,0.9419403,1.0327759,0
rxn00929_d0_r,2.0894775,0.23461914,0,0,0,0.254574172,0.003628176,0.021415433,0.014793562,0.006142616,2.4825134,4.596405,0,1.7017212,3.0718079
rxn00931_d0_f,0,0,0,0,0,0,0,0,0,0,0,0.35806274,2.3387604,0,0
rxn00931_d0_r,0.37390137,0,0,0,0,0,0,0,0,0,5.37973,1.3495178,6.828659,3.6088257,0.003936768
rxn00947_d0,0,0,0,0,0,0,0,0,0,0,0,0,0,0,0
rxn00974_d0_f,5.1225586,10.743439,0,0.9206543,6.9851074,1.307344447,0.018632196,0.109977173,0.075971105,0.031544895,0,0,0,0,0
rxn00974_d0_r,20.855774,23.381958,17.511963,17.2948,22.333374,0,0,0,0,0,0,0,0,0,0
rxn00980_d0_f,0,0,0,0,0,0,0,0,0,0,4.525177,4.93219,4.4138184,4.4928284,4.398834
rxn00980_d0_r,0,0,0,0,0,0,0,0,0,0,1.3121033,0,0.5706177,1.1703796,1.2806702
rxn01000_d0,0,0,0,0,0,1.654732119,0.023583144,0.139200316,0.096158154,0.039927007,0,0,0,0,0
rxn01007_d0,0,0,0,0,0,0.103420757,0.001473947,0.00870002,0.006009885,0.002495438,0,0,0,0,0
rxn01011_d0_f,0,0,0,0,0,0,0,0,0,0,0,0,0,0,0
rxn01011_d0_r,0,0,0,0,0,0,0,0,0,0,0,0,0,0,0
rxn01018_d0_f,0.15222168,0,0,0,0,0.289047758,0.004119492,0.02431544,0.016796857,0.006974429,0,0,0,0,0
rxn01018_d0_r,0,0,0,0,0,0,0,0,0,0,0,0,0.52630615,0,1.2508545
rxn01019_d0_f,0,0,0,0.19970703,0.11187744,0.291699572,0.004157285,0.024538517,0.016950957,0.007038415,2.3744202,0,1.5966492,1.8536072,2.209198
rxn01019_d0_r,0,0,0,0,0,0,0,0,0,0,0.42700195,0,0,0.7265625,0.6631775
rxn01069_d0_f,0,1.5175171,0,1.3638916,0.82055664,0.474674759,0.006765037,0.03993086,0.027583829,0.01145342,2.4280396,0,0,3.034607,3.1212158
rxn01069_d0_r,0,0,0,0,0,0,0,0,0,0,0,0,0,0,0
rxn01100_d0_f,64.86304,79.47449,66.883545,68.53589,72.98108,244.6370285,3.486552445,20.5794952,14.21610466,5.902843243,0,0,0,0,0
rxn01100_d0_r,0,0,0,0,0,0,0,0,0,0,0,0,0,0,0
rxn01101_d0_f,4.7337646,9.113953,6.880127,4.711975,6.7597046,7.495087921,0.106819549,0.630506047,0.435547125,0.180848866,2.810913,4.7755127,3.6210938,5.9265137,6.307495
rxn01101_d0_r,0,0.74645996,0,0,0,0,0,0,0,0,0,0,0,0,0
rxn01102_d0,0,0,0,0,0,0,0,0,0,0,0,0,0,0,0
rxn01106_d0_f,0,0,0,0,0,0,0,0,0,0,7.758423,9.60376,12.429382,11.587524,0
rxn01106_d0_r,6.462036,6.394226,3.154663,8.635803,0.73217773,18.6891916,0.266357252,1.572182801,1.086047788,0.450951228,22.38919,28.805054,22.793365,24.681335,12.365723
rxn01111_d0,36.26776,47.006607,37.212112,39.50023,39.42874,135.410654,1.929864623,11.39109202,7.868849787,3.267321668,13.955566,16.60559,12.174377,12.633301,14.069458
rxn01115_d0,0,0,0,0,0,0,0,0,0,0,0,0,0,0,0
rxn01116_d0_f,0,0,0,0,0,0,0,0,0,0,0,0,0,0,0
rxn01116_d0_r,19.057861,25.560669,19.931396,21.443298,20.935974,93.43508556,1.331631307,7.859999388,5.429607134,2.254493798,0,0,0,0,0
rxn01200_d0_f,8.615845,13.242371,11.567932,10.366211,10.413086,45.7933855,0.652644619,3.85225721,2.661099855,1.104947921,0,0,0,0,0
rxn01200_d0_r,0,0,0,0,0,0,0,0,0,0,0,0,0,0,0
rxn01207_d0,0,0,0,0,0,0,0,0,0,0,0,0,0,0,0
rxn01208_d0,0,0,0,0,0,0.456112059,0.006500482,0.038369318,0.026505132,0.011005521,0,0,0,0,0
rxn01211_d0_f,5.8780518,0,0,0,6.559082,6.829482533,0.097333381,0.574513612,0.396868124,0.164788483,6.255829,3.7438354,8.506165,5.779022,5.51178
rxn01211_d0_r,0,0,0,0,0,0,0,0,0,0,0,0,0,0,0
rxn01249_d0_f,0,0,0,0,0,0,0,0,0,0,0,0,1.314148,0,0
rxn01249_d0_r,0,0,0,0,0,0,0,0,0,0,2.4926758,0.37145996,3.9169312,0.65563965,1.1460266
rxn01255_d0,3.3285754,3.9470835,3.6224573,2.5496564,3.0455678,1.848314563,0.02634207,0.155484968,0.107407425,0.044597955,2.6047745,3.099387,2.980807,1.9450654,3.02943
rxn01256_d0,2.1078677,1.9674366,1.8051234,0.9434099,1.5166787,1.78467102,0.025435026,0.15013111,0.103709034,0.043062301,0,1.5475097,1.0281744,0,1.4665322
rxn01257_d0_f,2.147583,0,0,0,0,0,0,0,0,0,0,0,0.83740234,0,0
rxn01257_d0_r,3.310669,0,0,0,0,0,0,0,0,0,0,0,0,0,0
rxn01258_d0_f,0,0,0,0,0,0,0,0,0,0,0,0,0,0,0
rxn01258_d0_r,0,0,0,0,0,0,0,0,0,0,0,0,0,0,0
rxn01301_d0_f,0,0,0,0,0,0,0,0,0,0,0,0,0,0,0
rxn01301_d0_r,4.977417,0.7750244,0,1.1240234,4.7267456,0,0,0,0,0,0,0,0,0,0
rxn01302_d0_f,0,0,0,0,0,0,0,0,0,0,0,0,0,0,0
rxn01302_d0_r,1.3786621,0,0,0,0,0.604613659,0.008616918,0.050861654,0.03513471,0.014588714,0,0,0,0,0
rxn01332_d0,3.3285754,5.1744647,3.3946652,3.2078483,1.7127044,1.848314563,0.02634207,0.155484968,0.107407425,0.044597955,3.8209295,9.827131,4.097571,3.5897589,2.4990444
rxn01334_d0_f,0,0,0,0,0,0,0,0,0,0,0,0,0,0,0
rxn01334_d0_r,5.984619,6.6973877,8.715393,8.814087,6.8077393,0,0,0,0,0,0,0,0,0,0
rxn01345_d0_f,7.9694824,10.986816,12.484985,12.062988,9.051758,0,0,0,0,0,0,0,0,0,0
rxn01345_d0_r,0,0,0,0,0,0,0,0,0,0,0,0,0,0,0
rxn01353_d0_f,3.8173828,3.4524536,3.32312,3.3839722,4.9561462,0,0,0,0,0,8.029144,7.2835693,5.231598,9.006409,9.621872
rxn01353_d0_r,0,0,0,0,1.7354431,0,0,0,0,0,2.1003723,1.6540527,0,3.8475647,4.816223
rxn01361_c0_f,13.870894,14.913307,14.474994,14.576925,14.636669,0.289047758,0.004119492,0.02431544,0.016796857,0.006974429,12.33275,10.2376,12.016101,12.860917,12.983563
rxn01361_c0_r,13.105639,12.439419,12.947391,13.439966,13.462284,0,0,0,0,0,13.528885,11.22333,14.688594,14.429267,13.703265
rxn01362_c0,0.52069986,1.296053,0.48378682,0.4950604,0.5327059,0.289047758,0.004119492,0.02431544,0.016796857,0.006974429,0,0,0,0,0
rxn01396_d0,0,0,0,0,0,0,0,0,0,0,0,0,0,0,0
rxn01434_d0,0.3457043,0.5635103,0.26767445,0.34251812,0.1955123,0.291699572,0.004157285,0.024538517,0.016950957,0.007038415,0,0,0,0,0
rxn01465_d0_f,0,0,0,0,2.8995972,0,0,0,0,0,0,0,2.4909668,3.4984741,3.3620605
rxn01465_d0_r,0.42163086,0,0,0,1.0301514,0.289047758,0.004119492,0.02431544,0.016796857,0.006974429,0.75024414,0,0,0.11254883,0.50994873
rxn01476_d0_f,0.11755371,0,0,0.012573242,0,0,0,0,0,0,0,0,0,0,0
rxn01476_d0_r,1.4644775,0,0,0,0,0,0,0,0,0,0,0,0,0,0
rxn01486_d0,0,0,0,0,0,0,0,0,0,0,0,0,0,0,0
rxn01512_d0_f,3.8173828,3.4524536,3.32312,3.3839722,4.9561462,0,0,0,0,0,8.029144,7.2835693,5.231598,9.006409,9.621872
rxn01512_d0_r,0,0,0,0,1.7354431,0,0,0,0,0,2.1003723,1.6540527,0,3.8475647,4.816223
rxn01539_d0_f,0,0.007341864,0.15925087,0.09820893,0.051114872,0,0,0,0,0,2.115481,2.5297775,1.7793864,2.0862238,2.180803
rxn01539_d0_r,4.8703833,6.262157,5.2188897,5.9418964,4.6259723,0,0,0,0,0,3.7961469,5.3651605,4.107485,3.8764288,3.7666752
rxn01611_c0,0,0,0,0,0,1.458497862,0.020786425,0.122692586,0.084754783,0.035192073,0,0,0,0,0
rxn01636_d0_f,0,0,0,0,0,0.291699572,0.004157285,0.024538517,0.016950957,0.007038415,1.3635864,0,0,0,0.2954712
rxn01636_d0_r,0,0,0,0,0,0,0,0,0,0,0.35583496,3.7546387,1.2727661,0.7849121,0.432312
rxn01637_d0_f,0,0,0,0,0,0,0,0,0,0,0,0.8409424,0,0,0.72265625
rxn01637_d0_r,0,0,0,0,0,0.291699572,0.004157285,0.024538517,0.016950957,0.007038415,0.17108154,0,0,0,0
rxn01643_d0_f,0,0,0,0,0,0,0,0,0,0,2.3081055,0,1.6047363,1.3415527,1.2034607
rxn01643_d0_r,16.029785,9.656372,5.1674805,10.340027,12.222351,0.859187831,0.012245094,0.072277087,0.049928272,0.02073133,7.7239075,3.600769,6.625061,6.600952,5.542328
rxn01644_d0,0,0,0,0,0,0.254574172,0.003628176,0.021415433,0.014793562,0.006142616,0,0.4290468,0,0,0
rxn01652_d0_f,0.98327637,0,0,0,0,0,0,0,0,0,0,0,0,0,0
rxn01652_d0_r,0,0,0,0,0,0,0,0,0,0,0,0,0,0,0
rxn01673_d0_f,3.8173828,3.4524536,3.32312,3.3839722,4.9561462,0,0,0,0,0,8.029144,7.2835693,5.231598,9.006409,9.621872
rxn01673_d0_r,0,0,0,0,1.7354431,0,0,0,0,0,2.1003723,1.6540527,0,3.8475647,4.816223
rxn01678_d0_f,3.8173828,3.4524536,3.32312,3.3839722,4.9561462,0,0,0,0,0,8.029144,7.2835693,5.231598,9.006409,9.621872
rxn01678_d0_r,0,0,0,0,1.7354431,0,0,0,0,0,2.1003723,1.6540527,0,3.8475647,4.816223
rxn01739_d0,3.3285754,3.726907,2.9817452,3.163227,3.478042,1.848314563,0.02634207,0.155484968,0.107407425,0.044597955,1.6448586,3.3252513,1.6831455,1.5243003,2.1858406
rxn01740_d0_f,0,0,0,0,0,0,0,0,0,0,0,0,0,0,0
rxn01740_d0_r,1.1989746,0,0,0.24505615,0.1607666,1.848314563,0.02634207,0.155484968,0.107407425,0.044597955,0,0,0.46862793,0,0
rxn01807_d0,0,0,0,0,0,0,0,0,0,0,0,0,0,0,0
rxn01827_d0,0,0,0,0,0,0,0,0,0,0,0,0,0,0,0
rxn01917_d0_f,6.913208,2.0233154,5.9541626,5.8878174,1.9111328,0.291699572,0.004157285,0.024538517,0.016950957,0.007038415,17.783752,4.844116,15.523743,14.743347,14.394897
rxn01917_d0_r,0,0,0.20843506,0,0,0,0,0,0,0,6.5242615,0,7.017456,4.836853,4.8692017
rxn01974_d0_f,0,0,0,0,0,0.254574172,0.003628176,0.021415433,0.014793562,0.006142616,0,0,0,0,0
rxn01974_d0_r,0,0,0,0,0,0,0,0,0,0,0,0,0,0,0
rxn01975_d0_f,0,0,0,0,0,0,0,0,0,0,0,0,0,0,0
rxn01975_d0_r,0,0,0,0,0,0,0,0,0,0,0,0,0,0,0
rxn02159_d0_f,0,0,0,0,0,0.100768943,0.001436153,0.008476942,0.005855785,0.002431452,0,0,0,0,0
rxn02159_d0_r,0,0,0,0,0,0,0,0,0,0,0.091308594,0,0.048095703,0,0
rxn02212_d0,2.7425447,3.4583926,2.784798,3.0493734,1.9118283,1.848314563,0.02634207,0.155484968,0.107407425,0.044597955,2.5945988,8.998335,3.2097259,3.0020196,1.9236073
rxn02213_d0,0.11395764,0,0,0,0,1.848314563,0.02634207,0.155484968,0.107407425,0.044597955,0.19750237,3.8224406,0.44195986,0.6016624,0.026412964
rxn02251_d0,0,0,0,0,0,0,0,0,0,0,0,0,0,0,0
rxn02305_d0,4.0151186,4.158237,3.5213027,4.1164985,3.2066429,0,0,0,0,0,0,0,0,0,0
rxn02320_d0_f,0.50964355,0.862854,0.21917725,0,1.1528931,0,0,0,0,0,1.5568848,4.9630737,1.8664551,1.513977,1.4733887
rxn02320_d0_r,0,0,0,0,0,0.100768943,0.001436153,0.008476942,0.005855785,0.002431452,0,0.97546387,0,0,0
rxn02373_d0_f,0,0,0,0,0,0,0,0,0,0,0,0,0,0,0
rxn02373_d0_r,9.44873,0,0,0,5.41687,0.254574172,0.003628176,0.021415433,0.014793562,0.006142616,4.232544,0,4.802246,2.17688,0.789917
rxn02374_d0,3.8902168,0,0,0,0.05087792,0.254574172,0.003628176,0.021415433,0.014793562,0.006142616,2.8189342,0.7592764,2.0197701,1.2177922,0
rxn02380_d0_f,0,0,0,0,0,0,0,0,0,0,0,0,0,0,0
rxn02380_d0_r,0,0,0,0,0,0,0,0,0,0,0,0,0,0,0
rxn02402_d0,0,0,0,0,0,0,0,0,0,0,0,0,0,0,0
rxn02465_d0_f,1.0874034,1.2879587,1.5103712,1.1518202,1.443097,0,0,0,0,0,4.297589,0.96803963,5.5011315,3.382468,3.2656643
rxn02465_d0_r,6.6316476,3.4332514,5.2165213,5.0778,3.0949092,0.291699572,0.004157285,0.024538517,0.016950957,0.007038415,13.9268465,7.8700833,11.760264,12.075305,10.498153
rxn02473_d0,0,0,0,0,0,0.100768943,0.001436153,0.008476942,0.005855785,0.002431452,0,0,0,0,0
rxn02474_d0_f,0,0,0,0,0,0,0,0,0,0,0,0,0,0,0
rxn02474_d0_r,0.10070801,0,0,0,0,0,0,0,0,0,6.355957,0,6.890259,5.2788086,3.7086792
rxn02475_d0,0,0,0,0,0,0,0,0,0,0,0,0,0,0,0
rxn02476_d0_f,7.984741,5.842041,5.393921,6.256958,5.1499023,1.848314563,0.02634207,0.155484968,0.107407425,0.044597955,9.919617,0,7.871643,9.285522,8.013916
rxn02476_d0_r,0,0,0,0,0,0,0,0,0,0,0,0,0,0,0
rxn02484_d0,0,0,0,0,0,0,0,0,0,0,0,0,0,0,0
rxn02507_d0,0,0,0,0,0,0.063643543,0.000907044,0.005353858,0.003698391,0.001535654,0,0,0,0,0
rxn02789_d0_f,0,0,0,0,0,0.456112059,0.006500482,0.038369318,0.026505132,0.011005521,0,0,0,0,0
rxn02789_d0_r,0,0.73703,0,0,0,0,0,0,0,0,0,0,0,0,0
rxn02811_d0_f,0,0.3154602,0,0,0,0,0,0,0,0,0,0,0,0,0
rxn02811_d0_r,0,1.055542,0,0,0,0.456112059,0.006500482,0.038369318,0.026505132,0.011005521,0,0,0,0,0
rxn02832_d0,3.0789657,2.0424845,1.725016,0.060261223,1.9732676,0,0,0,0,0,5.489535,4.5422554,3.337346,3.5929098,6.8215346
rxn02834_d0,0.11942569,0.104996115,0.11543219,0.12642023,0.088087335,0.100768943,0.001436153,0.008476942,0.005855785,0.002431452,0,0,0,0,0
rxn02835_d0_f,0,0,0.016540527,0,0,0.100768943,0.001436153,0.008476942,0.005855785,0.002431452,1.2434692,0.9555054,0.5288086,1.0445862,0.3625183
rxn02835_d0_r,0,0,0,0,0,0,0,0,0,0,0.9074402,0,0,0,0
rxn02895_d0,0.63467884,1.3508043,0.7564659,2.0238266,1.7274938,3.364356795,0.047948614,0.283018335,0.195506169,0.081178515,3.0829134,5.192644,4.572938,4.4539676,4.0778685
rxn02914_d0_f,0,0,0,0,0,0,0,0,0,0,1.4940796,0,1.7088013,0.2109375,1.2637329
rxn02914_d0_r,0,0,0,0,0,7.495087921,0.106819549,0.630506047,0.435547125,0.180848866,0,0,0.07910156,0,0
rxn02928_d0_f,0,0,0,0,0,0,0,0,0,0,0,0,0,0,0.5946655
rxn02928_d0_r,0,0,0,0,0,0,0,0,0,0,0.7475281,2.652588,0,0.3711853,2.8644714
rxn02929_d0_f,0,0,0,0,0,0,0,0,0,0,0,0,0,0,0
rxn02929_d0_r,0,0,0,0,0,0.254574172,0.003628176,0.021415433,0.014793562,0.006142616,1.7729797,0,2.4515991,1.961029,0
rxn02937_d0,4.4683833,4.6021876,4.616072,5.58022,3.718807,3.364356795,0.047948614,0.283018335,0.195506169,0.081178515,1.9984765,4.4944177,2.1652472,2.4263704,2.1086524
rxn02938_d0_f,15.128967,10.132446,14.194275,0,15.126221,0,0,0,0,0,0,0,1.484375,1.2927246,1.8457031
rxn02938_d0_r,29.293457,27.275269,28.878662,15.021484,29.621948,3.364356795,0.047948614,0.283018335,0.195506169,0.081178515,15.213379,16.115723,23.187256,22.9021,23.57788
rxn02988_d0_f,3.8847656,2.6851196,1.5678711,2.2678833,1.958374,0,0,0,0,0,0,0,0,0,0
rxn02988_d0_r,5.342041,2.5569458,2.5838623,2.7407837,3.045288,0,0,0,0,0,0,0,0,0,0
rxn03004_d0,0.44394016,0,0.17113972,0.6794796,1.3616838,3.364356795,0.047948614,0.283018335,0.195506169,0.081178515,0.9989446,3.0642612,0.97005534,1.002897,1.1940801
rxn03062_d0_f,0,0,0,0,0,0.456112059,0.006500482,0.038369318,0.026505132,0.011005521,0,0,0,0,0
rxn03062_d0_r,0,0,0,0,0,0,0,0,0,0,0.46276855,0,1.0703735,0.62713623,0.44555664
rxn03080_d0_f,2.658081,0.033325195,1.6879883,0,2.1310425,0,0,0,0,0,4.789566,2.5358887,3.109665,2.7478638,2.8697052
rxn03080_d0_r,1.3807373,0,1.1938477,0,1.2843628,0,0,0,0,0,4.1028595,2.5472412,2.3256073,2.6827393,2.9501495
rxn03084_d0,1.3709192,3.6601324,3.4641135,4.2509923,3.1162012,3.364356795,0.047948614,0.283018335,0.195506169,0.081178515,17.452969,23.68991,19.288475,17.154976,15.855217
rxn03108_d0_f,5.352295,3.090149,3.748352,3.9655151,2.6970825,0,0,0,0,0,0,0,0,0,0
rxn03108_d0_r,0,0,0,0,0,0,0,0,0,0,0,0,0,0,0
rxn03135_d0,0,0,0,0,0,0.100768943,0.001436153,0.008476942,0.005855785,0.002431452,0.2953111,1.0860573,0.26682618,0.3207077,0.29114786
rxn03136_d0_f,8.559448,11.634155,10.180725,9.914917,11.6979065,3.364356795,0.047948614,0.283018335,0.195506169,0.081178515,0,0,6.602661,6.7958984,7.473633
rxn03136_d0_r,0,1.4276123,3.854004,0.11834717,4.3861084,0,0,0,0,0,0,0,0,0,0.0435791
rxn03137_d0,4.493745,3.028734,1.7774854,3.0864162,3.3338022,3.465125738,0.049384767,0.291495277,0.201361954,0.083609968,1.1230407,0,3.3527803,2.7163534,2.703785
rxn03147_d0,4.4683833,4.715276,4.656282,5.1764913,5.0920563,3.364356795,0.047948614,0.283018335,0.195506169,0.081178515,2.1935995,5.0682516,2.4036157,2.4773264,3.1774669
rxn03175_d0_f,0,0,0,0,0,0.100768943,0.001436153,0.008476942,0.005855785,0.002431452,1.1600037,0,0.42910767,1.099823,0.68325806
rxn03175_d0_r,0,0,0,0,0,0,0,0,0,0,0,0,0,0,0
rxn03891_d0,0,0,0,0,0,0,0,0,0,0,0,0,0,0,0
rxn03892_d0,0,0,0,0,0,0,0,0,0,0,0,0,0,0,0
rxn03907_d0_f,0,0.17016602,0,0.041625977,0.18859863,0,0,0,0,0,0.8329468,0,1.0520325,1.3451233,1.3692627
rxn03907_d0_r,0,0,0,0.17797852,0,0,0,0,0,0,0.58044434,0.8428345,1.1479187,0.9755554,1.0452881
rxn03908_d0,0,0,0,0,0,0,0,0,0,0,0,0,0,0,0
rxn03909_d0,0,0,0,0,0,0,0,0,0,0,0,0,0,0,0
rxn03910_d0,0,0,0,0,0,0,0,0,0,0,0,0,0,0,0
rxn03958_d0_f,0,0,0,0,0,0,0,0,0,0,0,0,0,0,0
rxn03958_d0_r,0,0,0,0,0,0,0,0,0,0,0,0,0,0,0
rxn03983_d0,0.24513634,0,0,0,0,0.206841515,0.002947893,0.01740004,0.012019769,0.004990876,1.8084936,0.3850069,0.2534492,0.46494973,0.9326525
rxn04113_d0,0,0,0,0,0,0,0,0,0,0,0,0,0,0,0
rxn04954_c0_f,43.71924,40.185913,40.61206,44.78955,42.65631,0,0,0,0,0,40.879395,37.220215,40.18335,41.91858,42.4021
rxn04954_c0_r,18.91858,14.625244,14.814697,22.712097,19.026123,0.1299389,0.001851882,0.010930794,0.007550881,0.003135294,17.2854,11.395508,17.3656,17.721924,18.64978
rxn04996_d0,0,0,0,0,0,0,0,0,0,0,0,0,0,0,0
rxn05023_d0,1.1906921,0.6200597,0.85394096,0.5886831,0.68656904,0,0,0,0,0,1.6027843,0.08290342,1.0544703,0.35879138,1.2578133
rxn05024_d0,0,0,0,0,0,0,0,0,0,0,0,0,0,0,0
rxn05039_d0_f,3.8648438,4.1997013,3.7715902,3.8402975,3.6650941,0,0,0,0,0,8.361499,4.7599044,8.735645,7.251887,6.4361734
rxn05039_d0_r,0.28571296,0.00734201,0.23553914,0.06692995,0.2787124,0,0,0,0,0,3.1519568,1.9302384,2.5721304,2.8010824,3.032565
rxn05040_d0,0,0,0,0,0,0,0,0,0,0,0,0,0,0,0
rxn05104_d0,0,0,0,0,0,0,0,0,0,0,0,0,0,0,0
rxn05105_d0,0,0,0,0,0,0,0,0,0,0,0,0,0,0,0
rxn05106_d0_f,0,0,0,0,0,0,0,0,0,0,0,0,0,0,0
rxn05106_d0_r,0,0,0,0,0,0,0,0,0,0,0,0,0,0,0
rxn05238_c0_i,161.12828,161.0352,161.12225,161.12285,161.06818,0.206841515,0.002947893,0.01740004,0.012019769,0.004990876,161.83514,161.44122,161.85883,161.7531,161.38837
rxn05238_c0_o,149.24052,149.2899,149.24362,149.24333,149.27246,0,0,0,0,0,148.85849,149.068,148.84573,148.90108,149.09839
rxn05238_d0_i,75.419044,75.29062,75.410934,75.411705,75.33709,0.206841515,0.002947893,0.01740004,0.012019769,0.004990876,76.363106,75.844444,76.393845,76.25684,75.77263
rxn05238_d0_o,68.96186,68.978035,68.96298,68.96285,68.97312,0,0,0,0,0,68.80901,68.89733,68.80301,68.828255,68.909225
rxn05287_d0,0,0,0,0,0,0,0,0,0,0,0,0,0,0,0
rxn05319_c0_i,358.36282,354.92545,350.84027,355.63583,355.20956,487.2093544,6.943678871,40.9853023,28.31222737,11.75586731,348.43262,336.3463,344.64917,344.88855,345.61694
rxn05319_c0_o,13.032003,18.525572,20.641903,15.103824,15.667826,0,0,0,0,0,18.948095,26.046759,19.97959,20.631262,18.88767
rxn05319_d0_i,309.84384,298.13904,304.2299,297.1692,304.43268,478.6384255,6.821526498,40.26429374,27.81416203,11.54905949,315.70456,291.61768,305.63718,304.98703,308.01474
rxn05319_d0_o,1.0282605,6.4429984,3.5544064,4.089672,0.8837516,0,0,0,0,0,0,0,0,0,0
rxn05324_d0,1.7116767,2.775084,2.0215616,1.8973979,1.4614081,0.941394074,0.013416693,0.079192488,0.05470536,0.022714884,0.7464726,2.6514802,0.92712736,0.80644876,0.809544
rxn05325_d0,0.40533674,0.11364508,0.02431178,0.39561784,0.033064842,0.941394074,0.013416693,0.079192488,0.05470536,0.022714884,0.7464726,1.2642058,0.92712736,0.80644876,0.809544
rxn05326_d0,0.3479613,0.47752118,0.06343639,0.5235089,0.27304935,0.941394074,0.013416693,0.079192488,0.05470536,0.022714884,0.7464726,1.4829668,0.92712736,0.80644876,0.809544
rxn05330_d0_f,0,0,0,0,0,0.941394074,0.013416693,0.079192488,0.05470536,0.022714884,1.3205719,0.80493164,0.73825073,0.36586,0
rxn05330_d0_r,0,0,0,0,0,0,0,0,0,0,0.764801,2.2449646,0.63601685,1.3915253,1.0463867
rxn05331_d0_f,0,0,0,0,0,0.941394074,0.013416693,0.079192488,0.05470536,0.022714884,1.4098053,0.9470215,0.7322998,0.23249817,0
rxn05331_d0_r,0,0,0,0,0,0,0,0,0,0,0.8540344,1.8028259,0.6300659,1.2137299,0.7960205
rxn05335_d0_f,0,0,0,0,0,0.941394074,0.013416693,0.079192488,0.05470536,0.022714884,0,0,0,0.6793976,0.083465576
rxn05335_d0_r,0,0,0.01574707,0,0.14031982,0,0,0,0,0,6.017517,3.9149475,5.1262207,6.9528046,7.75473
rxn05337_d0_f,0,0,0,0,0,0,0,0,0,0,0,0,0.71676636,0,0
rxn05337_d0_r,0,0,0,0,0,0.941394074,0.013416693,0.079192488,0.05470536,0.022714884,1.4855652,0,2.6602478,0.4756775,0
rxn05338_d0,1.1666586,0,0,0,0,0.941394074,0.013416693,0.079192488,0.05470536,0.022714884,0.65179646,1.0891244,0.6259517,0.5385998,0.8335022
rxn05340_d0_f,0,0,0,0,0,0,0,0,0,0,0,0,0.71676636,0,0
rxn05340_d0_r,0,0,0,0,0,0.941394074,0.013416693,0.079192488,0.05470536,0.022714884,1.4855652,0,2.6602478,0.5630188,0
rxn05342_d0_f,0,0,0,0,0,0,0,0,0,0,0.14916992,0,2.1372986,0.21685791,1.6185608
rxn05342_d0_r,0,0,0,0,0,0.941394074,0.013416693,0.079192488,0.05470536,0.022714884,0,0,1.469574,0,0
rxn05343_d0,0.21434343,0,0,0,0,0.941394074,0.013416693,0.079192488,0.05470536,0.022714884,0,0.68741345,0,0,0
rxn05345_d0,0,0,0,0,0,0.941394074,0.013416693,0.079192488,0.05470536,0.022714884,0,0,0,0,0
rxn05346_d0,0,0,0,0,0,0.941394074,0.013416693,0.079192488,0.05470536,0.022714884,0,0,0,0,0
rxn05348_d0,0,0,0,0,0,0.941394074,0.013416693,0.079192488,0.05470536,0.022714884,0,0,0,0,0
rxn05350_d0,0,0.8619427,0.16688395,0.37792075,0.64722085,0.941394074,0.013416693,0.079192488,0.05470536,0.022714884,0.13848495,1.0367463,0.92076784,0.5387739,0.77959263
rxn05465_d0_f,2.7369385,3.8151245,3.2147217,4.727722,3.913086,6.589758521,0.093916848,0.554347413,0.382937519,0.159004186,7.086426,3.2853394,6.503418,8.848633,7.451416
rxn05465_d0_r,0,0,0,0,0,0,0,0,0,0,17.480408,12.172302,18.299438,19.088623,17.065186
rxn05467_c0_i,231.45918,236.4601,233.35857,234.15088,233.29358,121.716685,1.734698988,10.23912017,7.073079425,2.936900092,218.10632,218.86899,221.14095,222.2838,224.07585
rxn05467_c0_o,89.06605,84.11884,88.92605,87.897316,88.73507,0,0,0,0,0,102.19164,101.022606,99.40394,99.23667,98.81285
rxn05467_d0_i,179.04103,185.7449,182.53156,183.359,182.18536,126.5448433,1.803509614,10.64527725,7.353648576,3.053398652,161.78995,160.19917,165.26193,167.00336,168.08647
rxn05467_d0_o,46.901234,43.204567,48.87341,47.5168,48.567738,0,0,0,0,0,56.047157,50.36319,53.3848,53.93472,52.872974
rxn05468_c0_i,116.81003,137.73222,138.28473,138.78032,136.74898,0,0,0,0,0,115.493706,126.74687,132.0491,133.64676,130.09872
rxn05468_c0_o,201.65771,176.11261,175.31279,175.02711,177.53831,120.822891,1.721960688,10.16393193,7.021140153,2.91533375,204.19063,183.18428,179.52652,178.65158,183.43347
rxn05468_d0_i,59.164486,68.83839,68.788445,69.1987,68.76741,0,0,0,0,0,56.179058,58.58273,63.191383,65.25783,62.841164
rxn05468_d0_o,137.08083,99.77757,98.329704,97.858185,102.19516,122.2813889,1.742747113,10.28662451,7.105894936,2.950525823,138.69702,109.0062,104.01689,103.257225,109.33236
rxn05736_d0,0,0,0,0,0,0,0,0,0,0,0,0,0,0,0
rxn06556_d0,3.6558733,4.7615066,4.7023005,3.7671683,3.5865839,0,0,0,0,0,2.6630287,3.6136205,3.9221704,2.6644566,2.6935215
rxn07441_d0_f,0.022399902,1.2788086,1.0505981,1.3955688,1.3580933,0,0,0,0,0,0.115234375,0,0,0,0
rxn07441_d0_r,0,0,1.1369019,0.3157959,0,0.254574172,0.003628176,0.021415433,0.014793562,0.006142616,0,0,0,0.07757568,0
rxn07579_d0,0,0,0,0,0,0.068947172,0.000982631,0.005800013,0.00400659,0.001663625,0,0,0,0,0
rxn08217_c0_i,15.676709,16.967388,15.485093,16.193504,16.17486,1.307344447,0.018632196,0.109977173,0.075971105,0.031544895,16.049734,14.091844,16,15.736629,16
rxn08217_c0_o,28.468569,28.49542,30.667793,29.06286,28.499193,0,0,0,0,0,23.012943,25.027765,22.833147,24.206303,23.450472
rxn08352_d0,0,0,0,0,0,0,0,0,0,0,0,0,0,0,0
rxn08392_d0_f,0,0,0,0,0,0.941394074,0.013416693,0.079192488,0.05470536,0.022714884,0,0,0,0.773407,0
rxn08392_d0_r,0.18145752,0,0,0,0,0,0,0,0,0,0,0,0,0.30239868,0.28305054
rxn08436_d0_f,9.253052,11.524231,11.460754,11.826233,11.39978,0.872446903,0.012434062,0.073392474,0.05069877,0.021051258,2.4974365,3.6534424,3.789856,4.6864014,4.279724
rxn08436_d0_r,0,0.3168335,0.18304443,1.1553345,1.00531,0,0,0,0,0,0,0,0,0,0
rxn08730_c0_i,4.9820642,3.2785075,3.515897,4.3893576,5.095737,0,0,0,0,0,4.1658216,6.5046525,6.7236013,4.7523456,4.913143
rxn08730_c0_o,361.24503,357.78485,358.33783,357.67596,357.77264,450.8906362,6.426066649,37.93007844,26.20170999,10.87953349,361.3453,358.71436,358.4124,359.58463,358.92117
rxn08730_d0_i,0,0,0,0,0,0,0,0,0,0,0,0,0,0,0
rxn08730_d0_o,316.93365,314.6961,316.2331,318.51144,314.9733,449.3852013,6.404611279,37.80343739,26.11422765,10.84320887,323.5396,319.5276,320.89453,319.23987,318.98444
rxn08756_d0,0,0,0,0,0,0,0,0,0,0,0,0,0,0,0
rxn08766_d0,0,0,0,0,0,0.941394074,0.013416693,0.079192488,0.05470536,0.022714884,0,0,0,0,0
rxn09118_d0_i,0.38486603,0.036811747,0.05380024,0.08355527,0.93509126,0,0,0,0,0,0.017482514,0.01614866,0.009364825,0.019564347,0.030767266
rxn09118_d0_o,0,9.53E-05,5.68E-05,0.001660197,0,1.458497862,0.020786425,0.122692586,0.084754783,0.035192073,0.007555982,0.0017623,0.006870348,0.007524768,0.007571654
rxn09121_c0_i,25.615118,24.905523,23.813848,25.706099,24.813116,0,0,0,0,0,31.075659,29.91745,28.088842,28.276648,29.300394
rxn09121_c0_o,339.0506,340.464,341.54294,340.18604,340.13712,422.5215269,6.021751783,35.5435961,24.55315242,10.19501567,335.5593,341.17978,338.49622,339.18817,337.97324
rxn09121_d0_i,0,0,0,0,0,0,0,0,0,0,0,6.0835834,0,0,0
rxn09121_d0_o,300.37427,302.02783,301.67087,302.01804,302.9147,423.8633449,6.040875294,35.65647328,24.63112682,10.22739238,287.4348,291.6727,293.55508,290.75284,290.6106
rxn09444_d0,0,0,0,0,0,0,0,0,0,0,0,0,0,0,0
rxn09449_d0,0,0,0,0,0,0,0,0,0,0,0,0,0,0,0
rxn09453_d0,0,0,0,0,0,0,0,0,0,0,0,0,0,0,0
rxn09736_c0_i,175.96631,172.28224,178.05324,176.70403,171.555,23.63959852,0.336910158,1.988623747,1.373720932,0.570399523,183.78075,193.3408,187.9246,184.09964,182.41649
rxn09736_c0_o,137.93005,140.92772,136.0602,137.45934,141.55835,0,0,0,0,0,129.08823,122.88554,126.05259,129.03577,130.90395
rxn09736_d0_i,95.60863,90.30115,98.60985,96.63821,89.170456,25.09809639,0.357696584,2.111316333,1.458475715,0.605591596,109.563644,122.82384,116.85923,110.23558,107.006935
rxn09736_d0_o,62.645412,64.17601,61.616352,62.433353,64.40295,0,0,0,0,0,62.21995,61.877472,63.265877,62.578342,62.175045
rxn09817_d0_i,5.336797,5.2321043,5.4710937,5.7472043,6.867509,0,0,0,0,0,5.384445,4.7087355,7.390061,7.754263,7.2736096
rxn09817_d0_o,5.954662,6.493471,6.2593155,6.3401055,6.5443983,0.289047758,0.004119492,0.02431544,0.016796857,0.006974429,5.1859226,4.2402916,4.8327518,5.3015475,5.5121226
rxn09839_d0_i,0,0,0,0,0,0,0,0,0,0,0,0,0,0,0
rxn09839_d0_o,0,0,0,0,0,3.197292494,0.045567623,0.268964457,0.185797894,0.077147423,0,0,0,2.1724224,1.0984997
rxn10929_d0_i,19.957216,21.873203,19.700266,18.90942,20.155247,0,0,0,0,0,19.44391,12.411963,18.417948,18.643549,19.082743
rxn10929_d0_o,6.7157903,6.566031,7.06401,5.8034763,6.4339094,4.642531285,0.066165081,0.390541656,0.269782179,0.112019569,7.7600193,6.9458036,8.0144205,8.120535,7.5521703
rxn10967_d0_i,33.38952,36.235386,27.715199,37.670662,34.03162,10.02942684,0.142938797,0.843701147,0.582820117,0.241999892,18.406063,19.242754,19.826345,20.533834,20.285984
rxn10967_d0_o,5.959334,2.487909,9.929039,2.592392,6.497161,0,0,0,0,0,15.247559,14.52259,13.974255,14.993685,14.820223
rxn11013_d0_i,9.549342,7.9498687,12.159642,7.02408,11.08959,0,0,0,0,0,16.05342,14.126736,13.350469,15.550639,15.29485
rxn11013_d0_o,38.398323,38.89952,35.640705,42.80622,38.60454,6.832134347,0.097371174,0.57473669,0.397022223,0.164852469,23.84855,23.91215,29.894764,27.575525,28.442478
rxn11040_d0,0,0,0,0,0,0,0,0,0,0,0,0,0,0,0
rxn11700_d0,0.06049135,0.053239524,0.059502386,0.058009427,0.059695303,0.029169957,0.000415729,0.002453852,0.001695096,0.000703841,0.04180386,0.08071161,0.043255504,0.039092425,0.052496918
rxn11702_d0,0,0,0,0,0,0,0,0,0,0,0,0,0,0,0
rxn11703_d0,2.530371,2.5265667,1.6468406,1.1397585,1.9630374,0,0,0,0,0,4.225371,2.067987,3.6965532,3.6318133,4.5873227
rxn12282_d0,0,0,0,0,0,0,0,0,0,0,0,0,0,0,0
rxn13360_d0_i,1.4311918,0.31022388,0.4752798,0.4033296,0.37179554,1.458497862,0.020786425,0.122692586,0.084754783,0.035192073,2.7365181,1.8828682,1.9642202,1.9250394,0.9450957
rxn13360_d0_o,0.50167376,1.6395767,1.2958331,1.4971341,1.4553219,0,0,0,0,0,0.021638367,0,1.6253717,0.18735811,0.025742188
rxn13361_d0_i,9.261974,4.8738294,6.0987983,7.3779716,6.4618444,0,0,0,0,0,11.463951,8.483317,10.94967,9.629606,8.278661
rxn13361_d0_o,46.29228,46.3754,45.273167,42.05581,44.186993,4.594798627,0.065484798,0.386526262,0.267008386,0.110867828,41.34103,38.24015,35.92336,38.559124,40.50344
rxn13365_d0_i,28.67036,27.440624,31.187195,27.561768,27.375807,0,0,0,0,0,26.208807,27.835304,25.572393,27.924395,25.546873
rxn13365_d0_o,17.498493,20.68964,16.276245,19.817741,18.887428,1.341818033,0.019123511,0.112877179,0.0779744,0.032376707,15.560207,13.871299,15.752758,15.090221,15.812865
rxn14012_d0,0,0,0,0,0,0,0,0,0,0,0,0,0,0,0
rxn14085_d0,0,0,0,0,0,0,0,0,0,0,0,0,0,0,0
rxn14094_d0,0,0,0,0,0,0,0,0,0,0,0,0,0,0,0
rxn14142_d0,0,0,0,0,0,0,0,0,0,0,0,0,0,0,0
rxn14261_d0,0,0,0,0,0,0,0,0,0,0,0,0,0,0,0
rxn15021_d0,0,0,0,0,0,0.792892474,0.011300257,0.066700151,0.046075782,0.019131691,0,0,0,0,0
rxn15022_d0,0,0,0,0,0,1.079288418,0.015381955,0.090792514,0.062718539,0.026042134,0,0,0,0,0
rxn15069_d0,0,0.22705078,0,0,0,0,0,0,0,0,0,0,0,0,0
rxn15116_d0_f,0,0,0,0,0,0,0,0,0,0,0,0,0,0,0
rxn15116_d0_r,10.975342,15.345337,6.909363,9.648193,11.893188,98.35711807,1.401779823,8.274053405,5.715631412,2.373257447,0,0,0,0,0
rxn15166_d0,0,0.06472659,0,0,0,0.1299389,0.001851882,0.010930794,0.007550881,0.003135294,0,0,0,0,0
rxn15250_d0_f,0.5427246,0,1.5895996,2.6204224,1.0092773,4.216384727,0.060091665,0.354693113,0.245018372,0.101737085,0.36950684,0,0,0.40795898,0.5303955
rxn15250_d0_r,0,0,0,0,0,0,0,0,0,0,0,0,0,0,0
rxn15271_d0_f,9.376343,12.717468,8.147644,10.328125,9.669067,47.64170006,0.678986688,4.007742178,2.76850728,1.149545876,0,0,0,0,0
rxn15271_d0_r,0,0,0,0,0,0,0,0,0,0,0,0,0,0,0
rxn15280_d0_f,9.362061,11.245636,3.222412,3.5639648,9.168518,0,0,0,0,0,0,0,0,0,0
rxn15280_d0_r,0.24182129,5.9691467,0,0,0.24841309,1.079288418,0.015381955,0.090792514,0.062718539,0.026042134,0,0,0,0,0
rxn15298_d0_f,0.6710205,0,0,0,0,0,0,0,0,0,2.2229614,0,0,0,0.7175293
rxn15298_d0_r,0,0,0,0,0,0,0,0,0,0,0.66241455,0,0,0,0
rxn15364_d0_f,0,0,0,0,0,0,0,0,0,0,0,0,0,0,0
rxn15364_d0_r,0,0,0,0,0,4.319805485,0.061565612,0.363393133,0.251028257,0.104232523,0,0,0,0,0
rxn15435_d0,0,0,0,0,0,0,0,0,0,0,0,0,0,0,0
rxn15493_d0,8.918701,31.354614,6.902954,17.014343,7.63208,0,0,0,0,0,3.2890015,1.1351318,5.128296,5.922058,2.0823975
rxn15494_d0_f,18.598145,46.340637,9.834106,26.156982,17.6875,98.35711807,1.401779823,8.274053405,5.715631412,2.373257447,0,0,0,0,0
rxn15494_d0_r,0,0,0,0,0,0,0,0,0,0,0,0,0,0,0
rxn17196_d0,49.19336,17.192749,17.587585,17.208313,15.632141,244.001919,3.477500902,20.52606815,14.17919781,5.887518695,38.6333,0,23.427734,20.583984,0
rxn17469_d0,0,0,0,0,0,0,0,0,0,0,0,0,0,0,0
rxn17744_d0_f,15.86145,2.9538574,11.104126,11.240356,12.110718,0,0,0,0,0,18.90866,7.099365,17.737732,18.396057,14.536377
rxn17744_d0_r,28.822998,21.329346,26.483765,25.924438,25.309692,0,0,0,0,0,32.84616,27.116943,32.38678,32.183533,30.542236
rxn17803_d0_f,4.5842285,4.442749,3.904663,10.220337,8.167175,0.039777214,0.000566903,0.003346161,0.002311494,0.000959784,0,0,0,1.255127,1.0056763
rxn17803_d0_r,10.926819,15.393188,15.450317,18.855652,17.612549,0,0,0,0,0,6.748413,7.737549,14.293579,14.779236,13.365784
rxn18935_d0,0,0,0,0,0,0.941394074,0.013416693,0.079192488,0.05470536,0.022714884,0.37416515,0,0.3758562,0.3747874,0.3143711
rxn18936_d0_f,0,0,0,0,0,0.941394074,0.013416693,0.079192488,0.05470536,0.022714884,1.3808746,0.6954956,0.9654236,1.0418243,0.14807129
rxn18936_d0_r,0,0,0,0,0,0,0,0,0,0,0,2.2449646,0,1.3497162,1.0463867
rxn18937_d0_f,0,0,0,0,0,0.941394074,0.013416693,0.079192488,0.05470536,0.022714884,1.8810577,0.9992676,0,2.4352264,1.4660339
rxn18937_d0_r,1.468689,2.722107,2.3183594,0,1.664978,0,0,0,0,0,8.8862,10.206268,8.728485,9.728622,10.289764
rxn19027_d0_f,0,0,0,0,0,0,0,0,0,0,0,0,0,0,0
rxn19027_d0_r,0,0,0,0,0,0.792892474,0.011300257,0.066700151,0.046075782,0.019131691,0,0,0,0,0
rxn19029_d0_f,0,0,0,0,0,0,0,0,0,0,0,0,0,0,0
rxn19029_d0_r,0,0,0,0,0,0.220100586,0.003136861,0.018515427,0.012790267,0.005310804,0,0,0,0,0
rxn19030_d0,0,0,0,0,0,0.220100586,0.003136861,0.018515427,0.012790267,0.005310804,0,0,0,0,0
rxn19071_d0,0,0,0,0,0,0,0,0,0,0,0,0,0,0,0
rxn19240_d0_f,0.21173096,0,0,0,0,0,0,0,0,0,0.02960205,0,0,0,0
rxn19240_d0_r,8.114136,3.7506104,7.862793,6.8483887,2.9189453,0.220100586,0.003136861,0.018515427,0.012790267,0.005310804,7.2009277,2.9024658,6.736145,6.7130127,3.850586
rxn19241_d0_f,0.505249,0.788147,0.38323975,1.0784912,0,0,0,0,0,0,3.0376587,1.8328857,3.6029053,3.1767578,0
rxn19241_d0_r,0,0,0,0,0,0.456112059,0.006500482,0.038369318,0.026505132,0.011005521,0,0,0,0,0
rxn19242_d0_f,0.054992676,0.8076782,0.33880615,1.0438232,0,0,0,0,0,0,3.418579,2.3946533,4.144104,3.1932373,0
rxn19242_d0_r,0,0,0,0,0,0.336780415,0.004799775,0.028330834,0.01957065,0.00812617,0,0,0,0,0
rxn19246_d0,0,0,0,0,0,0,0,0,0,0,0,0,0,0,0
rxn19253_d0,0,0,0,0,0,0,0,0,0,0,0,0,0,0,0
rxn19343_d0_f,0.89538574,0.19213867,0,0.1326294,0.106933594,0.1299389,0.001851882,0.010930794,0.007550881,0.003135294,1.5157471,0,0,0.3151245,0
rxn19343_d0_r,0,0,0,0,0,0,0,0,0,0,0,0,0,0,0
rxn19345_d0,0,0,0,0,0,0.206841515,0.002947893,0.01740004,0.012019769,0.004990876,0.22564685,0.5613004,0.22455029,0.18399166,0.18280998
rxn19544_d0,0,0,0,0,0,0.792892474,0.011300257,0.066700151,0.046075782,0.019131691,0,0,0,0,0
rxn19545_d0,0,0,0,0,0,0.220100586,0.003136861,0.018515427,0.012790267,0.005310804,0,0,0,0,0
rxn19686_d0_f,0,0,0,0,0,0.941394074,0.013416693,0.079192488,0.05470536,0.022714884,1.3023529,0.58917236,0,0.9356842,0.856781
rxn19686_d0_r,0,0,0,0,0,0,0,0,0,0,0.18310547,2.2261658,0.8560791,1.4746552,1.0749817
rxn19701_d0,0,0,0,0,0,0,0,0,0,0,0,0,0,0,0
rxn19828_d0_f,0,0,0.36730957,0.0925293,0,0,0,0,0,0,0,0,0,0,0
rxn19828_d0_r,28.816772,18.963867,27.401367,26.3031,23.522827,0,0,0,0,0,0,0,0,0,0
rxn19900_d0_f,1.8724365,0,0,1.1744385,0,0,0,0,0,0,0,0,0,0,0
rxn19900_d0_r,0,0,0,0,0,0,0,0,0,0,0,0,0,0,0
rxn19905_d0,0.7165513,0.98238415,0.27617383,0.87454784,0.7018433,0.604613659,0.008616918,0.050861654,0.03513471,0.014588714,0.36134112,1.0846648,0.3894828,0.42992675,0.44987428
rxn20583_d0_f,0,0,0,0,0,0,0,0,0,0,0,0,0,0,0
rxn20583_d0_r,0,0,0,0,0,0.103420757,0.001473947,0.00870002,0.006009885,0.002495438,0,0,0,0,0
rxn20595_d0,106.75644,7.6446023,11.598941,9.304798,8.805879,244.6423322,3.486628032,20.57994135,14.21641286,5.902971214,104.1568,24.572844,22.999285,15.253114,19.100428
rxn20632_d0,56.993164,1.743314,0,0,2.9514856,122.3211661,1.743314016,10.28997068,7.10820643,2.951485607,55.655823,10.404672,0,0,10.191521
rxn20643_d0_f,1.7683105,0.29260254,0,0,0.84729004,0,0,0,0,0,2.2270813,0,0,0,0
rxn20643_d0_r,2.8770752,2.7958984,2.0067139,1.7342529,2.9932861,0,0,0,0,0,4.947357,2.3064575,3.4589539,3.6073608,3.71109
rxn23155_d0_f,0,0,0,0,0,0,0,0,0,0,0,0,0,0,0
rxn23155_d0_r,0,0,0,0,0,0,0,0,0,0,0,0,0,0,0
rxn23415_d0_f,1.3108618,1.45923,1.2640848,1.312538,1.1720853,0,0,0,0,0,1.6595494,1.3142799,1.1308075,1.5234263,1.5851635
rxn23415_d0_r,1.1560919,0.5455802,0.7379985,0.70091033,0.44974586,0,0,0,0,0,1.0535306,0.5238745,0.4102559,0.42895728,0.31343687
rxn23805_d0,0.20759375,0.17719866,0.23804459,0.12702754,0.18565008,0,0,0,0,0,0.3884645,0.18154556,0.5052274,0.35501778,0.2919524
rxn24109_d0,0,0,0,0,0,0.1299389,0.001851882,0.010930794,0.007550881,0.003135294,0,0,0,0,0
rxn24310_d0,0,0,0,0,0,0,0,0,0,0,0,0,0,0,0
rxn24312_d0,0,0,0,0,0,0,0,0,0,0,0,0,0,0,0
rxn24330_d0_f,9.510742,7.0048523,6.3049927,3.7227783,7.4057007,0,0,0,0,0,9.029297,8.483276,5.7993164,5.395752,11.016357
rxn24330_d0_r,2.2567139,0.15322876,0,0,1.7181396,0,0,0,0,0,0,0,0,0,0
rxn24358_d0,0,0,0,0,0,0,0,0,0,0,0,0,0,0,0
rxn24360_d0,0,0,0,0,0,0,0,0,0,0,0,0,0,0,0
rxn24362_d0_f,0,0,0,0,0,0,0,0,0,0,0,0,0,0,0
rxn24362_d0_r,0,0,0,0,0,0,0,0,0,0,0,0,0,0,0
rxn24508_d0_f,30.74524,34.23285,34.89044,35.776245,33.01587,0.039777214,0.000566903,0.003346161,0.002311494,0.000959784,13.279541,5.419922,15.740967,21.661865,19.937988
rxn24508_d0_r,43.174133,53.823303,54.784485,54.668396,54.039917,0,0,0,0,0,32.39966,38.381836,48.72046,51.090088,47.854248
rxn25637_d0_f,0,0,0,0,0,0.941394074,0.013416693,0.079192488,0.05470536,0.022714884,2.679779,0.37139893,4.092621,2.396637,1.3031921
rxn25637_d0_r,0,0,0,0,0,0,0,0,0,0,0,0,1.3019104,0,0
rxn25641_d0_f,0,0,0,0,0,0,0,0,0,0,0,0,0.9941101,0,0
rxn25641_d0_r,0,0,0,0,0,0.941394074,0.013416693,0.079192488,0.05470536,0.022714884,3.183136,0,4.3873596,1.9194641,0.69992065
rxn25647_d0_f,8.445068,8.290344,8.147827,8.141113,7.9802246,0.941394074,0.013416693,0.079192488,0.05470536,0.022714884,15.034607,11.723022,12.93927,16.338806,15.708191
rxn25647_d0_r,15.365051,13.530579,13.4678955,13.428406,14.53479,0,0,0,0,0,29.644043,26.63855,28.362488,30.634644,30.790833
rxn25649_d0_f,4.7246704,3.8183594,3.8049316,3.5679932,4.097351,0,0,0,0,0,13.971497,12.642822,12.940155,15.165222,16.429596
rxn25649_d0_r,0,0,0,0,0,0.941394074,0.013416693,0.079192488,0.05470536,0.022714884,4.8600464,0.13604736,0.334198,5.6040344,5.0812683
rxn25661_d0_f,0,0,0,0,0,0,0,0,0,0,0,0,1.3141174,0,0
rxn25661_d0_r,0,0,0,0,0,0,0,0,0,0,2.4927063,0.37139893,3.9169006,2.209259,1.1460266
rxn25662_d0,0,0,0,0,0,0,0,0,0,0,0,0,0,0,0
rxn25716_d0_f,6.9769287,8.666382,8.186218,8.763428,9.136902,0.068947172,0.000982631,0.005800013,0.00400659,0.001663625,0,0,0,0,0
rxn25716_d0_r,13.75592,16.038696,15.691101,16.342041,16.156738,0,0,0,0,0,0,4.385254,0.5097656,1.0756836,0.7441406
rxn25718_d0_f,3.5333862,4.915039,4.1602783,4.9420776,4.908325,0,0,0,0,0,0,0,1.4829102,0,0
rxn25718_d0_r,0,0,0,0,0,0.068947172,0.000982631,0.005800013,0.00400659,0.001663625,3.0732727,0,3.980133,0.9742737,0.2373352
rxn25719_d0_f,0,0,0,0,0,0.068947172,0.000982631,0.005800013,0.00400659,0.001663625,1.2790985,0.23876953,0.81866455,0.371109,0
rxn25719_d0_r,0.55340576,1.9985962,1.1939087,0,1.2591553,0,0,0,0,0,0.28146362,2.4180298,0.52005005,1.5507202,1.0839233
rxn25743_d0_f,0,0,0,0,0,0.941394074,0.013416693,0.079192488,0.05470536,0.022714884,2.202179,0,1.2582397,2.3683167,2.1098633
rxn25743_d0_r,0,0,0,0,0,0,0,0,0,0,0,0,0,0,0
rxn25747_d0_f,0,0,0,0,0,0,0,0,0,0,0,0,0,0,0
rxn25747_d0_r,0,0,0,0,0,0.941394074,0.013416693,0.079192488,0.05470536,0.022714884,2.6662292,0,0.6453247,1.7200012,1.7590942
rxn25750_d0_f,1.9274292,0,0,0,2.6600952,0,0,0,0,0,10.853607,4.123169,8.236572,12.533051,13.403229
rxn25750_d0_r,0,0,0,0,0,0.941394074,0.013416693,0.079192488,0.05470536,0.022714884,1.6471863,0,0,3.5396423,3.185791
rxn25762_d0,0,0,0,0,0,0,0,0,0,0,0,0,0,0,0
rxn26013_d0_f,0,0,0,0,0,0.063643543,0.000907044,0.005353858,0.003698391,0.001535654,0,0,0,0,0
rxn26013_d0_r,0,0,0,0,0,0,0,0,0,0,0,0,0,0,0
rxn26037_d0_f,0,0,0,0,0,0,0,0,0,0,0,0,0,0,0
rxn26037_d0_r,0,0,0,0,0,0,0,0,0,0,0,0,0,0,0
rxn26477_d0,0,0,0,0,0,0,0,0,0,0,0,0,0,0,0
rxn26754_d0,210.54395,18.164627,29.256378,23.637878,20.949158,489.2846643,6.973256064,41.1598827,28.43282572,11.80594243,206.28848,51.652924,57.863724,38.886475,43.122337
rxn27029_d0,0,0,0,0,0,0,0,0,0,0,0,0,0,0,0
rxn27030_d0,0,0,0,0,0,0,0,0,0,0,0,0,0,0,0
rxn27259_d0,0.24513634,0.098402,0.23580155,0.23671274,0.15071672,0.206841515,0.002947893,0.01740004,0.012019769,0.004990876,1.3500605,0.73950875,1.3870608,1.2236952,0.655324
rxn27266_d0_f,8.657166,11.830902,13.807617,12.6779785,12.329651,0,0,0,0,0,0,12.070557,0,15,11.780273
rxn27266_d0_r,19.470215,6.175125,7.375366,5.56604,6.477844,0.206841515,0.002947893,0.01740004,0.012019769,0.004990876,24.211914,26.05017,8.413086,20.189941,24.115723
rxn27318_d0,0,0,0,0,0,0,0,0,0,0,0,0,0,0,0
rxn27497_d0,0,0,0,0,0,0.456112059,0.006500482,0.038369318,0.026505132,0.011005521,1.3893328,0.6612265,1.4781216,1.2466899,0.78712535
rxn27709_d0,0,0,0,0,0,0.063643543,0.000907044,0.005353858,0.003698391,0.001535654,0.072630435,0.13868387,0.0748456,0.07844816,0.084154986
rxn27927_d0_f,0,0,0.4494629,0.9154663,0.4621582,0.100768943,0.001436153,0.008476942,0.005855785,0.002431452,3.7138977,0,3.493042,3.7480469,3.674347
rxn27927_d0_r,0,0,0,0,0,0,0,0,0,0,1.3249512,0,0.6071167,1.1825867,1.2928772
rxn28082_d0_f,0,0,0,0,0,0.063643543,0.000907044,0.005353858,0.003698391,0.001535654,0,0,0,0,0
rxn28082_d0_r,0,0,0,0,0,0,0,0,0,0,0,0,0,0,0
rxn28083_d0_f,0,0,0,0,0,0.1299389,0.001851882,0.010930794,0.007550881,0.003135294,0,0,0,0,0
rxn28083_d0_r,0.2514038,0,0,0.68115234,0,0,0,0,0,0,3.083313,0,0,3.2399902,0
rxn28487_d0_f,0.890625,0,0,1.7062988,2.0237427,0,0,0,0,0,2.187622,0.025268555,3.8322144,4.925537,5.0164185
rxn28487_d0_r,0,0,0,0,0,0,0,0,0,0,0,0,0,0,0
rxn28615_d0_f,0,0,0,0,0,0.063643543,0.000907044,0.005353858,0.003698391,0.001535654,0,0,0,0,0
rxn28615_d0_r,0.7402344,0.7006836,0,0.99554443,0.8034668,0,0,0,0,0,0,0,0,0,0
rxn29240_d0_f,0,0,0,0,0,0,0,0,0,0,1.404292,1.0714874,1.8209145,1.173135,1.217418
rxn29240_d0_r,367.6616,366.35992,366.27917,366.08167,367.52222,434.6143305,6.194097703,36.56087379,25.25587744,10.48680275,340.46265,340.74466,343.60657,340.4467,340.51608
rxn29318_d0_i,34.93453,34.61191,35.455456,34.141235,35.83236,0,0,0,0,0,37.435818,39.761913,37.536182,37.095177,36.949448
rxn29318_d0_o,31.624987,34.383045,32.4537,34.771553,33.022728,3.075309037,0.043829122,0.258702895,0.178709312,0.074204086,28.247437,28.774893,28.89948,28.899565,29.13512
rxn29733_d0_i,3.0578403,4.497091,3.0538633,4.0234427,3.2666564,0.289047758,0.004119492,0.02431544,0.016796857,0.006974429,1.6379364,0.8303121,2.3297584,2.5435498,1.9443963
rxn29733_d0_o,0.7436944,0.07477492,0.8340729,1.0069393,0.38887125,0,0,0,0,0,4.5484014,6.1156964,4.8631654,3.9357045,3.3330448
rxn29785_d0_i,46.292274,46.375397,45.27317,42.05581,44.186993,4.594798627,0.065484798,0.386526262,0.267008386,0.110867828,41.341026,38.240147,35.923355,38.559124,40.50344
rxn29785_d0_o,9.2619705,4.873829,6.098799,7.377972,6.4618444,0,0,0,0,0,11.46395,8.483314,10.949666,9.629607,8.27866
rxn29919_d0_f,1.8759766,0,3.9797974,3.5315552,1.276001,0,0,0,0,0,0.80773926,0,0,0.85736084,0
rxn29919_d0_r,0,0,0,0,0,45.7933855,0.652644619,3.85225721,2.661099855,1.104947921,0,0,0,0,0
rxn31154_d0_i,443.34824,168.3996,172.95174,168.70201,173.88177,978.5693286,13.94651213,82.3197654,56.86565144,23.61188486,436.28812,213.3027,187.0695,176.11763,206.79408
rxn31154_d0_o,1.9338549,139.73471,137.89839,140.0381,137.87964,0,0,0,0,0,4.1226883,115.424995,122.523636,131.5382,120.183105
rxn31768_d0,0.48418394,0.42014185,0.21899655,0.43013418,0.29052553,0,0,0,0,0,0,0,0,0,0
rxn33186_d0_i,0.5016728,1.6395758,1.2958335,1.4971344,1.4553252,0,0,0,0,0,0.021638207,0,1.6253728,0.1873573,0.025742074
rxn33186_d0_o,1.4311908,0.31022322,0.47528002,0.40333003,0.37179777,1.458497862,0.020786425,0.122692586,0.084754783,0.035192073,2.736518,1.882868,1.9642209,1.9250382,0.9450956
rxn37018_d0,2.2168562,3.5311449,0.808921,3.5045261,2.3737016,0,0,0,0,0,0,0,0,0,0
rxn37266_d0_f,0.06896973,0,0,0,0.32086182,0,0,0,0,0,0,0,0,0,0
rxn37266_d0_r,0,0,0,0,0,0,0,0,0,0,0,0,0,0,0
rxn37324_d0,1.421099,3.5870802,1.8286511,3.3286293,1.9546535,0,0,0,0,0,0,0,0,0,0
rxn37610_d0,0.48418394,0.42014185,0.21899655,0.43013418,0.29052553,0,0,0,0,0,0,0,0,0,0
rxn37651_d0_f,0,0,0,0,0,0,0,0,0,0,0,0,0,0,0
rxn37651_d0_r,0,0,0,0,0,0,0,0,0,0,3.072113,0,2.9486694,4.631439,4.4937744
rxn39241_d0_i,2.657959,0.9602051,1.0518188,0,3.1409302,0.1299389,0.001851882,0.010930794,0.007550881,0.003135294,2.2810059,0,2.321106,0,0
rxn39241_d0_o,20.907959,17.788269,18.196167,18.323853,19.200134,0,0,0,0,0,17.216125,12.309448,16.868103,15.273071,14.900391
rxn39242_d0_i,24.014648,18.766418,18.862793,17.01233,23.174133,0,0,0,0,0,22.494202,14.696655,19.624573,20.868774,19.699219
rxn39242_d0_o,2.095337,0,0,0,2.102234,0.1299389,0.001851882,0.010930794,0.007550881,0.003135294,2.0698242,0,0,0,0