rxn_ID	Control	FeLim	FeEx	ZnLim	ZnEx
EX_cpd00067_e0_o	358.80713	355.0172	355.975	354.42508	354.1713
EX_cpd00007_e0_o	90.21607	44.258595	42.951893	42.271122	46.58795
EX_cpd00009_e0_o	316.5614	318.6844	320.855	317.60583	318.44992
EX_cpd00008_e0_o	379.501	380.0587	380.72424	378.7174	379.49634
rxn00001_d0_f	27.148193	32.313354	35.387695	43.903564	34.242065
rxn00018_d0	42.103943	49.86228	41.953033	44.930603	43.29973
rxn00048_d0	0	0	0	0	0
rxn00069_d0_f	0	0	0	0	0
rxn00076_d0	0	0	0	0	0
rxn00077_d0	0	0	0	0	0
rxn00086_d0_f	0	0	0	0	0
rxn00097_d0_f	22.257324	26.802612	32.066162	42.285645	29.21106
rxn00102_d0_f	17.493652	20.54596	20.038696	18.232727	0
rxn00117_d0_f	3.8226318	3.4559937	3.3361816	3.3984985	4.967682
rxn00121_d0	13.187317	9.848755	21.013489	19.042694	18.590149
rxn00122_d0_f	16.176392	14.147095	23.564453	21.668701	22.034119
rxn00124_d0	0	0	0	0	0
rxn00148_d0_f	19.011963	18.635498	18.62201	7.6324463	17.971619
rxn00151_d0	0	0	0	6.097595	0
rxn00154_d0	0.1670866	2.6774712	2.0065918	2.9618607	1.948492
rxn00161_d0	0	0.33994937	0	0.12263012	0
rxn00175_d0	0.24513634	0.17430435	0.2743607	0.26958662	0.2532878
rxn00179_d0_f	11.7335205	0.60705566	0.14819336	0.019042969	7.6480713
rxn00187_d0	27.108702	20.178991	31.212477	28.383532	18.756927
rxn00191_d0_f	0	0	0	0	0.6769409
rxn00192_d0	0	0	0	0	0
rxn00208_d0	0	0	0	0	0
rxn00209_d0	0	0	0	0	0
rxn00237_d0_f	13.598022	12.000427	11.786987	12.287903	11.322662
rxn00248_d0_f	21.682861	26.717102	9.6102295	26.461792	22.416077
rxn00260_d0_f	1.685669	0	0	0	1.7731934
rxn00272_d0_f	0	0	0	0	0
rxn00275_d0_f	0	0	0	0	0
rxn00300_d0	0	0	0	0	0
rxn00313_d0	0	0	0	0	0
rxn00333_d0	0	0	0	0	0
rxn00337_d0_f	23.315796	17.124573	14.4505005	18.47467	18.731812
rxn00338_d0	0	0	0	0	0
rxn00361_d0	0	0	0	0	0
rxn00391_d0_f	32.48474	2.6556396	40.57538	1.0358887	39.27887
rxn00392_d0	34.422596	5.6961927	41.897423	3.704512	41.3727
rxn00394_d0	0	0	0	0	0
rxn00409_d0_f	3.8173828	3.4524536	3.32312	3.294983	4.9561462
rxn00414_d0	0.82097214	0.7289907	0.85831535	0.9495954	0.632358
rxn00420_d0_f	0	0	0.57507324	1.0296631	0.5475464
rxn00459_d0_f	0	0	0	0	0
rxn00493_d0_f	0.69940186	0	0	0	1.7734375
rxn00506_d0	0	0	0	0	0
rxn00527_d0_f	0.55114746	0	0	0	1.4140625
rxn00533_d0_f	15.677124	14.417358	16.335938	16.133362	15.738159
rxn00611_d0_f	0	0	0	0	0
rxn00689_d0	0	0	0	0	0
rxn00692_d0_f	2.2182007	0.9641113	1.1384277	0.69555664	0
rxn00693_d0_f	0	0	0	0	0
rxn00720_d0_f	0	0	0	0	0
rxn00737_d0	0	0	0	0	0
rxn00747_d0_f	20.793701	23.079956	19.203125	20.197876	23.228638
rxn00770_d0	0.49645424	2.3678694	1.776197	3.924363	1.4935384
rxn00777_d0_f	10.598389	16.265198	10.82251	10.86084	11.718262
rxn00781_d0_f	0	0	0	0	0
rxn00782_d0_f	0	0	0	0	0
rxn00800_d0_f	11.216919	11.06665	9.6828	10.800659	9.915558
rxn00802_d0_f	7.1953125	0	5.0440674	7.633301	7.208496
rxn00830_d0_f	0	0	0	0	0
rxn00832_d0_f	0	0	0	0	0
rxn00838_d0	4.4531913	5.027418	4.9492345	5.673032	4.014607
rxn00839_d0_f	3.8173828	3.4524536	3.32312	3.3839722	4.9561462
rxn00863_d0_f	0.1842041	0	0	0	0
rxn00899_d0	0	0	0	0	0
rxn00907_d0_f	10.543701	5.154663	5.245117	4.196045	12.237427
rxn00929_d0_f	0	0	0	0	0
rxn00931_d0_f	0	0	0	0	0
rxn00947_d0	0	0	0	0	0
rxn00974_d0_f	5.1225586	10.743439	0	0.9206543	6.9851074
rxn00980_d0_f	0	0	0	0	0
rxn01000_d0	0	0	0	0	0
rxn01011_d0_f	0	0	0	0	0
rxn01018_d0_f	0.15222168	0	0	0	0
rxn01019_d0_f	0	0	0	0.19970703	0.11187744
rxn01069_d0_f	0	1.5175171	0	1.3638916	0.82055664
rxn01100_d0_f	64.86304	79.47449	66.883545	68.53589	72.98108
rxn01101_d0_f	4.7337646	9.113953	6.880127	4.711975	6.7597046
rxn01102_d0	0	0	0	0	0
rxn01106_d0_f	0	0	0	0	0
rxn01111_d0	36.26776	47.006607	37.212112	39.50023	39.42874
rxn01115_d0	0	0	0	0	0
rxn01116_d0_f	0	0	0	0	0
rxn01200_d0_f	8.615845	13.242371	11.567932	10.366211	10.413086
rxn01207_d0	0	0	0	0	0
rxn01211_d0_f	5.8780518	0	0	0	6.559082
rxn01249_d0_f	0	0	0	0	0
rxn01255_d0	3.3285754	3.9470835	3.6224573	2.5496564	3.0455678
rxn01256_d0	2.1078677	1.9674366	1.8051234	0.9434099	1.5166787
rxn01257_d0_f	2.147583	0	0	0	0
rxn01258_d0_f	0	0	0	0	0
rxn01301_d0_f	0	0	0	0	0
rxn01302_d0_f	0	0	0	0	0
rxn01332_d0	3.3285754	5.1744647	3.3946652	3.2078483	1.7127044
rxn01334_d0_f	0	0	0	0	0
rxn01345_d0_f	7.9694824	10.986816	12.484985	12.062988	9.051758
rxn01353_d0_f	3.8173828	3.4524536	3.32312	3.3839722	4.9561462
rxn01396_d0	0	0	0	0	0
rxn01434_d0	0.3457043	0.5635103	0.26767445	0.34251812	0.1955123
rxn01465_d0_f	0	0	0	0	2.8995972
rxn01476_d0_f	0.11755371	0	0	0.012573242	0
rxn01486_d0	0	0	0	0	0
rxn01512_d0_f	3.8173828	3.4524536	3.32312	3.3839722	4.9561462
rxn01539_d0_f	0	0.007341864	0.15925087	0.09820893	0.051114872
rxn01636_d0_f	0	0	0	0	0
rxn01637_d0_f	0	0	0	0	0
rxn01643_d0_f	0	0	0	0	0
rxn01644_d0	0	0	0	0	0
rxn01652_d0_f	0.98327637	0	0	0	0
rxn01673_d0_f	3.8173828	3.4524536	3.32312	3.3839722	4.9561462
rxn01678_d0_f	3.8173828	3.4524536	3.32312	3.3839722	4.9561462
rxn01739_d0	3.3285754	3.726907	2.9817452	3.163227	3.478042
rxn01740_d0_f	0	0	0	0	0
rxn01807_d0	0	0	0	0	0
rxn01827_d0	0	0	0	0	0
rxn01917_d0_f	6.913208	2.0233154	5.9541626	5.8878174	1.9111328
rxn01974_d0_f	0	0	0	0	0
rxn01975_d0_f	0	0	0	0	0
rxn02159_d0_f	0	0	0	0	0
rxn02212_d0	2.7425447	3.4583926	2.784798	3.0493734	1.9118283
rxn02213_d0	0.11395764	0	0	0	0
rxn02251_d0	0	0	0	0	0
rxn02305_d0	4.0151186	4.158237	3.5213027	4.1164985	3.2066429
rxn02320_d0_f	0.50964355	0.862854	0.21917725	0	1.1528931
rxn02373_d0_f	0	0	0	0	0
rxn02374_d0	3.8902168	0	0	0	0.05087792
rxn02380_d0_f	0	0	0	0	0
rxn02465_d0_f	1.0874034	1.2879587	1.5103712	1.1518202	1.443097
rxn02473_d0	0	0	0	0	0
rxn02474_d0_f	0	0	0	0	0
rxn02475_d0	0	0	0	0	0
rxn02476_d0_f	7.984741	5.842041	5.393921	6.256958	5.1499023
rxn02484_d0	0	0	0	0	0
rxn02507_d0	0	0	0	0	0
rxn02789_d0_f	0	0	0	0	0
rxn02811_d0_f	0	0.3154602	0	0	0
rxn02834_d0	0.11942569	0.104996115	0.11543219	0.12642023	0.088087335
rxn02835_d0_f	0	0	0.016540527	0	0
rxn02895_d0	0.63467884	1.3508043	0.7564659	2.0238266	1.7274938
rxn02914_d0_f	0	0	0	0	0
rxn02928_d0_f	0	0	0	0	0
rxn02929_d0_f	0	0	0	0	0
rxn02937_d0	4.4683833	4.6021876	4.616072	5.58022	3.718807
rxn02938_d0_f	15.128967	10.132446	14.194275	0	15.126221
rxn02988_d0_f	3.8847656	2.6851196	1.5678711	2.2678833	1.958374
rxn03004_d0	0.44394016	0	0.17113972	0.6794796	1.3616838
rxn03062_d0_f	0	0	0	0	0
rxn03080_d0_f	2.658081	0.033325195	1.6879883	0	2.1310425
rxn03084_d0	1.3709192	3.6601324	3.4641135	4.2509923	3.1162012
rxn03108_d0_f	5.352295	3.090149	3.748352	3.9655151	2.6970825
rxn03136_d0_f	8.559448	11.634155	10.180725	9.914917	11.6979065
rxn03137_d0	4.493745	3.028734	1.7774854	3.0864162	3.3338022
rxn03147_d0	4.4683833	4.715276	4.656282	5.1764913	5.0920563
rxn03175_d0_f	0	0	0	0	0
rxn03891_d0	0	0	0	0	0
rxn03892_d0	0	0	0	0	0
rxn03907_d0_f	0	0.17016602	0	0.041625977	0.18859863
rxn03908_d0	0	0	0	0	0
rxn03909_d0	0	0	0	0	0
rxn03910_d0	0	0	0	0	0
rxn03958_d0_f	0	0	0	0	0
rxn04113_d0	0	0	0	0	0
rxn05023_d0	1.1906921	0.6200597	0.85394096	0.5886831	0.68656904
rxn05024_d0	0	0	0	0	0
rxn05039_d0_f	3.8648438	4.1997013	3.7715902	3.8402975	3.6650941
rxn05040_d0	0	0	0	0	0
rxn05104_d0	0	0	0	0	0
rxn05106_d0_f	0	0	0	0	0
rxn05287_d0	0	0	0	0	0
rxn05330_d0_f	0	0	0	0	0
rxn05331_d0_f	0	0	0	0	0
rxn05335_d0_f	0	0	0	0	0
rxn05337_d0_f	0	0	0	0	0
rxn05340_d0_f	0	0	0	0	0
rxn05342_d0_f	0	0	0	0	0
rxn05343_d0	0.21434343	0	0	0	0
rxn05345_d0	0	0	0	0	0
rxn05346_d0	0	0	0	0	0
rxn05348_d0	0	0	0	0	0
rxn05350_d0	0	0.8619427	0.16688395	0.37792075	0.64722085
rxn05465_d0_f	2.7369385	3.8151245	3.2147217	4.727722	3.913086
rxn05736_d0	0	0	0	0	0
rxn06556_d0	3.6558733	4.7615066	4.7023005	3.7671683	3.5865839
rxn07441_d0_f	0.022399902	1.2788086	1.0505981	1.3955688	1.3580933
rxn07579_d0	0	0	0	0	0
rxn08352_d0	0	0	0	0	0
rxn08392_d0_f	0	0	0	0	0
rxn08436_d0_f	9.253052	11.524231	11.460754	11.826233	11.39978
rxn08756_d0	0	0	0	0	0
rxn08766_d0	0	0	0	0	0
rxn09444_d0	0	0	0	0	0
rxn09449_d0	0	0	0	0	0
rxn09453_d0	0	0	0	0	0
rxn11040_d0	0	0	0	0	0
rxn11700_d0	0.06049135	0.053239524	0.059502386	0.058009427	0.059695303
rxn11702_d0	0	0	0	0	0
rxn11703_d0	2.530371	2.5265667	1.6468406	1.1397585	1.9630374
rxn12282_d0	0	0	0	0	0
rxn14012_d0	0	0	0	0	0
rxn14085_d0	0	0	0	0	0
rxn14094_d0	0	0	0	0	0
rxn14142_d0	0	0	0	0	0
rxn14261_d0	0	0	0	0	0
rxn15022_d0	0	0	0	0	0
rxn15069_d0	0	0.22705078	0	0	0
rxn15116_d0_f	0	0	0	0	0
rxn15166_d0	0	0.06472659	0	0	0
rxn15250_d0_f	0.5427246	0	1.5895996	2.6204224	1.0092773
rxn15271_d0_f	9.376343	12.717468	8.147644	10.328125	9.669067
rxn15280_d0_f	9.362061	11.245636	3.222412	3.5639648	9.168518
rxn15298_d0_f	0.6710205	0	0	0	0
rxn15364_d0_f	0	0	0	0	0
rxn15435_d0	0	0	0	0	0
rxn15493_d0	8.918701	31.354614	6.902954	17.014343	7.63208
rxn15494_d0_f	18.598145	46.340637	9.834106	26.156982	17.6875
rxn17196_d0	49.19336	17.192749	17.587585	17.208313	15.632141
rxn17744_d0_f	15.86145	2.9538574	11.104126	11.240356	12.110718
rxn17803_d0_f	4.5842285	4.442749	3.904663	10.220337	8.167175
rxn18935_d0	0	0	0	0	0
rxn18936_d0_f	0	0	0	0	0
rxn18937_d0_f	0	0	0	0	0
rxn19027_d0_f	0	0	0	0	0
rxn19029_d0_f	0	0	0	0	0
rxn19030_d0	0	0	0	0	0
rxn19071_d0	0	0	0	0	0
rxn19240_d0_f	0.21173096	0	0	0	0
rxn19241_d0_f	0.505249	0.788147	0.38323975	1.0784912	0
rxn19242_d0_f	0.054992676	0.8076782	0.33880615	1.0438232	0
rxn19246_d0	0	0	0	0	0
rxn19253_d0	0	0	0	0	0
rxn19343_d0_f	0.89538574	0.19213867	0	0.1326294	0.106933594
rxn19345_d0	0	0	0	0	0
rxn19544_d0	0	0	0	0	0
rxn19545_d0	0	0	0	0	0
rxn19686_d0_f	0	0	0	0	0
rxn19828_d0_f	0	0	0.36730957	0.0925293	0
rxn19900_d0_f	1.8724365	0	0	1.1744385	0
rxn19905_d0	0.7165513	0.98238415	0.27617383	0.87454784	0.7018433
rxn20583_d0_f	0	0	0	0	0
rxn20595_d0	106.75644	7.6446023	11.598941	9.304798	8.805879
rxn20632_d0	56.993164	1.743314	0	0	2.9514856
rxn20643_d0_f	1.7683105	0.29260254	0	0	0.84729004
rxn23155_d0_f	0	0	0	0	0
rxn23415_d0_f	1.3108618	1.45923	1.2640848	1.312538	1.1720853
rxn23805_d0	0.20759375	0.17719866	0.23804459	0.12702754	0.18565008
rxn24109_d0	0	0	0	0	0
rxn24310_d0	0	0	0	0	0
rxn24312_d0	0	0	0	0	0
rxn24330_d0_f	9.510742	7.0048523	6.3049927	3.7227783	7.4057007
rxn24358_d0	0	0	0	0	0
rxn24360_d0	0	0	0	0	0
rxn24362_d0_f	0	0	0	0	0
rxn24508_d0_f	30.74524	34.23285	34.89044	35.776245	33.01587
rxn25637_d0_f	0	0	0	0	0
rxn25641_d0_f	0	0	0	0	0
rxn25647_d0_f	8.445068	8.290344	8.147827	8.141113	7.9802246
rxn25649_d0_f	4.7246704	3.8183594	3.8049316	3.5679932	4.097351
rxn25661_d0_f	0	0	0	0	0
rxn25662_d0	0	0	0	0	0
rxn25716_d0_f	6.9769287	8.666382	8.186218	8.763428	9.136902
rxn25718_d0_f	3.5333862	4.915039	4.1602783	4.9420776	4.908325
rxn25719_d0_f	0	0	0	0	0
rxn25743_d0_f	0	0	0	0	0
rxn25747_d0_f	0	0	0	0	0
rxn25750_d0_f	1.9274292	0	0	0	2.6600952
rxn25762_d0	0	0	0	0	0
rxn26013_d0_f	0	0	0	0	0
rxn26037_d0_f	0	0	0	0	0
rxn26754_d0	210.54395	18.164627	29.256378	23.637878	20.949158
rxn27029_d0	0	0	0	0	0
rxn27030_d0	0	0	0	0	0
rxn27259_d0	0.24513634	0.098402	0.23580155	0.23671274	0.15071672
rxn27266_d0_f	8.657166	11.830902	13.807617	12.6779785	12.329651
rxn27497_d0	0	0	0	0	0
rxn27709_d0	0	0	0	0	0
rxn27927_d0_f	0	0	0.4494629	0.9154663	0.4621582
rxn28082_d0_f	0	0	0	0	0
rxn28083_d0_f	0	0	0	0	0
rxn28487_d0_f	0.890625	0	0	1.7062988	2.0237427
rxn28615_d0_f	0	0	0	0	0
rxn29919_d0_f	1.8759766	0	3.9797974	3.5315552	1.276001
rxn31768_d0	0.48418394	0.42014185	0.21899655	0.43013418	0.29052553
rxn37018_d0	2.2168562	3.5311449	0.808921	3.5045261	2.3737016
rxn37266_d0_f	0.06896973	0	0	0	0.32086182
rxn37324_d0	1.421099	3.5870802	1.8286511	3.3286293	1.9546535
rxn37610_d0	0.48418394	0.42014185	0.21899655	0.43013418	0.29052553
rxn37651_d0_f	0	0	0	0	0
rxn00211_d0_f	0.5924072	1.5219727	0.5407715	1.3045654	0.6954346
rxn00834_d0_f	0	0	0	0	0
rxn00213_d0_f	0	0	0	0	0
rxn00416_d0	0	0.21569282	0.15526769	0.122492306	0.100746594
rxn00239_d0_f	10.952759	7.32251	7.229553	7.067322	6.5318604
rxn00917_d0	0	0	0	0	0
rxn01007_d0	0	0	0	0	0
rxn00495_c0	0	0	0	0	0
rxn00257_c0_f	51.71637	79.70752	48.734985	50.92108	50.946594
rxn00710_c0	0	0	0	0	0
rxn01611_c0	0	0	0	0	0
rxn00499_c0_f	38.75537	39.86841	39.563904	38.0625	39.042664
rxn04954_c0_f	43.71924	40.185913	40.61206	44.78955	42.65631
rxn00154_c0	0	0	0	0	0
rxn00799_c0_f	40.771545	37.06958	45.20233	23.672241	0.09509277
rxn01361_c0_f	13.870894	14.913307	14.474994	14.576925	14.636669
rxn09736_c0_o	137.93005	140.92772	136.0602	137.45934	141.55835
rxn05238_c0_i	161.12828	161.0352	161.12225	161.12285	161.06818
rxn08730_c0_o	361.24503	357.78485	358.33783	357.67596	357.77264
rxn31154_d0_i	443.34824	168.3996	172.95174	168.70201	173.88177
rxn05467_c0_i	231.45918	236.4601	233.35857	234.15088	233.29358
rxn05468_c0_i	116.81003	137.73222	138.28473	138.78032	136.74898
rxn09121_c0_o	339.0506	340.464	341.54294	340.18604	340.13712
rxn05319_c0_i	358.36282	354.92545	350.84027	355.63583	355.20956
rxn05238_d0_o	68.96186	68.978035	68.96298	68.96285	68.97312
rxn05319_d0_o	1.0282605	6.4429984	3.5544064	4.089672	0.8837516
rxn05467_d0_o	46.901234	43.204567	48.87341	47.5168	48.567738
rxn05468_d0_o	137.08083	99.77757	98.329704	97.858185	102.19516
rxn08730_d0_i	0	0	0	0	0
rxn09118_d0_i	0.38486603	0.036811747	0.05380024	0.08355527	0.93509126
rxn09121_d0_i	0	0	0	0	0
rxn09736_d0_i	95.60863	90.30115	98.60985	96.63821	89.170456
rxn09817_d0_i	5.336797	5.2321043	5.4710937	5.7472043	6.867509
rxn09839_d0_i	0	0	0	0	0
rxn10929_d0_o	6.7157903	6.566031	7.06401	5.8034763	6.4339094
rxn10967_d0_o	5.959334	2.487909	9.929039	2.592392	6.497161
rxn11013_d0_o	38.398323	38.89952	35.640705	42.80622	38.60454
rxn13360_d0_i	1.4311918	0.31022388	0.4752798	0.4033296	0.37179554
rxn13361_d0_o	46.29228	46.3754	45.273167	42.05581	44.186993
rxn13365_d0_i	28.67036	27.440624	31.187195	27.561768	27.375807
rxn29240_d0_f	0	0	0	0	0
rxn29318_d0_o	31.624987	34.383045	32.4537	34.771553	33.022728
rxn29733_d0_o	0.7436944	0.07477492	0.8340729	1.0069393	0.38887125
rxn29785_d0_o	9.2619705	4.873829	6.098799	7.377972	6.4618444
rxn33186_d0_i	0.5016728	1.6395758	1.2958335	1.4971344	1.4553252
rxn39241_d0_i	2.657959	0.9602051	1.0518188	0	3.1409302
rxn39242_d0_i	24.014648	18.766418	18.862793	17.01233	23.174133
rxn_cpd00008_c0_i	4.4162774	5.3861847	3.97081	5.508702	4.893328
rxn_cpd00002_c0_i	413.63672	412.35086	414.48535	410.4418	413.98172
rxn_cpd00103_c0_o	1.4728634	2.8786967	1.712791	2.218722	1.6639583
rxn08217_c0_o	28.468569	28.49542	30.667793	29.06286	28.499193
bio1_biomass	0.9916603	0.987179	1.4473567	2.2030673	1.309644
EX_cpd00013_e0_i	41.546337	35.020958	45.429623	42.721592	33.662804
EX_cpd00048_e0_i	15.75535	15.615042	15.746349	15.74724	15.664532
EX_cpd11632_e0_i	444.10867	30.628975	39.287357	32.126976	37.686245
EX_cpd00011_e0_i	150.20793	159.79773	152.24731	154.06836	152.3733
EX_cpd00001_e0_i	348.45673	339.5258	333.32428	343.65793	342.66766
EX_cpd00002_e0_i	387.80795	384.11996	388.9356	381.96014	386.67117
rxn00001_d0_r	0	0	0	0	0
rxn00069_d0_r	8.8828125	3.6398315	3.0681152	2.8861084	0
rxn00086_d0_r	0	0	0	0	0
rxn00097_d0_r	0	0	0	0	0
rxn00102_d0_r	54.878784	57.344666	58.300232	57.670288	38.57129
rxn00117_d0_r	0	0	0	0	1.5609741
rxn00122_d0_r	0	0	0	0	0
rxn00148_d0_r	1.4547119	0.039489746	4.667053	0	1.5722656
rxn00179_d0_r	0	0	0	0	0
rxn00191_d0_r	0	0	0	0	0
rxn00237_d0_r	0.58447266	0	0	0	0.8244629
rxn00248_d0_r	0	0	0	0	0
rxn00260_d0_r	35.701904	29.739624	26.390259	32.447144	31.783508
rxn00272_d0_r	0	0	0	0	0
rxn00275_d0_r	0	0	0	0	0
rxn00337_d0_r	0	0	0	0	0
rxn00391_d0_r	0	0	0	0	0
rxn00409_d0_r	0	0	0	0	1.6411438
rxn00420_d0_r	0	0	0	0	0
rxn00459_d0_r	0	2.782837	0	0	3.3440552
rxn00493_d0_r	0	0	0	0	0
rxn00527_d0_r	0	0	0	0	0
rxn00533_d0_r	1.3253784	0	1.5680542	0	0
rxn00611_d0_r	0	0	0	0	1.8088684
rxn00692_d0_r	0	0	0	0	0
rxn00693_d0_r	5.423218	1.8377686	2.227295	4.557068	2.2120361
rxn00711_d0	0	0	0	0	0
rxn00720_d0_r	0	0	0	0	0
rxn00747_d0_r	0	0	0	0	0
rxn00777_d0_r	0	0	0	0	0
rxn00781_d0_r	27.457886	48.43689	34.009705	43.02472	44.284546
rxn00782_d0_r	30.859375	22.177002	23.514404	17.634888	19.553955
rxn00789_d0	0.11942569	0.10411217	0.13281095	0.1263024	0.10921963
rxn00790_d0	0	0.5122813	0.8618388	1.1081319	0.10635376
rxn00791_d0	0.0754262	0.11205596	0.06073616	0.0839806	0.071722895
rxn00800_d0_r	0.7977295	0	0	0	0.7215271
rxn00802_d0_r	1.6665039	0	0	0.29260254	1.3376465
rxn00830_d0_r	0	0	0	0	0
rxn00832_d0_r	2.505005	1.010315	0	0	0
rxn00839_d0_r	0	0	0	0	1.7354431
rxn00863_d0_r	1.8925781	0	0.6188965	0	0.93048096
rxn00907_d0_r	0	0	0	0	0
rxn00929_d0_r	2.0894775	0.23461914	0	0	0
rxn00931_d0_r	0.37390137	0	0	0	0
rxn00974_d0_r	20.855774	23.381958	17.511963	17.2948	22.333374
rxn00980_d0_r	0	0	0	0	0
rxn01011_d0_r	0	0	0	0	0
rxn01018_d0_r	0	0	0	0	0
rxn01019_d0_r	0	0	0	0	0
rxn01069_d0_r	0	0	0	0	0
rxn01100_d0_r	0	0	0	0	0
rxn01101_d0_r	0	0.74645996	0	0	0
rxn01106_d0_r	6.462036	6.394226	3.154663	8.635803	0.73217773
rxn01116_d0_r	19.057861	25.560669	19.931396	21.443298	20.935974
rxn01200_d0_r	0	0	0	0	0
rxn01208_d0	0	0	0	0	0
rxn01211_d0_r	0	0	0	0	0
rxn01249_d0_r	0	0	0	0	0
rxn01257_d0_r	3.310669	0	0	0	0
rxn01258_d0_r	0	0	0	0	0
rxn01301_d0_r	4.977417	0.7750244	0	1.1240234	4.7267456
rxn01302_d0_r	1.3786621	0	0	0	0
rxn01334_d0_r	5.984619	6.6973877	8.715393	8.814087	6.8077393
rxn01345_d0_r	0	0	0	0	0
rxn01353_d0_r	0	0	0	0	1.7354431
rxn01465_d0_r	0.42163086	0	0	0	1.0301514
rxn01476_d0_r	1.4644775	0	0	0	0
rxn01512_d0_r	0	0	0	0	1.7354431
rxn01539_d0_r	4.8703833	6.262157	5.2188897	5.9418964	4.6259723
rxn01636_d0_r	0	0	0	0	0
rxn01637_d0_r	0	0	0	0	0
rxn01643_d0_r	16.029785	9.656372	5.1674805	10.340027	12.222351
rxn01652_d0_r	0	0	0	0	0
rxn01673_d0_r	0	0	0	0	1.7354431
rxn01678_d0_r	0	0	0	0	1.7354431
rxn01740_d0_r	1.1989746	0	0	0.24505615	0.1607666
rxn01917_d0_r	0	0	0.20843506	0	0
rxn01974_d0_r	0	0	0	0	0
rxn01975_d0_r	0	0	0	0	0
rxn02159_d0_r	0	0	0	0	0
rxn02320_d0_r	0	0	0	0	0
rxn02373_d0_r	9.44873	0	0	0	5.41687
rxn02380_d0_r	0	0	0	0	0
rxn02402_d0	0	0	0	0	0
rxn02465_d0_r	6.6316476	3.4332514	5.2165213	5.0778	3.0949092
rxn02474_d0_r	0.10070801	0	0	0	0
rxn02476_d0_r	0	0	0	0	0
rxn02789_d0_r	0	0.73703	0	0	0
rxn02811_d0_r	0	1.055542	0	0	0
rxn02832_d0	3.0789657	2.0424845	1.725016	0.060261223	1.9732676
rxn02835_d0_r	0	0	0	0	0
rxn02914_d0_r	0	0	0	0	0
rxn02928_d0_r	0	0	0	0	0
rxn02929_d0_r	0	0	0	0	0
rxn02938_d0_r	29.293457	27.275269	28.878662	15.021484	29.621948
rxn02988_d0_r	5.342041	2.5569458	2.5838623	2.7407837	3.045288
rxn03062_d0_r	0	0	0	0	0
rxn03080_d0_r	1.3807373	0	1.1938477	0	1.2843628
rxn03108_d0_r	0	0	0	0	0
rxn03135_d0	0	0	0	0	0
rxn03136_d0_r	0	1.4276123	3.854004	0.11834717	4.3861084
rxn03175_d0_r	0	0	0	0	0
rxn03907_d0_r	0	0	0	0.17797852	0
rxn03958_d0_r	0	0	0	0	0
rxn03983_d0	0.24513634	0	0	0	0
rxn04996_d0	0	0	0	0	0
rxn05039_d0_r	0.28571296	0.00734201	0.23553914	0.06692995	0.2787124
rxn05105_d0	0	0	0	0	0
rxn05106_d0_r	0	0	0	0	0
rxn05324_d0	1.7116767	2.775084	2.0215616	1.8973979	1.4614081
rxn05325_d0	0.40533674	0.11364508	0.02431178	0.39561784	0.033064842
rxn05326_d0	0.3479613	0.47752118	0.06343639	0.5235089	0.27304935
rxn05330_d0_r	0	0	0	0	0
rxn05331_d0_r	0	0	0	0	0
rxn05335_d0_r	0	0	0.01574707	0	0.14031982
rxn05337_d0_r	0	0	0	0	0
rxn05338_d0	1.1666586	0	0	0	0
rxn05340_d0_r	0	0	0	0	0
rxn05342_d0_r	0	0	0	0	0
rxn05465_d0_r	0	0	0	0	0
rxn07441_d0_r	0	0	1.1369019	0.3157959	0
rxn08392_d0_r	0.18145752	0	0	0	0
rxn08436_d0_r	0	0.3168335	0.18304443	1.1553345	1.00531
rxn15021_d0	0	0	0	0	0
rxn15116_d0_r	10.975342	15.345337	6.909363	9.648193	11.893188
rxn15250_d0_r	0	0	0	0	0
rxn15271_d0_r	0	0	0	0	0
rxn15280_d0_r	0.24182129	5.9691467	0	0	0.24841309
rxn15298_d0_r	0	0	0	0	0
rxn15364_d0_r	0	0	0	0	0
rxn15494_d0_r	0	0	0	0	0
rxn17469_d0	0	0	0	0	0
rxn17744_d0_r	28.822998	21.329346	26.483765	25.924438	25.309692
rxn17803_d0_r	10.926819	15.393188	15.450317	18.855652	17.612549
rxn18936_d0_r	0	0	0	0	0
rxn18937_d0_r	1.468689	2.722107	2.3183594	0	1.664978
rxn19027_d0_r	0	0	0	0	0
rxn19029_d0_r	0	0	0	0	0
rxn19240_d0_r	8.114136	3.7506104	7.862793	6.8483887	2.9189453
rxn19241_d0_r	0	0	0	0	0
rxn19242_d0_r	0	0	0	0	0
rxn19343_d0_r	0	0	0	0	0
rxn19686_d0_r	0	0	0	0	0
rxn19701_d0	0	0	0	0	0
rxn19828_d0_r	28.816772	18.963867	27.401367	26.3031	23.522827
rxn19900_d0_r	0	0	0	0	0
rxn20583_d0_r	0	0	0	0	0
rxn20643_d0_r	2.8770752	2.7958984	2.0067139	1.7342529	2.9932861
rxn23155_d0_r	0	0	0	0	0
rxn23415_d0_r	1.1560919	0.5455802	0.7379985	0.70091033	0.44974586
rxn24330_d0_r	2.2567139	0.15322876	0	0	1.7181396
rxn24362_d0_r	0	0	0	0	0
rxn24508_d0_r	43.174133	53.823303	54.784485	54.668396	54.039917
rxn25637_d0_r	0	0	0	0	0
rxn25641_d0_r	0	0	0	0	0
rxn25647_d0_r	15.365051	13.530579	13.4678955	13.428406	14.53479
rxn25649_d0_r	0	0	0	0	0
rxn25661_d0_r	0	0	0	0	0
rxn25716_d0_r	13.75592	16.038696	15.691101	16.342041	16.156738
rxn25718_d0_r	0	0	0	0	0
rxn25719_d0_r	0.55340576	1.9985962	1.1939087	0	1.2591553
rxn25743_d0_r	0	0	0	0	0
rxn25747_d0_r	0	0	0	0	0
rxn25750_d0_r	0	0	0	0	0
rxn26013_d0_r	0	0	0	0	0
rxn26037_d0_r	0	0	0	0	0
rxn26477_d0	0	0	0	0	0
rxn27266_d0_r	19.470215	6.175125	7.375366	5.56604	6.477844
rxn27318_d0	0	0	0	0	0
rxn27927_d0_r	0	0	0	0	0
rxn28082_d0_r	0	0	0	0	0
rxn28083_d0_r	0.2514038	0	0	0.68115234	0
rxn28487_d0_r	0	0	0	0	0
rxn28615_d0_r	0.7402344	0.7006836	0	0.99554443	0.8034668
rxn29919_d0_r	0	0	0	0	0
rxn37266_d0_r	0	0	0	0	0
rxn37651_d0_r	0	0	0	0	0
rxn00211_d0_r	2.7336426	3.1171875	2.0096436	3.5202637	2.6174316
rxn00834_d0_r	0.65441895	2.0007324	0	0	1.5782471
rxn00213_d0_r	0	0	0	0	0
rxn00239_d0_r	2.2954102	0	0	0	0
rxn00257_c0_r	41.97644	69.49817	35.998047	41.780518	41.85858
rxn00330_c0	0	0	0	0	0
rxn01362_c0	0.52069986	1.296053	0.48378682	0.4950604	0.5327059
rxn00499_c0_r	27.43811	27.54773	28.557251	27.143188	27.142883
rxn04954_c0_r	18.91858	14.625244	14.814697	22.712097	19.026123
rxn00799_c0_r	73.86438	77.64685	71.01318	67.249756	32.650635
rxn01361_c0_r	13.105639	12.439419	12.947391	13.439966	13.462284
rxn09736_c0_i	175.96631	172.28224	178.05324	176.70403	171.555
rxn05238_c0_o	149.24052	149.2899	149.24362	149.24333	149.27246
rxn08730_c0_i	4.9820642	3.2785075	3.515897	4.3893576	5.095737
rxn31154_d0_o	1.9338549	139.73471	137.89839	140.0381	137.87964
rxn05467_c0_o	89.06605	84.11884	88.92605	87.897316	88.73507
rxn05468_c0_o	201.65771	176.11261	175.31279	175.02711	177.53831
rxn09121_c0_i	25.615118	24.905523	23.813848	25.706099	24.813116
rxn05319_c0_o	13.032003	18.525572	20.641903	15.103824	15.667826
rxn05238_d0_i	75.419044	75.29062	75.410934	75.411705	75.33709
rxn05319_d0_i	309.84384	298.13904	304.2299	297.1692	304.43268
rxn05467_d0_i	179.04103	185.7449	182.53156	183.359	182.18536
rxn05468_d0_i	59.164486	68.83839	68.788445	69.1987	68.76741
rxn08730_d0_o	316.93365	314.6961	316.2331	318.51144	314.9733
rxn09118_d0_o	0	9.53E-05	5.68E-05	0.001660197	0
rxn09121_d0_o	300.37427	302.02783	301.67087	302.01804	302.9147
rxn09736_d0_o	62.645412	64.17601	61.616352	62.433353	64.40295
rxn09817_d0_o	5.954662	6.493471	6.2593155	6.3401055	6.5443983
rxn09839_d0_o	0	0	0	0	0
rxn10929_d0_i	19.957216	21.873203	19.700266	18.90942	20.155247
rxn10967_d0_i	33.38952	36.235386	27.715199	37.670662	34.03162
rxn11013_d0_i	9.549342	7.9498687	12.159642	7.02408	11.08959
rxn13360_d0_o	0.50167376	1.6395767	1.2958331	1.4971341	1.4553219
rxn13361_d0_i	9.261974	4.8738294	6.0987983	7.3779716	6.4618444
rxn13365_d0_o	17.498493	20.68964	16.276245	19.817741	18.887428
rxn29240_d0_r	367.6616	366.35992	366.27917	366.08167	367.52222
rxn29318_d0_i	34.93453	34.61191	35.455456	34.141235	35.83236
rxn29733_d0_i	3.0578403	4.497091	3.0538633	4.0234427	3.2666564
rxn29785_d0_i	46.292274	46.375397	45.27317	42.05581	44.186993
rxn33186_d0_o	1.4311908	0.31022322	0.47528002	0.40333003	0.37179777
rxn39241_d0_o	20.907959	17.788269	18.196167	18.323853	19.200134
rxn39242_d0_o	2.095337	0	0	0	2.102234
rxn_cpd00008_c0_o	382.89197	383.72458	383.85315	382.50302	382.97104
rxn_cpd00002_c0_o	28.954683	31.356798	28.675653	31.607561	30.436464
rxn_cpd00103_c0_i	1.0375392	1.3804337	1.0799654	0.63158596	0.7639598
rxn08217_c0_i	15.676709	16.967388	15.485093	16.193504	16.17486