,rxn_ID,Control,FeLim,FeEx,ZnLim,ZnEx,fluxes_Control,fluxes_FeLim,fluxes_FeEX,fluxes_ZnLim,fluxes_ZnEx,v_Control,v_FeLim,v_FeEX,v_ZnLim,v_ZnEx
0,EX_cpd00067_e0_o,358.80713,355.0172,355.975,354.42508,354.1713,313.16743500561006,91.0421830384489,330.3172992859651,365.6689091678675,201.88826268639033,,,,,
1,EX_cpd00007_e0_o,90.21607,44.258595,42.951893,42.271122,46.58795,83.91789898505489,24.396114875298476,88.51346166947145,97.98645437375892,54.09898010015389,,,,,
2,EX_cpd00009_e0_o,316.5614,318.6844,320.855,317.60583,318.44992,293.4635855917385,85.31399656571554,309.53441576612886,342.66177523183325,189.18586939211448,,,,,
3,EX_cpd00008_e0_o,379.501,380.0587,380.72424,378.7174,379.49634,300.93071461526796,87.48479611682374,317.41046422061765,351.3807434879064,193.9996703730131,,,,,
4,rxn00001_d0_f,27.148193,32.313354,35.387695,43.903564,34.242065,3.3865645837806877,0.9845220104145469,3.572021679559037,3.9543108214793583,2.1832015844255763,1000.0,1000.0,1000.0,1000.0,1000.0
5,rxn00018_d0,42.103943,49.86228,41.953033,44.930603,43.29973,94.04987326231971,27.341622465112444,99.20028924348473,109.81702028690354,60.63071506290162,137.43176807178628,137.43176807178628,137.43176807178628,137.43176807178628,137.43176807178628
6,rxn00048_d0,0.0,0.0,0.0,0.0,0.0,0.0,0.0,0.0,0.0,0.0,0.0,0.0,0.0,0.0,0.0
7,rxn00069_d0_f,0.0,0.0,0.0,0.0,0.0,0.0,0.0,0.0,0.0,0.0,999.047601358602,789.021244654265,998.4162756033132,1002.335129317874,998.0737196871758
8,rxn00076_d0,0.0,0.0,0.0,0.0,0.0,0.0,0.0,0.0,0.0,0.0,0.0,0.0,0.0,0.0,0.0
9,rxn00077_d0,0.0,0.0,0.0,0.0,0.0,0.0,0.0,0.0,0.0,0.0,0.0,0.0,0.0,0.0,0.0
10,rxn00086_d0_f,0.0,0.0,0.0,0.0,0.0,0.0,0.0,0.0,0.0,0.0,868.1300165803917,781.9883383077438,955.4226985822132,1020.929815383271,844.8580364188252
11,rxn00097_d0_f,22.257324,26.802612,32.066162,42.285645,29.21106,5.450698444140186,1.5845947885031855,5.7491928854554875,6.364489827098497,3.51387761404745,1000.0,1000.0,1000.0,1000.0,1000.0
12,rxn00102_d0_f,17.493652,20.54596,20.038696,18.232727,0.0,0.0,0.0,0.0,0.0,0.0,1001.5620993214736,959.3207706658948,996.6345057622632,1000.021872752904,998.4249093237132
13,rxn00117_d0_f,3.8226318,3.4559937,3.3361816,3.3984985,4.967682,0.07183119528332363,0.02088233991742395,0.07576485859727133,0.08387345517903703,0.046307098380702495,1529.0433335024504,799.722374265749,1411.1748654035011,1126.7292481598142,509.7909678313704
14,rxn00121_d0,13.187317,9.848755,21.013489,19.042694,18.590149,0.0,0.0,0.0,0.0,0.0,361.3039699196664,479.5149665545916,405.9439826240784,420.3099173028144,337.31416664848086
15,rxn00122_d0_f,16.176392,14.147095,23.564453,21.668701,22.034119,0.0,0.0,0.0,0.0,0.0,637.7686318320025,877.533318628291,604.9718203460001,546.8953061227317,582.9683609828131
16,rxn00124_d0,0.0,0.0,0.0,0.0,0.0,0.0,0.0,0.0,0.0,0.0,0.0,0.0,0.0,0.0,0.0
17,rxn00148_d0_f,19.011963,18.635498,18.62201,7.6324463,17.971619,0.0,0.0,0.0,0.0,0.0,993.0445082412606,824.5008669838826,992.174448628562,985.0194895826056,1038.3655860349406
18,rxn00151_d0,0.0,0.0,0.0,6.097595,0.0,0.0,0.0,0.0,0.0,0.0,835.0145351454981,857.2320161626396,866.1019714094623,853.8611705472815,868.9914214436799
19,rxn00154_d0,0.1670866,2.6774712,2.0065918,2.9618607,1.948492,5.595465930018901,1.626680735105998,5.9018882158592385,6.5335270983054965,3.6072042277070295,12.260411511544484,21.347701527905425,14.198943445373155,12.866621416496976,14.746248483948929
20,rxn00161_d0,0.0,0.33994937,0.0,0.12263012,0.0,0.0,0.0,0.0,0.0,0.0,4.286474274071457,3.252716857904268,3.9335611490456666,3.915957079768183,4.35351361008995
21,rxn00175_d0,0.24513634,0.17430435,0.2743607,0.26958662,0.2532878,0.14366239056664723,0.04176467983484787,0.15152971719454267,0.16774691035807396,0.09261419676140498,0.2353306870142958,0.2409177172893662,0.2372970373689561,0.2369262006476671,0.2495175071922023
22,rxn00179_d0_f,11.7335205,0.60705566,0.14819336,0.019042969,7.6480713,0.17681524992818123,0.05140268287365892,0.18649811347020626,0.2064577358253218,0.11398670370634453,772.0996133966997,1578.43840871124,851.6192872764044,848.5534999608776,495.8679584016213
23,rxn00187_d0,27.108702,20.178991,31.212477,28.383532,18.756927,17.675078603497777,5.138394231219444,18.643011936633652,20.63824647758016,11.394514605395134,27.108700931552445,27.108700931552445,27.108700931552445,27.108700931552445,27.108700931552445
24,rxn00191_d0_f,0.0,0.0,0.0,0.0,0.6769409,0.0,0.0,0.0,0.0,0.0,942.0016777998248,971.9520815762406,1009.346348685292,1038.8872895637808,932.9673687876256
25,rxn00192_d0,0.0,0.0,0.0,0.0,0.0,0.0,0.0,0.0,0.0,0.0,0.0,0.0,0.0,0.0,0.0
26,rxn00208_d0,0.0,0.0,0.0,0.0,0.0,0.0,0.0,0.0,0.0,0.0,,,,,
27,rxn00209_d0,0.0,0.0,0.0,0.0,0.0,0.0,0.0,0.0,0.0,0.0,,,,,
28,rxn00237_d0_f,13.598022,12.000427,11.786987,12.287903,11.322662,2.2059544254060612,0.6413020133102192,2.3267582344090134,2.5757753145623656,1.422102864886338,1529.0433335024504,799.722374265749,1411.1748654035011,1126.7292481598142,509.7909678313704
29,rxn00248_d0_f,21.682861,26.717102,9.6102295,26.461792,22.416077,6.89782075527114,2.005293621147285,7.275563382888203,8.054217358743855,4.44678754219406,1129.2700713080717,809.1934916600434,1072.97279025117,1094.993163870219,1010.3705269915752
30,rxn00260_d0_f,1.685669,0.0,0.0,0.0,1.7731934,0.0,0.0,0.0,0.0,0.0,1002.8950740306342,1028.8180367683044,1017.8864017427682,1002.325183597684,1009.5473415666704
31,rxn00272_d0_f,0.0,0.0,0.0,0.0,0.0,0.0,0.0,0.0,0.0,0.0,1000.0,1000.0,1000.0,1000.0,1000.0
32,rxn00275_d0_f,0.0,0.0,0.0,0.0,0.0,1.9241551208330232,0.5593789874803254,2.0295268660658725,2.246733298090759,1.2404365558543513,1000.0,1000.0,1000.0,1000.0,1000.0
33,rxn00300_d0,0.0,0.0,0.0,0.0,0.0,0.0,0.0,0.0,0.0,0.0,0.0,0.0,0.0,0.0,0.0
34,rxn00313_d0,0.0,0.0,0.0,0.0,0.0,0.1768152499281813,0.05140268287365894,0.18649811347020645,0.2064577358253219,0.11398670370634462,0.2522956357320114,0.3832511626077421,0.2675154301056551,0.2486319371867953,0.2199810406765938
35,rxn00333_d0,0.0,0.0,0.0,0.0,0.0,0.0,0.0,0.0,0.0,0.0,0.0,0.0,0.0,0.0,0.0
36,rxn00337_d0_f,23.315796,17.124573,14.4505005,18.47467,18.731812,0.5967514685076121,0.17348405469859898,0.6294311329619466,0.6967948584104615,0.3847051250089132,965.9767890273464,1285.3570917421337,976.0898734004004,992.577420470426,912.0572544918144
37,rxn00338_d0,0.0,0.0,0.0,0.0,0.0,0.0,0.0,0.0,0.0,0.0,0.0,0.0,0.0,0.0,0.0
38,rxn00361_d0,0.0,0.0,0.0,0.0,0.0,0.0,0.0,0.0,0.0,0.0,0.0,0.0,0.0,0.0,0.0
39,rxn00391_d0_f,32.48474,2.6556396,40.57538,1.0358887,39.27887,0.0,0.0,0.0,0.0,0.0,673.1464269313124,852.9582999310029,637.7660282260368,995.905175952846,645.711895057644
40,rxn00392_d0,34.422596,5.6961927,41.897423,3.704512,41.3727,0.0,0.0,0.0,0.0,0.0,,,,,
41,rxn00394_d0,0.0,0.0,0.0,0.0,0.0,0.0,0.0,0.0,0.0,0.0,0.0,0.0,0.0,0.0,0.0
42,rxn00409_d0_f,3.8173828,3.4524536,3.32312,3.294983,4.9561462,0.0,0.0,0.0,0.0,0.0,1529.0433335024504,799.722374265749,1411.1748654035011,1126.7292481598142,509.7909678313704
43,rxn00414_d0,0.82097214,0.7289907,0.85831535,0.9495954,0.632358,0.40335978889866364,0.11726237030553446,0.4254488213539084,0.4709817098515156,0.26003216783009864,0.7570992275646299,0.672274052180292,0.7915370440704484,0.8757153808431858,0.5831595406996205
44,rxn00420_d0_f,0.0,0.0,0.57507324,1.0296631,0.5475464,5.205735649968852,1.5133806549386362,5.490815290751973,6.078459838923831,3.355958534954285,1320.804357698821,1985.0065722333084,1236.9650236376983,1168.941362072218,862.0248643232388
45,rxn00459_d0_f,0.0,0.0,0.0,0.0,0.0,12.980633717904604,3.773653000923808,13.691487023999711,15.156793591417912,8.368167621991708,1022.76499617991,991.382900016388,1306.9186002103002,1061.9692663802532,905.8068442133622
46,rxn00493_d0_f,0.69940186,0.0,0.0,0.0,1.7734375,0.0,0.0,0.0,0.0,0.0,1004.6998477407616,1030.6694605047896,1019.718153304154,1004.128931753596,1011.3640864569072
47,rxn00506_d0,0.0,0.0,0.0,0.0,0.0,0.0,0.0,0.0,0.0,0.0,0.0,0.0,0.0,0.0,0.0
48,rxn00527_d0_f,0.55114746,0.0,0.0,0.0,1.4140625,0.0,0.0,0.0,0.0,0.0,936.9226552597648,1024.8785992874584,966.9497508755207,998.7444558686168,1000.0751401746018
49,rxn00533_d0_f,15.677124,14.417358,16.335938,16.133362,15.738159,4.62482388093399,1.344501423914141,4.8780912804550844,5.400160152681074,2.9814647188190753,995.2515926080744,997.0304963293986,998.711499429284,999.3036588340518,1003.231757465322
50,rxn00611_d0_f,0.0,0.0,0.0,0.0,0.0,0.0,0.0,0.0,0.0,0.0,1197.01925612163,1229.4954371893366,1101.0103432791234,1090.694727186514,567.2802040536916
51,rxn00689_d0,0.0,0.0,0.0,0.0,0.0,0.0,0.0,0.0,0.0,0.0,0.0,0.0,0.0,0.0,0.0
52,rxn00692_d0_f,2.2182007,0.9641113,1.1384277,0.69555664,0.0,0.0,0.0,0.0,0.0,0.0,1028.9029380058034,918.5216008809944,1028.9029380058034,1028.9029380058034,1028.9029380058034
53,rxn00693_d0_f,0.0,0.0,0.0,0.0,0.0,0.09024945048417594,0.026236786050096772,0.09519174541708451,0.10537946932750811,0.05818071335011345,1117.648286576261,1149.837599588035,1093.667004774229,1059.777128075336,1021.2828950136976
54,rxn00720_d0_f,0.0,0.0,0.0,0.0,0.0,0.0,0.0,0.0,0.0,0.0,1057.9611369227969,1996.044484274601,1068.042339616875,1127.7982921054145,1069.4244626614163
55,rxn00737_d0,0.0,0.0,0.0,0.0,0.0,0.1528715181670734,0.044441902901184285,0.16124316060444918,0.1784999174323095,0.09855100424611041,0.2934124931711485,0.1455419455829103,0.4284786412950045,0.3702363180362539,0.2615297662395855
56,rxn00747_d0_f,20.793701,23.079956,19.203125,20.197876,23.228638,68.55366677033199,19.929516228114807,72.30784408768558,80.0464599613166,44.19418859689581,1000.0,1000.0,1000.0,1000.0,1000.0
57,rxn00770_d0,0.49645424,2.3678694,1.776197,3.924363,1.4935384,2.6516762012666844,0.7708796097209021,2.7968888954484914,3.096220856955365,1.7094443471460812,2.6516762012666844,4.202055432255817,3.042680606747729,3.096220856955365,2.63841115491366
58,rxn00777_d0_f,10.598389,16.265198,10.82251,10.86084,11.718262,29.15425615742897,8.475552783407782,30.750819147082257,34.041869795614794,18.794745135080507,1000.0,1000.0,1000.0,1000.0,1000.0
59,rxn00781_d0_f,0.0,0.0,0.0,0.0,0.0,0.0,0.0,0.0,0.0,0.0,999.7166991134416,1034.3966456453395,1003.8036283108636,1008.0623239525196,995.4358150944356
60,rxn00782_d0_f,0.0,0.0,0.0,0.0,0.0,0.0,0.0,0.0,0.0,0.0,1000.0,1000.0,1000.0,1000.0,1000.0
61,rxn00800_d0_f,11.216919,11.06665,9.6828,10.800659,9.915558,2.2059544254060612,0.6413020133102192,2.3267582344090134,2.5757753145623656,1.4221028648863379,1370.480881154111,1366.9740233107968,743.5878119024868,796.203376637513,467.5357879280742
62,rxn00802_d0_f,7.1953125,0.0,5.0440674,7.633301,7.208496,0.20260080720937437,0.05889890745940086,0.2136957550179448,0.23656615563318126,0.13060976466351984,735.1293964666652,1812.664571022784,1213.1987164808886,537.9921194172629,600.5245417096171
63,rxn00830_d0_f,0.0,0.0,0.0,0.0,0.0,0.0,0.0,0.0,0.0,0.0,924.8028300681063,789.0591929404135,819.6156122659834,1041.672043604897,683.2343505422434
64,rxn00832_d0_f,0.0,0.0,0.0,0.0,0.0,0.0,0.0,0.0,0.0,0.0,962.4635896686686,938.913973104638,1003.0080212958568,1087.490335169456,996.3629644362696
65,rxn00838_d0,4.4531913,5.027418,4.9492345,5.673032,4.014607,2.2059544254060612,0.6413020133102192,2.3267582344090134,2.5757753145623656,1.4221028648863379,3.4221177329823838,3.8633907648221726,3.803309184534518,4.359521460808039,3.085081590784987
66,rxn00839_d0_f,3.8173828,3.4524536,3.32312,3.3839722,4.9561462,0.0,0.0,0.0,0.0,0.0,1529.0433335024504,799.722374265749,1411.1748654035011,1126.7292481598142,509.7909678313704
67,rxn00863_d0_f,0.1842041,0.0,0.0,0.0,0.0,0.06998936976323845,0.020346895304156676,0.07382216991529005,0.08172285376418996,0.045119736883761426,907.8796359537084,1039.5616879642048,887.6423612351028,1100.6410454113122,807.0728340802069
68,rxn00899_d0,0.0,0.0,0.0,0.0,0.0,0.0,0.0,0.0,0.0,0.0,0.0,0.0,0.0,0.0,0.0
69,rxn00907_d0_f,10.543701,5.154663,5.245117,4.196045,12.237427,4.743437444427462,1.3789840570085488,5.003200431574664,5.5386588837972095,3.0579307992220723,727.3825655353525,1074.3718000675792,755.2186253220575,951.9730951536231,678.0389154303473
70,rxn00929_d0_f,0.0,0.0,0.0,0.0,0.0,0.0,0.0,0.0,0.0,0.0,648.3789897974776,583.4378000391093,791.8681901304483,993.991789932252,1079.7255632886922
71,rxn00931_d0_f,0.0,0.0,0.0,0.0,0.0,0.0,0.0,0.0,0.0,0.0,648.3789897974776,583.4378000391093,791.8681901304483,993.991789932252,1079.7255632886922
72,rxn00947_d0,0.0,0.0,0.0,0.0,0.0,0.0,0.0,0.0,0.0,0.0,0.0,0.0,0.0,0.0,0.0
73,rxn00974_d0_f,5.1225586,10.743439,0.0,0.9206543,6.9851074,0.908019981402012,0.26397419434076813,0.9577455202167843,1.060246497519618,0.585369217991955,1000.0,541.9035287713505,1000.0,1000.0,1000.0
74,rxn00980_d0_f,0.0,0.0,0.0,0.0,0.0,0.0,0.0,0.0,0.0,0.0,978.2121891397333,1172.5445867260032,1054.688834521325,1095.701976036372,1067.0921436145222
75,rxn01000_d0,0.0,0.0,0.0,0.0,0.0,1.149299124533178,0.334117438678783,1.2122377375563413,1.3419752828645921,0.7409135740912399,3.2320759370295105,2.8815132643291337,3.034489870654207,2.960634347475751,2.8658146843165864
76,rxn01011_d0_f,0.0,0.0,0.0,0.0,0.0,0.0,0.0,0.0,0.0,0.0,1000.0,1000.0,1000.0,1000.0,1000.0
77,rxn01018_d0_f,0.15222168,0.0,0.0,0.0,0.0,0.20075898168928918,0.05836346284613359,0.21175306633596352,0.23441555421833427,0.1294224031665788,1180.2680662144828,1273.9004457375197,1398.5652898280598,1315.381316861956,868.0402777920328
78,rxn01019_d0_f,0.0,0.0,0.0,0.19970703,0.11187744,0.20260080720937446,0.05889890745940088,0.2136957550179448,0.23656615563318137,0.1306097646635199,1039.7272564076266,1268.4796087179427,940.01459595044,1031.3443100255945,793.4528113742289
79,rxn01069_d0_f,0.0,1.5175171,0.0,1.3638916,0.82055664,0.32968676809525466,0.09584458577484323,0.3477412740746556,0.38495765325763137,0.21253770795245502,915.9994478559298,937.0935413222144,1121.0490681953663,790.7107873535952,700.7830495438393
80,rxn01100_d0_f,64.86304,79.47449,66.883545,68.53589,72.98108,169.9133771567659,49.396211274362436,179.21827617221777,198.3987871434653,109.53730396885724,1000.0,1000.0,1000.0,1000.0,1000.0
81,rxn01101_d0_f,4.7337646,9.113953,6.880127,4.711975,6.7597046,5.205735649968852,1.5133806549386362,5.490815290751972,6.0784598389238305,3.355958534954284,1237.5926771937766,548.7159927056001,1106.6149483295528,1124.8574869646095,1031.5051448115137
82,rxn01102_d0,0.0,0.0,0.0,0.0,0.0,0.0,0.0,0.0,0.0,0.0,0.0,0.0,0.0,0.0,0.0
83,rxn01106_d0_f,0.0,0.0,0.0,0.0,0.0,0.0,0.0,0.0,0.0,0.0,868.6109886311634,713.5160346746067,994.873554522272,865.6092902664067,1002.1153966447658
84,rxn01111_d0,36.26776,47.006607,37.212112,39.50023,39.42874,94.04987326231971,27.341622465112444,99.20028924348475,109.81702028690354,60.63071506290163,162.397732514562,110.44541634128396,145.06234707581478,163.74031688279578,128.7343451282507
85,rxn01115_d0,0.0,0.0,0.0,0.0,0.0,0.0,0.0,0.0,0.0,0.0,0.0,0.0,0.0,0.0,0.0
86,rxn01116_d0_f,0.0,0.0,0.0,0.0,0.0,0.0,0.0,0.0,0.0,0.0,954.3946071513592,1017.8094456654212,957.035394158952,976.9361329184708,971.1630667529834
87,rxn01200_d0_f,8.615845,13.242371,11.567932,10.366211,10.413086,31.80593235869566,9.246432393128682,33.54770804253074,37.138090652570156,20.504189482226586,860.4347680143828,904.1526194710326,864.8897998634579,866.647146245823,870.5445848556305
88,rxn01207_d0,0.0,0.0,0.0,0.0,0.0,0.0,0.0,0.0,0.0,0.0,0.0,0.0,0.0,0.0,0.0
89,rxn01211_d0_f,5.8780518,0.0,0.0,0.0,6.559082,4.74343744442746,1.3789840570085485,5.003200431574662,5.538658883797208,3.0579307992220714,727.3825655353525,1074.3718000675792,755.2186253220575,951.9730951536231,678.0389154303473
90,rxn01249_d0_f,0.0,0.0,0.0,0.0,0.0,0.0,0.0,0.0,0.0,0.0,965.5266545000396,638.8362868708799,868.1374858340507,1152.0227968924576,646.4732011620478
91,rxn01255_d0,3.3285754,3.9470835,3.6224573,2.5496564,3.0455678,1.2837523874994,0.37320489544729457,1.3540540113409778,1.4989691861484309,0.8275909633679396,3.894864336893383,4.6185988746707975,4.23874423201857,2.98342824526336,3.563708682966872
92,rxn01256_d0,2.1078677,1.9674366,1.8051234,0.9434099,1.5166787,1.239548575017354,0.36035422472887985,1.3074294829734259,1.4473547521921002,0.7990942874413535,3.914006141551811,4.31504183368075,3.7695180123383114,3.3066070324714008,3.678073957741287
93,rxn01257_d0_f,2.147583,0.0,0.0,0.0,0.0,0.0,0.0,0.0,0.0,0.0,1161.6557044825856,1272.7369688774677,1366.1771046909505,1213.397791575041,1357.188765470242
94,rxn01258_d0_f,0.0,0.0,0.0,0.0,0.0,0.0,0.0,0.0,0.0,0.0,1175.372689683105,595.6811543341155,1175.372689683105,1175.372689683105,1175.372689683105
95,rxn01301_d0_f,0.0,0.0,0.0,0.0,0.0,0.0,0.0,0.0,0.0,0.0,853.7477293175209,1736.2170386991538,907.6204879810364,983.556555749802,757.8004610042983
96,rxn01302_d0_f,0.0,0.0,0.0,0.0,0.0,0.0,0.0,0.0,0.0,0.0,853.7477293175209,1736.2170386991538,907.6204879810364,983.556555749802,757.8004610042983
97,rxn01332_d0,3.3285754,5.1744647,3.3946652,3.2078483,1.7127044,1.2837523874994001,0.3732048954472947,1.3540540113409782,1.4989691861484313,0.8275909633679398,3.997490608032314,6.214332246748139,4.07686196965704,3.852502052624256,2.0568919465516795
98,rxn01334_d0_f,0.0,0.0,0.0,0.0,0.0,0.0,0.0,0.0,0.0,0.0,1028.8901744998989,1029.144535021596,1006.3932589051255,1019.8037754245048,1011.8191157604396
99,rxn01345_d0_f,7.9694824,10.986816,12.484985,12.062988,9.051758,0.0,0.0,0.0,0.0,0.0,1000.0,1000.0,1000.0,1000.0,1000.0
100,rxn01353_d0_f,3.8173828,3.4524536,3.32312,3.3839722,4.9561462,0.0,0.0,0.0,0.0,0.0,1529.0433335024504,799.722374265749,1411.1748654035011,1126.7292481598142,509.7909678313704
101,rxn01396_d0,0.0,0.0,0.0,0.0,0.0,0.0,0.0,0.0,0.0,0.0,0.0,0.0,0.0,0.0,0.0
102,rxn01434_d0,0.3457043,0.5635103,0.26767445,0.34251812,0.1955123,0.20260080720937437,0.05889890745940086,0.2136957550179448,0.23656615563318126,0.13060976466351984,0.2759902538464444,0.4498739332109658,0.2136957550179448,0.2734465981381289,0.1560856725429392
103,rxn01465_d0_f,0.0,0.0,0.0,0.0,2.8995972,0.0,0.0,0.0,0.0,0.0,990.6711696180572,1453.7923050820743,1160.1892113222384,1183.9179032804057,927.5993505990148
104,rxn01476_d0_f,0.11755371,0.0,0.0,0.012573242,0.0,0.0,0.0,0.0,0.0,0.0,1006.0734918413058,1009.456923064874,997.5619463823951,1003.003038541354,993.038872631057
105,rxn01486_d0,0.0,0.0,0.0,0.0,0.0,0.0,0.0,0.0,0.0,0.0,0.0,0.0,0.0,0.0,0.0
106,rxn01512_d0_f,3.8173828,3.4524536,3.32312,3.3839722,4.9561462,0.0,0.0,0.0,0.0,0.0,1529.0433335024504,799.722374265749,1411.1748654035011,1126.7292481598142,509.7909678313704
107,rxn01539_d0_f,0.0,0.007341864,0.15925087,0.09820893,0.051114872,0.0,0.0,0.0,0.0,0.0,,,,,
108,rxn01636_d0_f,0.0,0.0,0.0,0.0,0.0,0.20260080720937446,0.05889890745940088,0.21369575501794483,0.2365661556331814,0.13060976466351987,702.4047678068574,1045.089336224635,859.0307229381942,982.0176354562116,831.6983062478192
109,rxn01637_d0_f,0.0,0.0,0.0,0.0,0.0,0.0,0.0,0.0,0.0,0.0,1010.1233144591512,840.5734461575852,894.0038996534581,966.4338695644165,830.335809261619
110,rxn01643_d0_f,0.0,0.0,0.0,0.0,0.0,0.0,0.0,0.0,0.0,0.0,974.5397909630178,662.9621079219845,1071.7106229593014,885.9247970418987,659.6285054171251
111,rxn01644_d0,0.0,0.0,0.0,0.0,0.0,0.1768152499281814,0.05140268287365897,0.18649811347020642,0.20645773582532198,0.11398670370634467,0.3201500587018385,0.3842461327530226,0.3641529220119648,0.4091438111259734,0.2639613414966402
112,rxn01652_d0_f,0.98327637,0.0,0.0,0.0,0.0,0.0,0.0,0.0,0.0,0.0,1030.4807733318326,919.9301650672332,1030.4807733318326,1030.4807733318326,1030.4807733318326
113,rxn01673_d0_f,3.8173828,3.4524536,3.32312,3.3839722,4.9561462,0.0,0.0,0.0,0.0,0.0,1529.0433335024504,799.722374265749,1411.1748654035011,1126.7292481598142,509.7909678313704
114,rxn01678_d0_f,3.8173828,3.4524536,3.32312,3.3839722,4.9561462,0.0,0.0,0.0,0.0,0.0,1529.0433335024504,799.722374265749,1411.1748654035011,1126.7292481598142,509.7909678313704
115,rxn01739_d0,3.3285754,3.726907,2.9817452,3.163227,3.478042,1.2837523874994001,0.3732048954472946,1.3540540113409782,1.498969186148431,0.8275909633679397,3.527572292853715,3.520043544116916,3.5185234906152707,3.5166125085245783,3.511491764297263
116,rxn01740_d0_f,0.0,0.0,0.0,0.0,0.0,0.0,0.0,0.0,0.0,0.0,1228.209527793123,1360.0714067219085,1367.7488026123672,1190.776766492206,1108.5968791683374
117,rxn01807_d0,0.0,0.0,0.0,0.0,0.0,0.0,0.0,0.0,0.0,0.0,0.0,0.0,0.0,0.0,0.0
118,rxn01827_d0,0.0,0.0,0.0,0.0,0.0,0.0,0.0,0.0,0.0,0.0,0.0,0.0,0.0,0.0,0.0
119,rxn01917_d0_f,6.913208,2.0233154,5.9541626,5.8878174,1.9111328,0.2026008072093743,0.05889890745940084,0.21369575501794466,0.2365661556331812,0.1306097646635198,871.7319797387481,1238.1432213006312,763.1450112043259,795.1966293981452,912.5108163526596
120,rxn01974_d0_f,0.0,0.0,0.0,0.0,0.0,0.1768152499281814,0.05140268287365897,0.18649811347020645,0.20645773582532198,0.11398670370634466,1182.3308945400313,1096.236627491924,1227.7367698473413,1113.718627808349,1104.1157038631477
121,rxn01975_d0_f,0.0,0.0,0.0,0.0,0.0,0.0,0.0,0.0,0.0,0.0,1074.1713047461017,1373.2864124475127,1087.3474396703875,1023.4137272867632,916.4159995965392
122,rxn02159_d0_f,0.0,0.0,0.0,0.0,0.0,0.06998936976323843,0.020346895304156672,0.07382216991529003,0.08172285376418996,0.045119736883761426,907.8796359537084,1039.5616879642048,887.6423612351028,1100.6410454113122,807.0728340802069
123,rxn02212_d0,2.7425447,3.4583926,2.784798,3.0493734,1.9118283,1.2837523874994001,0.3732048954472947,1.3540540113409782,1.498969186148431,0.8275909633679398,3.3745093956922325,3.3745093956922325,3.3745093956922325,3.3745093956922325,3.3745093956922325
124,rxn02213_d0,0.11395764,0.0,0.0,0.0,0.0,1.2837523874994001,0.3732048954472946,1.354054011340978,1.498969186148431,0.8275909633679397,4.089065996031259,4.528072462842603,4.553632742064791,3.9644414691004473,3.690840772143215
125,rxn02251_d0,0.0,0.0,0.0,0.0,0.0,0.0,0.0,0.0,0.0,0.0,0.0,0.0,0.0,0.0,0.0
126,rxn02305_d0,4.0151186,4.158237,3.5213027,4.1164985,3.2066429,0.0,0.0,0.0,0.0,0.0,0.0,0.0,0.0,0.0,0.0
127,rxn02320_d0_f,0.50964355,0.862854,0.21917725,0.0,1.1528931,0.0,0.0,0.0,0.0,0.0,1037.557256447668,702.9736788253063,1042.439231528533,1145.8662463602602,991.347877517053
128,rxn02373_d0_f,0.0,0.0,0.0,0.0,0.0,0.0,0.0,0.0,0.0,0.0,772.0502801383053,1578.3375544839805,851.5648731132266,848.4992816859962,495.8362749482212
129,rxn02374_d0,3.8902168,0.0,0.0,0.0,0.05087792,0.17681524992818123,0.05140268287365892,0.18649811347020628,0.2064577358253218,0.11398670370634455,,,,,
130,rxn02380_d0_f,0.0,0.0,0.0,0.0,0.0,0.0,0.0,0.0,0.0,0.0,1000.0,1000.0,1000.0,1000.0,1000.0
131,rxn02465_d0_f,1.0874034,1.2879587,1.5103712,1.1518202,1.443097,0.0,0.0,0.0,0.0,0.0,,,,,
132,rxn02473_d0,0.0,0.0,0.0,0.0,0.0,0.06998936976323841,0.020346895304156662,0.07382216991529005,0.0817228537641899,0.045119736883761405,0.0905838192487333,0.1133580439877027,0.0943390012304425,0.126531560307407,0.0912196818522784
133,rxn02474_d0_f,0.0,0.0,0.0,0.0,0.0,0.0,0.0,0.0,0.0,0.0,1246.4340663318767,992.775842005252,1251.7192700683995,1205.8933051735162,835.9062191856525
134,rxn02475_d0,0.0,0.0,0.0,0.0,0.0,0.0,0.0,0.0,0.0,0.0,0.0,0.0,0.0,0.0,0.0
135,rxn02476_d0_f,7.984741,5.842041,5.393921,6.256958,5.1499023,1.2837523874994001,0.3732048954472946,1.3540540113409782,1.498969186148431,0.8275909633679397,932.9222170975664,1505.0578931590087,1110.9637671687512,778.3262424940771,1074.614562844098
136,rxn02484_d0,0.0,0.0,0.0,0.0,0.0,0.0,0.0,0.0,0.0,0.0,0.0,0.0,0.0,0.0,0.0
137,rxn02507_d0,0.0,0.0,0.0,0.0,0.0,0.04420381248204533,0.01285067071841474,0.046624528367551606,0.0516144339563305,0.02849667592658616,0.0817174047431801,0.0887961870425557,0.0781421237711229,0.0738768904938122,0.0511750542945814
138,rxn02789_d0_f,0.0,0.0,0.0,0.0,0.0,0.3167939894546579,0.09209647348197222,0.33414245330078635,0.3699034433537015,0.20422617747386734,1020.9770757099832,412.67145791576297,1047.5558749341103,1057.8586906213473,869.99479235898
139,rxn02811_d0_f,0.0,0.3154602,0.0,0.0,0.0,0.0,0.0,0.0,0.0,0.0,1020.8601960951812,412.624216031309,1047.435952626295,1057.737588865768,869.8951969237547
140,rxn02834_d0,0.11942569,0.104996115,0.11543219,0.12642023,0.088087335,0.06998936976323841,0.020346895304156662,0.07382216991529003,0.08172285376418988,0.0451197368837614,0.1341864896584126,0.1179734448710907,0.1296993939621465,0.1420455438148855,0.0989747706942191
141,rxn02835_d0_f,0.0,0.0,0.016540527,0.0,0.0,0.06998936976323841,0.020346895304156662,0.07382216991529003,0.08172285376418989,0.045119736883761405,1123.5981679346205,987.8397360235524,1086.0258868763258,1189.4052314802188,828.7560939023472
142,rxn02895_d0,0.63467884,1.3508043,0.7564659,2.0238266,1.7274938,2.3367240373321114,0.679318580852196,2.4646891308296865,2.7284680150165093,1.5064055311691549,3.3687713483123747,3.437625385892348,4.742255109113947,4.988679398116596,3.5064726826022614
143,rxn02914_d0_f,0.0,0.0,0.0,0.0,0.0,0.0,0.0,0.0,0.0,0.0,1245.8510651668862,1138.481997397198,1137.6297245855071,1194.8969439494113,876.7676017309723
144,rxn02928_d0_f,0.0,0.0,0.0,0.0,0.0,0.0,0.0,0.0,0.0,0.0,1300.57235537569,1047.2645327322475,1542.5107648607143,1412.725642168724,409.72094687640384
145,rxn02929_d0_f,0.0,0.0,0.0,0.0,0.0,0.0,0.0,0.0,0.0,0.0,1300.57235537569,1047.2645327322475,1542.5107648607143,1412.725642168724,409.72094687640384
146,rxn02937_d0,4.4683833,4.6021876,4.616072,5.58022,3.718807,2.336724037332111,0.6793185808521959,2.464689130829686,2.7284680150165093,1.5064055311691549,3.944131245464774,4.062236963864351,4.074492439294264,4.925521922192102,3.2824987272805908
147,rxn02938_d0_f,15.128967,10.132446,14.194275,0.0,15.126221,0.0,0.0,0.0,0.0,0.0,969.9333169857614,1225.531280585668,977.866695493212,1004.5333646397332,820.0022444146201
148,rxn02988_d0_f,3.8847656,2.6851196,1.5678711,2.2678833,1.958374,0.0,0.0,0.0,0.0,0.0,1142.1779437282937,1138.0285323101732,1117.1950081577595,1083.6214550100335,999.306015484114
149,rxn03004_d0,0.44394016,0.0,0.17113972,0.6794796,1.3616838,2.3367240373321114,0.679318580852196,2.4646891308296865,2.7284680150165093,1.506405531169155,3.334797862976285,4.672074506512065,3.079681172873592,3.4343428522406456,3.136033249187601
150,rxn03062_d0_f,0.0,0.0,0.0,0.0,0.0,0.31679398945465803,0.09209647348197224,0.33414245330078635,0.36990344335370157,0.20422617747386734,995.1216628735992,1096.695550771626,1147.752349572008,1224.338152618548,961.3061590328606
151,rxn03080_d0_f,2.658081,0.033325195,1.6879883,0.0,2.1310425,0.0,0.0,0.0,0.0,0.0,1025.4977100576457,1194.149913971845,998.3057578890638,1058.710390549408,769.7331078758148
152,rxn03084_d0,1.3709192,3.6601324,3.4641135,4.2509923,3.1162012,2.3367240373321114,0.6793185808521961,2.4646891308296865,2.7284680150165093,1.5064055311691549,3.980108705633068,4.705327014395056,4.601901950717468,4.332553180997305,3.944192665791717
153,rxn03108_d0_f,5.352295,3.090149,3.748352,3.9655151,2.6970825,0.0,0.0,0.0,0.0,0.0,1176.87130057686,1051.923200325404,1177.020946432433,1182.0072246164464,1012.603733759047
154,rxn03136_d0_f,8.559448,11.634155,10.180725,9.914917,11.6979065,2.3367240373321114,0.6793185808521961,2.4646891308296865,2.7284680150165097,1.506405531169155,1370.480881154111,1366.9740233107968,743.5878119024868,796.203376637513,467.5357879280742
155,rxn03137_d0,4.493745,3.028734,1.7774854,3.0864162,3.3338022,2.4067134070953498,0.6996654761563528,2.5385113007449767,2.8101908687806993,1.5515252680529164,4.328362812104978,4.2224561724468765,4.510698031823229,4.890629397099032,4.480814078493357
156,rxn03147_d0,4.4683833,4.715276,4.656282,5.1764913,5.0920563,2.336724037332111,0.6793185808521959,2.464689130829686,2.7284680150165093,1.5064055311691549,3.802447774475073,4.012545148182842,3.9623431323623,4.405024394947325,4.333172981240257
157,rxn03175_d0_f,0.0,0.0,0.0,0.0,0.0,0.0699893697632384,0.020346895304156662,0.07382216991529003,0.08172285376418988,0.0451197368837614,1071.3033061256149,1101.9308017925894,1063.8220246106046,1017.4346767539524,776.4885967378342
158,rxn03891_d0,0.0,0.0,0.0,0.0,0.0,0.0,0.0,0.0,0.0,0.0,0.0,0.0,0.0,0.0,0.0
159,rxn03892_d0,0.0,0.0,0.0,0.0,0.0,0.0,0.0,0.0,0.0,0.0,0.0,0.0,0.0,0.0,0.0
160,rxn03907_d0_f,0.0,0.17016602,0.0,0.041625977,0.18859863,0.0,0.0,0.0,0.0,0.0,1423.9329116332497,1384.7759433175,976.5310570610928,1049.4748909595778,1045.5197712215077
161,rxn03908_d0,0.0,0.0,0.0,0.0,0.0,0.0,0.0,0.0,0.0,0.0,0.0,0.0,0.0,0.0,0.0
162,rxn03909_d0,0.0,0.0,0.0,0.0,0.0,0.0,0.0,0.0,0.0,0.0,0.0,0.0,0.0,0.0,0.0
163,rxn03910_d0,0.0,0.0,0.0,0.0,0.0,0.0,0.0,0.0,0.0,0.0,0.0,0.0,0.0,0.0,0.0
164,rxn03958_d0_f,0.0,0.0,0.0,0.0,0.0,0.0,0.0,0.0,0.0,0.0,1000.0,1000.0,1000.0,1000.0,1000.0
165,rxn04113_d0,0.0,0.0,0.0,0.0,0.0,0.0,0.0,0.0,0.0,0.0,0.0,0.0,0.0,0.0,0.0
166,rxn05023_d0,1.1906921,0.6200597,0.85394096,0.5886831,0.68656904,0.0,0.0,0.0,0.0,0.0,,,,,
167,rxn05024_d0,0.0,0.0,0.0,0.0,0.0,0.0,0.0,0.0,0.0,0.0,0.0,0.0,0.0,0.0,0.0
168,rxn05039_d0_f,3.8648438,4.1997013,3.7715902,3.8402975,3.6650941,0.0,0.0,0.0,0.0,0.0,,,,,
169,rxn05040_d0,0.0,0.0,0.0,0.0,0.0,0.0,0.0,0.0,0.0,0.0,0.0,0.0,0.0,0.0,0.0
170,rxn05104_d0,0.0,0.0,0.0,0.0,0.0,0.0,0.0,0.0,0.0,0.0,0.0,0.0,0.0,0.0,0.0
171,rxn05106_d0_f,0.0,0.0,0.0,0.0,0.0,0.0,0.0,0.0,0.0,0.0,995.7533802755464,1031.1561413863212,1023.9468448220026,1082.6322071974594,1009.0499559464672
172,rxn05287_d0,0.0,0.0,0.0,0.0,0.0,0.0,0.0,0.0,0.0,0.0,0.0,0.0,0.0,0.0,0.0
173,rxn05330_d0_f,0.0,0.0,0.0,0.0,0.0,0.653848059630253,0.1900828377098845,0.6896544821033669,0.7634635022707211,0.42151333141408653,1225.3697483475555,975.9091631241708,1170.880497151236,1259.348635650436,810.0632369388544
174,rxn05331_d0_f,0.0,0.0,0.0,0.0,0.0,0.6538480596302536,0.1900828377098846,0.6896544821033674,0.7634635022707215,0.42151333141408676,1225.3697483475555,975.9091631241708,1170.880497151236,1259.348635650436,810.0632369388544
175,rxn05335_d0_f,0.0,0.0,0.0,0.0,0.0,0.6538480596302536,0.19008283770988454,0.6896544821033672,0.7634635022707212,0.42151333141408676,1225.3697483475555,975.9091631241708,1170.880497151236,1259.348635650436,810.0632369388544
176,rxn05337_d0_f,0.0,0.0,0.0,0.0,0.0,0.0,0.0,0.0,0.0,0.0,1193.596939698043,910.2476449285156,1112.1919869642418,1012.0235922725844,1201.6185997433945
177,rxn05340_d0_f,0.0,0.0,0.0,0.0,0.0,0.0,0.0,0.0,0.0,0.0,1193.596939698043,910.2476449285156,1112.1919869642418,1012.0235922725844,1201.6185997433945
178,rxn05342_d0_f,0.0,0.0,0.0,0.0,0.0,0.0,0.0,0.0,0.0,0.0,1193.596939698043,910.2476449285156,1112.1919869642418,1012.0235922725844,1201.6185997433945
179,rxn05343_d0,0.21434343,0.0,0.0,0.0,0.0,0.6538480596302528,0.1900828377098844,0.6896544821033664,0.7634635022707209,0.4215133314140863,2.240588069599575,1.9014194392209016,2.0824978200410804,1.785956079043196,1.6346975102195744
180,rxn05345_d0,0.0,0.0,0.0,0.0,0.0,0.6538480596302536,0.1900828377098846,0.6896544821033673,0.7634635022707214,0.4215133314140867,2.240588069599575,1.9014194392209016,2.0824978200410804,1.785956079043196,1.6346975102195744
181,rxn05346_d0,0.0,0.0,0.0,0.0,0.0,0.653848059630253,0.19008283770988452,0.6896544821033669,0.763463502270721,0.4215133314140865,2.240588069599575,1.9014194392209016,2.0824978200410804,1.785956079043196,1.6346975102195744
182,rxn05348_d0,0.0,0.0,0.0,0.0,0.0,0.6538480596302536,0.1900828377098846,0.6896544821033673,0.7634635022707214,0.4215133314140868,2.240588069599575,1.9014194392209016,2.0824978200410804,1.785956079043196,1.6346975102195744
183,rxn05350_d0,0.0,0.8619427,0.16688395,0.37792075,0.64722085,0.653848059630253,0.19008283770988446,0.6896544821033668,0.763463502270721,0.4215133314140865,2.240588069599575,1.9014194392209016,2.0824978200410804,1.785956079043196,1.6346975102195744
184,rxn05465_d0_f,2.7369385,3.8151245,3.2147217,4.727722,3.913086,4.5769364174117735,1.3305798639691917,4.82758137472357,5.344244515895049,2.9505933198986067,1288.9244723420857,845.516727893408,1230.207955977297,1195.039812537365,1000.832040418064
185,rxn05736_d0,0.0,0.0,0.0,0.0,0.0,0.0,0.0,0.0,0.0,0.0,0.0,0.0,0.0,0.0,0.0
186,rxn06556_d0,3.6558733,4.7615066,4.7023005,3.7671683,3.5865839,0.0,0.0,0.0,0.0,0.0,,,,,
187,rxn07441_d0_f,0.022399902,1.2788086,1.0505981,1.3955688,1.3580933,0.0,0.0,0.0,0.0,0.0,1297.1176320388618,1320.204957113186,1103.0070440573238,1141.1344759535202,845.1023385316951
188,rxn07579_d0,0.0,0.0,0.0,0.0,0.0,0.04788746352221576,0.013921559944949296,0.05050990573151423,0.055915636786024674,0.030871398920468335,0.1347696102643729,0.2184974469786527,0.1591685244536096,0.1493924455441634,0.1150645980389742
189,rxn08352_d0,0.0,0.0,0.0,0.0,0.0,0.0,0.0,0.0,0.0,0.0,0.0,0.0,0.0,0.0,0.0
190,rxn08392_d0_f,0.0,0.0,0.0,0.0,0.0,0.6538480596302536,0.1900828377098846,0.6896544821033673,0.7634635022707216,0.42151333141408687,942.733038729396,1528.421442643688,1113.406994602648,1045.0218997798509,804.8936102632232
191,rxn08436_d0_f,9.253052,11.524231,11.460754,11.826233,11.39978,0.6059605961080379,0.17616127776493534,0.6391445763718532,0.7075478654846968,0.3906419324936185,1067.4994265507942,939.5254650992144,1050.0470567086147,1023.7005923023032,1053.4514791933932
192,rxn08756_d0,0.0,0.0,0.0,0.0,0.0,0.0,0.0,0.0,0.0,0.0,0.0,0.0,0.0,0.0,0.0
193,rxn08766_d0,0.0,0.0,0.0,0.0,0.0,0.6538480596302534,0.19008283770988457,0.689654482103367,0.7634635022707214,0.4215133314140867,1.576030764869202,2.3832310764114077,1.747083008806554,1.762027407108878,1.6332450206469211
194,rxn09444_d0,0.0,0.0,0.0,0.0,0.0,0.0,0.0,0.0,0.0,0.0,0.0,0.0,0.0,0.0,0.0
195,rxn09449_d0,0.0,0.0,0.0,0.0,0.0,0.0,0.0,0.0,0.0,0.0,0.0,0.0,0.0,0.0,0.0
196,rxn09453_d0,0.0,0.0,0.0,0.0,0.0,0.0,0.0,0.0,0.0,0.0,0.0,0.0,0.0,0.0,0.0
197,rxn11040_d0,0.0,0.0,0.0,0.0,0.0,0.0,0.0,0.0,0.0,0.0,0.0,0.0,0.0,0.0,0.0
198,rxn11700_d0,0.06049135,0.053239524,0.059502386,0.058009427,0.059695303,0.020260080720937435,0.005889890745940087,0.021369575501794483,0.02365661556331813,0.013060976466351985,0.0645744802778954,0.0568331627237112,0.063518762884381,0.0619250297133059,0.0637247009927613
199,rxn11702_d0,0.0,0.0,0.0,0.0,0.0,0.0,0.0,0.0,0.0,0.0,,,,,
200,rxn11703_d0,2.530371,2.5265667,1.6468406,1.1397585,1.9630374,0.0,0.0,0.0,0.0,0.0,,,,,
201,rxn12282_d0,0.0,0.0,0.0,0.0,0.0,0.0,0.0,0.0,0.0,0.0,0.0,0.0,0.0,0.0,0.0
202,rxn14012_d0,0.0,0.0,0.0,0.0,0.0,0.0,0.0,0.0,0.0,0.0,0.0,0.0,0.0,0.0,0.0
203,rxn14085_d0,0.0,0.0,0.0,0.0,0.0,0.0,0.0,0.0,0.0,0.0,0.0,0.0,0.0,0.0,0.0
204,rxn14094_d0,0.0,0.0,0.0,0.0,0.0,0.0,0.0,0.0,0.0,0.0,0.0,0.0,0.0,0.0,0.0
205,rxn14142_d0,0.0,0.0,0.0,0.0,0.0,0.0,0.0,0.0,0.0,0.0,0.0,0.0,0.0,0.0,0.0
206,rxn14261_d0,0.0,0.0,0.0,0.0,0.0,0.0,0.0,0.0,0.0,0.0,0.0,0.0,0.0,0.0,0.0
207,rxn15022_d0,0.0,0.0,0.0,0.0,0.0,0.749622986674683,0.21792595759978198,0.7906742935663911,0.875294775842767,0.48325612925502126,1.0979992045022728,1.2480169780697157,1.1536141801460356,1.2805545037552892,1.1589353220129737
208,rxn15069_d0,0.0,0.22705078,0.0,0.0,0.0,0.0,0.0,0.0,0.0,0.0,814.3467269127432,742.2214382901778,951.9641859270522,943.756062889094,910.3218302275716
209,rxn15116_d0_f,0.0,0.0,0.0,0.0,0.0,0.0,0.0,0.0,0.0,0.0,1028.8901744998989,1029.144535021596,1006.3932589051255,1019.8037754245048,1011.8191157604396
210,rxn15166_d0,0.0,0.06472659,0.0,0.0,0.0,0.09024945048417593,0.026236786050096775,0.09519174541708454,0.10537946932750811,0.05818071335011344,0.2304872431827797,0.0968769877846195,0.239411416500591,0.2106687403605768,0.0842422235480058
211,rxn15250_d0_f,0.5427246,0.0,1.5895996,2.6204224,1.0092773,2.9285025769355024,0.8513569350949762,3.0888750043502937,3.4194562496068936,1.887904780136333,832.998992300368,1488.150192539688,692.2493555500241,770.6606498471721,593.7067791703242
212,rxn15271_d0_f,9.376343,12.717468,8.147644,10.328125,9.669067,33.08968474619506,9.619637288575978,34.90176205387172,38.637059838718585,21.331780445594525,860.4347680143828,904.1526194710326,864.8897998634579,866.647146245823,870.5445848556305
213,rxn15280_d0_f,9.362061,11.245636,3.222412,3.5639648,9.168518,0.0,0.0,0.0,0.0,0.0,999.7291126076803,541.7567339375527,999.7291126076803,999.7291126076803,999.7291126076803
214,rxn15298_d0_f,0.6710205,0.0,0.0,0.0,0.0,0.0,0.0,0.0,0.0,0.0,892.4393066406093,1705.4032894597333,1003.1146792673628,1062.877507729746,1114.1277465115345
215,rxn15364_d0_f,0.0,0.0,0.0,0.0,0.0,0.0,0.0,0.0,0.0,0.0,999.7028016577636,999.7028016577636,999.7028016577636,999.7028016577636,999.7028016577636
216,rxn15435_d0,0.0,0.0,0.0,0.0,0.0,0.0,0.0,0.0,0.0,0.0,0.0,0.0,0.0,0.0,0.0
217,rxn15493_d0,8.918701,31.354614,6.902954,17.014343,7.63208,0.0,0.0,0.0,0.0,0.0,817.1182140744502,498.37938531885015,890.6195463642465,921.1878259713824,1007.3251535956916
218,rxn15494_d0_f,18.598145,46.340637,9.834106,26.156982,17.6875,68.3142294527209,19.85990842839006,72.055294559028,79.76688177738647,44.039831602293475,1006.6962480651306,837.2728519013676,1136.2304269857375,1098.071488228971,872.2870924448732
219,rxn17196_d0,49.19336,17.192749,17.587585,17.208313,15.632141,169.4722599447055,49.26797228948493,178.7530022328833,197.88371810460947,109.2529308903399,984.8199464733278,1122.185683190145,982.9349725622508,1008.3932037780576,1006.4197092793804
220,rxn17744_d0_f,15.86145,2.9538574,11.104126,11.240356,12.110718,0.0,0.0,0.0,0.0,0.0,494.9113934163655,1234.0367539808767,748.5169268730486,648.1849814161384,907.240038895758
221,rxn17803_d0_f,4.5842285,4.442749,3.904663,10.220337,8.167175,0.027627382801278324,0.00803166919900921,0.029140330229719753,0.032259021222706546,0.017810422454116345,1063.441320572471,1123.6582738428065,1121.094408217764,1075.1526889838942,964.808769114116
222,rxn18935_d0,0.0,0.0,0.0,0.0,0.0,0.6538480596302535,0.19008283770988457,0.6896544821033671,0.7634635022707215,0.42151333141408676,2.0974369385738454,1.6704410486627692,2.0041689528344317,2.155597810797765,1.386566428645292
223,rxn18936_d0_f,0.0,0.0,0.0,0.0,0.0,0.653848059630253,0.1900828377098845,0.6896544821033667,0.7634635022707209,0.42151333141408653,1225.3697483475555,975.9091631241708,1170.880497151236,1259.348635650436,810.0632369388544
224,rxn18937_d0_f,0.0,0.0,0.0,0.0,0.0,0.6538480596302536,0.1900828377098846,0.6896544821033673,0.7634635022707216,0.42151333141408687,1225.3697483475555,975.9091631241708,1170.880497151236,1259.348635650436,810.0632369388544
225,rxn19027_d0_f,0.0,0.0,0.0,0.0,0.0,0.0,0.0,0.0,0.0,0.0,1063.5123014673457,1063.5123014673457,1063.5123014673457,1020.8598293406674,1060.714646064111
226,rxn19029_d0_f,0.0,0.0,0.0,0.0,0.0,0.0,0.0,0.0,0.0,0.0,1063.6652258499712,1063.6652258499712,1063.6652258499712,1021.0066206461688,1060.8671681667397
227,rxn19030_d0,0.0,0.0,0.0,0.0,0.0,0.15287151816707342,0.044441902901184285,0.1612431606044492,0.17849991743230953,0.09855100424611042,0.2500089809211455,0.3052773634247202,0.2641296777219445,0.2580422225395419,0.1950435670557407
228,rxn19071_d0,0.0,0.0,0.0,0.0,0.0,0.0,0.0,0.0,0.0,0.0,0.0,0.0,0.0,0.0,0.0
229,rxn19240_d0_f,0.21173096,0.0,0.0,0.0,0.0,0.0,0.0,0.0,0.0,0.0,1013.145463336862,970.2146606926824,1018.6514282292056,999.8408330900154,1089.9390658644288
230,rxn19241_d0_f,0.505249,0.788147,0.38323975,1.0784912,0.0,0.0,0.0,0.0,0.0,0.0,1013.0854455920686,970.1571861265836,1018.5910843164456,999.781603498485,1089.874498941847
231,rxn19242_d0_f,0.054992676,0.8076782,0.33880615,1.0438232,0.0,0.0,0.0,0.0,0.0,0.0,1013.1157917209956,970.1862463753292,1018.6215953621852,999.8115511219264,1089.9071452227731
232,rxn19246_d0,0.0,0.0,0.0,0.0,0.0,0.0,0.0,0.0,0.0,0.0,0.0,0.0,0.0,0.0,0.0
233,rxn19253_d0,0.0,0.0,0.0,0.0,0.0,0.0,0.0,0.0,0.0,0.0,3.2320759370295105,2.8815132643291337,3.034489870654207,2.960634347475751,2.8658146843165864
234,rxn19343_d0_f,0.89538574,0.19213867,0.0,0.1326294,0.106933594,0.09024945048417594,0.026236786050096775,0.09519174541708454,0.10537946932750812,0.05818071335011345,1018.9150837533456,969.0166178841372,1180.554452142176,887.2951319458971,889.2165799522978
235,rxn19345_d0,0.0,0.0,0.0,0.0,0.0,0.14366239056664729,0.041764679834847884,0.15152971719454272,0.16774691035807401,0.09261419676140499,0.2562024831211903,0.2327963338610207,0.2562024831211903,0.2562024831211903,0.2237495627689004
236,rxn19544_d0,0.0,0.0,0.0,0.0,0.0,0.550705830505481,0.16009793936691685,0.5808639159124135,0.6430298230392836,0.3550210875853857,0.8005360576521923,1.227712721549201,0.6011680802375523,1.1205008594292132,0.4893487520654246
237,rxn19545_d0,0.0,0.0,0.0,0.0,0.0,0.15287151816707342,0.04444190290118429,0.1612431606044492,0.17849991743230953,0.09855100424611042,0.2222221651490264,0.340802861477354,0.1668792693744151,0.3110417384120971,0.1358391519750865
238,rxn19686_d0_f,0.0,0.0,0.0,0.0,0.0,0.6538480596302528,0.1900828377098844,0.6896544821033667,0.7634635022707208,0.4215133314140865,1225.3697483475555,975.9091631241708,1170.880497151236,1259.348635650436,810.0632369388544
239,rxn19828_d0_f,0.0,0.0,0.36730957,0.0925293,0.0,0.0,0.0,0.0,0.0,0.0,1000.0,1000.0,1000.0,1000.0,1000.0
240,rxn19900_d0_f,1.8724365,0.0,0.0,1.1744385,0.0,0.0,0.0,0.0,0.0,0.0,1117.648286576261,1149.837599588035,1093.667004774229,1059.777128075336,1021.2828950136976
241,rxn19905_d0,0.7165513,0.98238415,0.27617383,0.87454784,0.7018433,0.4199362185794306,0.12208137182494,0.4429330194917401,0.4903371225851394,0.27071842130256846,0.793346128650788,1.0876690444152446,0.8132325258438629,0.9682755971676864,0.777061842843127
242,rxn20583_d0_f,0.0,0.0,0.0,0.0,0.0,0.0,0.0,0.0,0.0,0.0,998.657862569284,998.657862569284,998.657862569284,998.657862569284,998.657862569284
243,rxn20595_d0,106.75644,7.6446023,11.598941,9.304798,8.805879,169.91706080780605,49.397282163588976,179.22216154958178,198.40308834629502,109.53967869185118,244.6423321669449,244.6423321669449,244.6423321669449,244.6423321669449,244.6423321669449
244,rxn20632_d0,56.993164,1.743314,0.0,0.0,2.9514856,84.95853040390304,24.698641081794488,89.61108077479089,99.20154417314752,54.76983934592559,122.32116608681132,122.32116608681132,122.32116608681132,122.32116608681132,122.32116608681132
245,rxn20643_d0_f,1.7683105,0.29260254,0.0,0.0,0.84729004,0.0,0.0,0.0,0.0,0.0,219.9264416698709,123.30460841649136,282.72980888854795,256.2566950183352,192.619555518346
246,rxn23155_d0_f,0.0,0.0,0.0,0.0,0.0,0.0,0.0,0.0,0.0,0.0,,,,,
247,rxn23415_d0_f,1.3108618,1.45923,1.2640848,1.312538,1.1720853,0.0,0.0,0.0,0.0,0.0,,,,,
248,rxn23805_d0,0.20759375,0.17719866,0.23804459,0.12702754,0.18565008,0.0,0.0,0.0,0.0,0.0,,,,,
249,rxn24109_d0,0.0,0.0,0.0,0.0,0.0,0.09024945048417586,0.026236786050096755,0.09519174541708447,0.10537946932750805,0.05818071335011339,0.2114326627758984,0.2138909139486006,0.1978951310291401,0.1956810944439615,0.1578304505139907
250,rxn24310_d0,0.0,0.0,0.0,0.0,0.0,0.0,0.0,0.0,0.0,0.0,0.0,0.0,0.0,0.0,0.0
251,rxn24312_d0,0.0,0.0,0.0,0.0,0.0,0.0,0.0,0.0,0.0,0.0,0.0,0.0,0.0,0.0,0.0
252,rxn24330_d0_f,9.510742,7.0048523,6.3049927,3.7227783,7.4057007,0.0,0.0,0.0,0.0,0.0,1386.9187470512318,803.6838240487177,1386.9187470512318,1386.9187470512318,1019.5045473188632
253,rxn24358_d0,0.0,0.0,0.0,0.0,0.0,0.0,0.0,0.0,0.0,0.0,0.0,0.0,0.0,0.0,0.0
254,rxn24360_d0,0.0,0.0,0.0,0.0,0.0,0.0,0.0,0.0,0.0,0.0,0.0,0.0,0.0,0.0,0.0
255,rxn24362_d0_f,0.0,0.0,0.0,0.0,0.0,0.0,0.0,0.0,0.0,0.0,1000.0,1000.0,1000.0,1000.0,1000.0
256,rxn24508_d0_f,30.74524,34.23285,34.89044,35.776245,33.01587,0.02762738280127832,0.008031669199009208,0.029140330229719753,0.032259021222706546,0.017810422454116345,891.2068926961575,923.9674543177844,922.7286343138476,928.4154413534912,1124.9714613559993
257,rxn25637_d0_f,0.0,0.0,0.0,0.0,0.0,0.6538480596302534,0.19008283770988457,0.689654482103367,0.7634635022707214,0.42151333141408676,1193.676441701642,910.308273863742,1112.266066821864,1012.0910002062004,1201.6986360463245
258,rxn25641_d0_f,0.0,0.0,0.0,0.0,0.0,0.0,0.0,0.0,0.0,0.0,1193.596939698043,910.2476449285156,1112.1919869642418,1012.0235922725844,1201.6185997433945
259,rxn25647_d0_f,8.445068,8.290344,8.147827,8.141113,7.9802246,0.6538480596302536,0.19008283770988457,0.6896544821033673,0.7634635022707212,0.42151333141408676,1309.0018529294164,1110.851924504349,1216.6419799077207,1043.3956372604896,955.0269854998128
260,rxn25649_d0_f,4.7246704,3.8183594,3.8049316,3.5679932,4.097351,0.0,0.0,0.0,0.0,0.0,1193.596939698043,910.2476449285156,1112.1919869642418,1012.0235922725844,1201.6185997433945
261,rxn25661_d0_f,0.0,0.0,0.0,0.0,0.0,0.0,0.0,0.0,0.0,0.0,1193.676441701642,910.308273863742,1112.266066821864,1012.0910002062004,1201.6986360463245
262,rxn25662_d0,0.0,0.0,0.0,0.0,0.0,0.0,0.0,0.0,0.0,0.0,0.0,0.0,0.0,0.0,0.0
263,rxn25716_d0_f,6.9769287,8.666382,8.186218,8.763428,9.136902,0.047887463522215776,0.0139215599449493,0.05050990573151425,0.05591563678602469,0.03087139892046834,1062.521350242024,1022.429030542163,1043.8338766403128,1008.7803804748014,990.9004636562872
264,rxn25718_d0_f,3.5333862,4.915039,4.1602783,4.9420776,4.908325,0.0,0.0,0.0,0.0,0.0,1193.6712632323258,910.3043247169716,1112.2612415312765,1012.086609500305,1201.6934227747067
265,rxn25719_d0_f,0.0,0.0,0.0,0.0,0.0,0.04788746352221576,0.013921559944949301,0.050509905731514225,0.05591563678602471,0.030871398920468338,1225.3697483475555,975.9091631241708,1170.880497151236,1259.348635650436,810.0632369388544
266,rxn25743_d0_f,0.0,0.0,0.0,0.0,0.0,0.6538480596302534,0.19008283770988454,0.689654482103367,0.7634635022707214,0.4215133314140867,942.733038729396,1528.421442643688,1113.406994602648,1045.0218997798509,804.8936102632232
267,rxn25747_d0_f,0.0,0.0,0.0,0.0,0.0,0.0,0.0,0.0,0.0,0.0,942.6702502191932,1528.3196457389406,1113.332838756222,1044.9522985613503,804.8400022229998
268,rxn25750_d0_f,1.9274292,0.0,0.0,0.0,2.6600952,0.0,0.0,0.0,0.0,0.0,942.6702502191932,1528.3196457389406,1113.332838756222,1044.9522985613503,804.8400022229998
269,rxn25762_d0,0.0,0.0,0.0,0.0,0.0,0.0,0.0,0.0,0.0,0.0,0.0,0.0,0.0,0.0,0.0
270,rxn26013_d0_f,0.0,0.0,0.0,0.0,0.0,0.044203812482045336,0.012850670718414742,0.04662452836755161,0.05161443395633051,0.028496675926586165,1000.0,1000.0,1000.0,1000.0,1000.0
271,rxn26037_d0_f,0.0,0.0,0.0,0.0,0.0,0.0,0.0,0.0,0.0,0.0,907.3665975814836,1087.9277105719343,1045.42432941294,1036.4680574573092,870.4052050269985
272,rxn26754_d0,210.54395,18.164627,29.256378,23.637878,20.949158,339.83412161561216,98.79456432717794,358.44432309916357,396.80617669259,219.07935738370233,489.28466432554256,489.28466432554256,489.28466432554256,489.28466432554256,489.28466432554256
273,rxn27029_d0,0.0,0.0,0.0,0.0,0.0,0.0,0.0,0.0,0.0,0.0,0.0,0.0,0.0,0.0,0.0
274,rxn27030_d0,0.0,0.0,0.0,0.0,0.0,0.0,0.0,0.0,0.0,0.0,0.0,0.0,0.0,0.0,0.0
275,rxn27259_d0,0.24513634,0.098402,0.23580155,0.23671274,0.15071672,0.1436623905666473,0.0417646798348479,0.15152971719454264,0.16774691035807404,0.09261419676140502,0.2451363422370613,0.2451363422370613,0.2451363422370613,0.2451363422370613,0.2451363422370613
276,rxn27266_d0_f,8.657166,11.830902,13.807617,12.6779785,12.329651,0.0,0.0,0.0,0.0,0.0,999.9480853522524,520.019295992996,999.9480853522524,999.9480853522524,999.9480853522524
277,rxn27497_d0,0.0,0.0,0.0,0.0,0.0,0.31679398945465786,0.09209647348197221,0.33414245330078624,0.36990344335370146,0.20422617747386732,0.5960476160298663,0.6425853731826092,0.5893400818600116,0.5952237948332997,0.5799951895373873
278,rxn27709_d0,0.0,0.0,0.0,0.0,0.0,0.04420381248204532,0.012850670718414742,0.0466245283675516,0.05161443395633051,0.028496675926586165,0.0727357667132314,0.07256533783619,0.081386489521104,0.084767806542764,0.0602685583238066
279,rxn27927_d0_f,0.0,0.0,0.4494629,0.9154663,0.4621582,0.06998936976323843,0.020346895304156665,0.07382216991529005,0.0817228537641899,0.04511973688376141,1167.746202030388,32535.431110886668,1019.0449812822626,711.1441379661727,623.8631472659423
280,rxn28082_d0_f,0.0,0.0,0.0,0.0,0.0,0.04420381248204532,0.012850670718414742,0.0466245283675516,0.05161443395633051,0.02849667592658616,730.9943829072844,1344.2422152378822,827.4051833280537,989.412325675894,909.5335612430029
281,rxn28083_d0_f,0.0,0.0,0.0,0.0,0.0,0.09024945048417585,0.026236786050096755,0.09519174541708449,0.10537946932750805,0.05818071335011339,1088.4835482304727,1577.098595649791,1371.0511071576198,1077.7418346486752,1213.8703742063135
282,rxn28487_d0_f,0.890625,0.0,0.0,1.7062988,2.0237427,0.0,0.0,0.0,0.0,0.0,1063.441320572471,1123.6582738428065,1121.094408217764,1075.1526889838942,964.808769114116
283,rxn28615_d0_f,0.0,0.0,0.0,0.0,0.0,0.04420381248204533,0.012850670718414742,0.04662452836755161,0.05161443395633051,0.028496675926586165,879.9795091802687,865.0482771043128,918.263868342112,782.5353008852678,874.0179519116897
284,rxn29919_d0_f,1.8759766,0.0,3.9797974,3.5315552,1.276001,0.0,0.0,0.0,0.0,0.0,1023.5468544680084,1026.0999321356596,1004.9646785784907,1001.2637613907212,1014.2269340477828
285,rxn31768_d0,0.48418394,0.42014185,0.21899655,0.43013418,0.29052553,0.0,0.0,0.0,0.0,0.0,0.0,0.0,0.0,0.0,0.0
286,rxn37018_d0,2.2168562,3.5311449,0.808921,3.5045261,2.3737016,0.0,0.0,0.0,0.0,0.0,0.0,0.0,0.0,0.0,0.0
287,rxn37266_d0_f,0.06896973,0.0,0.0,0.0,0.32086182,0.0,0.0,0.0,0.0,0.0,841.8292137987244,1263.9041634657235,814.5265588340496,924.8819771361324,857.6698930338348
288,rxn37324_d0,1.421099,3.5870802,1.8286511,3.3286293,1.9546535,0.0,0.0,0.0,0.0,0.0,0.0,0.0,0.0,0.0,0.0
289,rxn37610_d0,0.48418394,0.42014185,0.21899655,0.43013418,0.29052553,0.0,0.0,0.0,0.0,0.0,0.0,0.0,0.0,0.0,0.0
290,rxn37651_d0_f,0.0,0.0,0.0,0.0,0.0,0.0,0.0,0.0,0.0,0.0,942.733038729396,1528.421442643688,1113.406994602648,1045.0218997798509,804.8936102632232
291,rxn00211_d0_f,0.5924072,1.5219727,0.5407715,1.3045654,0.6954346,0.07183119528332366,0.020882339917423946,0.07576485859727136,0.08387345517903701,0.0463070983807025,1378.7675407441332,1372.3675019302698,1393.4935149374735,886.2287823917354,932.2247908066514
292,rxn00834_d0_f,0.0,0.0,0.0,0.0,0.0,0.0,0.0,0.0,0.0,0.0,976.7492884763004,830.5959037064041,1210.8311740349338,1081.366971438954,883.4288260301947
293,rxn00213_d0_f,0.0,0.0,0.0,0.0,0.0,0.07183119528332366,0.020882339917423953,0.07576485859727133,0.08387345517903706,0.0463070983807025,999.9455948513028,999.8813949385884,999.5531867120802,1000.0862319578772,999.2954692772362
294,rxn00416_d0,0.0,0.21569282,0.15526769,0.122492306,0.100746594,0.10314222912477247,0.029984898342967733,0.10879056619095373,0.12043367923143782,0.06649224382870106,0.3160503029494957,0.3873391092483855,0.2788282167447386,0.2199705138050037,0.1809197740841824
295,rxn00239_d0_f,10.952759,7.32251,7.229553,7.067322,6.5318604,0.0,0.0,0.0,0.0,0.0,1655.7792573673505,1580.5530994900373,1663.9420753818683,1206.6184815974457,1252.3203034301769
296,rxn00917_d0,0.0,0.0,0.0,0.0,0.0,0.0,0.0,0.0,0.0,0.0,0.0,0.0,0.0,0.0,0.0
297,rxn01007_d0,0.0,0.0,0.0,0.0,0.0,0.07183119528332364,0.020882339917423942,0.07576485859727135,0.083873455179037,0.046307098380702495,0.2489488700683169,0.3404306968423008,0.2361510869340088,0.2118807549676394,0.2426659963018671
298,rxn00495_c0,0.0,0.0,0.0,0.0,0.0,1.013004036046872,0.2944945372970043,1.0684787750897242,1.1828307781659064,0.6530488233175993,3.1061343859301878,3.197244757136376,3.115782982248031,3.138037103228529,2.9892353150215345
299,rxn00257_c0_f,51.71637,79.70752,48.734985,50.92108,50.946594,0.0,0.0,0.0,0.0,0.0,1193.4794974357449,1193.4794974357449,1193.4794974357449,1193.4794974357449,1177.497657714064
300,rxn00710_c0,0.0,0.0,0.0,0.0,0.0,0.20075898168928913,0.058363462846133585,0.21175306633596352,0.23441555421833418,0.12942240316657877,0.5942574251607529,1.4791421585936484,0.5521298171030233,0.5649959664490486,0.6079595402147827
301,rxn01611_c0,0.0,0.0,0.0,0.0,0.0,1.013004036046872,0.29449453729700437,1.0684787750897242,1.1828307781659066,0.6530488233175994,,,,,
302,rxn00499_c0_f,38.75537,39.86841,39.563904,38.0625,39.042664,0.0,0.0,0.0,0.0,0.0,1239.8810005790965,860.4388291901596,891.5894299039622,1076.5124633966293,1000.1561764073524
303,rxn04954_c0_f,43.71924,40.185913,40.61206,44.78955,42.65631,0.0,0.0,0.0,0.0,0.0,936.2799999889522,1285.8507263263366,1168.267552190935,957.4303364397106,850.5755455337902
304,rxn00154_c0,0.0,0.0,0.0,0.0,0.0,3.1526527427298627,0.9165205445296001,3.325300216947405,3.6811844417937722,2.032406674314055,4.542405076966351,5.151155309489188,5.151155309489188,5.151155309489188,5.050767170573124
305,rxn00799_c0_f,40.771545,37.06958,45.20233,23.672241,0.09509277,0.0,0.0,0.0,0.0,0.0,817.9018213592266,997.4196238665792,837.7824733974767,892.5351197489086,848.6832084841278
306,rxn01361_c0_f,13.870894,14.913307,14.474994,14.576925,14.636669,0.20075898168928907,0.05836346284613356,0.21175306633596339,0.2344155542183341,0.12942240316657871,,,,,
307,rxn09736_c0_o,137.93005,140.92772,136.0602,137.45934,141.55835,0.0,0.0,0.0,0.0,0.0,,,,,
308,rxn05238_c0_i,161.12828,161.0352,161.12225,161.12285,161.06818,0.14366239056664734,0.0417646798348479,0.15152971719454264,0.16774691035807404,0.09261419676140502,,,,,
309,rxn08730_c0_o,361.24503,357.78485,358.33783,357.67596,357.77264,313.16743500561006,91.0421830384489,330.3172992859651,365.6689091678675,201.88826268639033,,,,,
310,rxn31154_d0_i,443.34824,168.3996,172.95174,168.70201,173.88177,679.6682432312241,197.58912865435587,716.888646198327,793.61235338518,438.15871476740466,,,,,
311,rxn05467_c0_i,231.45918,236.4601,233.35857,234.15088,233.29358,84.53868627659962,24.57658648220021,89.16824488973322,98.71131458063313,54.499180292697844,,,,,
312,rxn05468_c0_i,116.81003,137.73222,138.28473,138.78032,136.74898,0.0,0.0,0.0,0.0,0.0,,,,,
313,rxn09121_c0_o,339.0506,340.464,341.54294,340.18604,340.13712,293.4635855917385,85.31399656571554,309.53441576612886,342.66177523183325,189.18586939211448,,,,,
314,rxn05319_c0_i,358.36282,354.92545,350.84027,355.63583,355.20956,338.3927089635933,98.37552537283494,356.92397493664487,395.12311602533055,218.1501282761961,,,,,
315,rxn05238_d0_o,68.96186,68.978035,68.96298,68.96285,68.97312,0.0,0.0,0.0,0.0,0.0,,,,,
316,rxn05319_d0_o,1.0282605,6.4429984,3.5544064,4.089672,0.8837516,0.0,0.0,0.0,0.0,0.0,,,,,
317,rxn05467_d0_o,46.901234,43.204567,48.87341,47.5168,48.567738,0.0,0.0,0.0,0.0,0.0,,,,,
318,rxn05468_d0_o,137.08083,99.77757,98.329704,97.858185,102.19516,84.93090302110176,24.690609412595478,89.58194044456117,99.16928515192481,54.75202892347147,,,,,
319,rxn08730_d0_i,0.0,0.0,0.0,0.0,0.0,0.0,0.0,0.0,0.0,0.0,,,,,
320,rxn09118_d0_i,0.38486603,0.036811747,0.05380024,0.08355527,0.93509126,0.0,0.0,0.0,0.0,0.0,,,,,
321,rxn09121_d0_i,0.0,0.0,0.0,0.0,0.0,0.0,0.0,0.0,0.0,0.0,,,,,
322,rxn09736_d0_i,95.60863,90.30115,98.60985,96.63821,89.170456,17.43195763484653,5.067715542268164,18.386577030612116,20.354367090820343,11.237782887798911,,,,,
323,rxn09817_d0_i,5.336797,5.2321043,5.4710937,5.7472043,6.867509,0.0,0.0,0.0,0.0,0.0,,,,,
324,rxn09839_d0_i,0.0,0.0,0.0,0.0,0.0,0.0,0.0,0.0,0.0,0.0,,,,,
325,rxn10929_d0_o,6.7157903,6.566031,7.06401,5.8034763,6.4339094,3.2244839380131864,0.937402884447024,3.4010650755446763,3.7650578969728086,2.078713772694758,,,,,
326,rxn10967_d0_o,5.959334,2.487909,9.929039,2.592392,6.497161,0.0,0.0,0.0,0.0,0.0,,,,,
327,rxn11013_d0_o,38.398323,38.89952,35.640705,42.80622,38.60454,4.74527926994755,1.379519501621817,5.005143120256647,5.540809485212055,3.059118160719013,,,,,
328,rxn13360_d0_i,1.4311918,0.31022388,0.4752798,0.4033296,0.37179554,1.0130040360468655,0.2944945372970052,1.0684787750897289,1.1828307781659169,0.6530488233175945,,,,,
329,rxn13361_d0_o,46.29228,46.3754,45.273167,42.05581,44.186993,3.191331078651653,0.9277648814082131,3.3660966792690123,3.726347071505561,2.0573412657498182,,,,,
330,rxn13365_d0_i,28.67036,27.440624,31.187195,27.561768,27.375807,0.0,0.0,0.0,0.0,0.0,,,,,
331,rxn29240_d0_f,0.0,0.0,0.0,0.0,0.0,0.0,0.0,0.0,0.0,0.0,,,,,
332,rxn29318_d0_o,31.624987,34.383045,32.4537,34.771553,33.022728,2.1359650556427474,0.6209551180060383,2.252936064493672,2.4940524607981165,1.3769831280025124,,,,,
333,rxn29733_d0_o,0.7436944,0.07477492,0.8340729,1.0069393,0.38887125,0.0,0.0,0.0,0.0,0.0,,,,,
334,rxn29785_d0_o,9.2619705,4.873829,6.098799,7.377972,6.4618444,0.0,0.0,0.0,0.0,0.0,,,,,
335,rxn33186_d0_i,0.5016728,1.6395758,1.2958335,1.4971344,1.4553252,0.0,0.0,0.0,0.0,0.0,,,,,
336,rxn39241_d0_i,2.657959,0.9602051,1.0518188,0.0,3.1409302,0.09024945048417593,0.026236786050096772,0.09519174541708451,0.10537946932750811,0.05818071335011344,976.4953804222566,717.0269945787863,980.5904487855912,1120.4440506769547,862.6211823800627
337,rxn39242_d0_i,24.014648,18.766418,18.862793,17.01233,23.174133,0.0,0.0,0.0,0.0,0.0,976.4635339197264,717.0036101343181,980.5584687303508,1120.4075095677902,862.5930496635974
338,rxn_cpd00008_c0_i,4.4162774,5.3861847,3.97081,5.508702,4.893328,0.0,0.0,0.0,0.0,0.0,,,,,
339,rxn_cpd00002_c0_i,413.63672,412.35086,414.48535,410.4418,413.98172,298.7947495596252,86.8638409988177,315.15752815612393,348.8866910271083,192.62268724501058,,,,,
340,rxn_cpd00103_c0_o,1.4728634,2.8786967,1.712791,2.218722,1.6639583,0.2007589816892891,0.058363462846133564,0.21175306633596339,0.23441555421833413,0.12942240316657871,,,,,
341,rxn08217_c0_o,28.468569,28.49542,30.667793,29.06286,28.499193,0.0,0.0,0.0,0.0,0.0,,,,,
342,bio1_biomass,0.9916603,0.987179,1.4473567,2.2030673,1.309644,1.8418255200852216,0.5354446132672807,1.9426886819813167,2.150601414847103,1.1873614969410895,,,,,
343,EX_cpd00013_e0_i,41.546337,35.020958,45.429623,42.721592,33.662804,16.418953598799657,4.773221004971161,17.318098255522397,19.17153631265444,10.584734064481312,,,,,
344,EX_cpd00048_e0_i,15.75535,15.615042,15.746349,15.74724,15.664532,0.1436623905666473,0.0417646798348479,0.15152971719454264,0.16774691035807404,0.09261419676140502,,,,,
345,EX_cpd11632_e0_i,444.10867,30.628975,39.287357,32.126976,37.686245,679.6682432312241,197.58912865435587,716.888646198327,793.61235338518,438.15871476740466,,,,,
346,EX_cpd00011_e0_i,150.20793,159.79773,152.24731,154.06836,152.3733,84.53868627659962,24.57658648220021,89.16824488973322,98.71131458063311,54.499180292697844,,,,,
347,EX_cpd00001_e0_i,348.45673,339.5258,333.32428,343.65793,342.66766,338.3927089635933,98.37552537283494,356.92397493664487,395.12311602533055,218.1501282761961,,,,,
348,EX_cpd00002_e0_i,387.80795,384.11996,388.9356,381.96014,386.67117,298.7947495596252,86.86384099881771,315.15752815612393,348.8866910271084,192.62268724501058,,,,,
349,rxn00001_d0_r,0.0,0.0,0.0,0.0,0.0,0.0,0.0,0.0,0.0,0.0,1000.0,1000.0,1000.0,1000.0,1000.0
350,rxn00069_d0_r,8.8828125,3.6398315,3.0681152,2.8861084,0.0,12.250165716638785,3.561295667302,12.9210166927259,14.303865070289527,7.897260052304862,999.991949512338,789.767065728891,999.3600269973848,1003.2825850021768,999.0171472808132
351,rxn00086_d0_r,0.0,0.0,0.0,0.0,0.0,0.14366239056664729,0.04176467983484789,0.15152971719454272,0.16774691035807404,0.092614196761405,868.1750875842469,782.0289370645398,955.472301590183,1020.9828193466938,844.9018992033036
352,rxn00097_d0_r,0.0,0.0,0.0,0.0,0.0,0.0,0.0,0.0,0.0,0.0,996.3383518196996,996.3383518196996,996.3383518196996,996.3383518196996,996.3383518196996
353,rxn00102_d0_r,54.878784,57.344666,58.300232,57.670288,38.57129,5.028183669832653,1.4617637942196755,5.303540101808993,5.871141862532589,3.2414968866491742,1002.130804261632,959.8654902213208,997.2004127263376,1000.589703124766,998.9918329110716
354,rxn00117_d0_r,0.0,0.0,0.0,0.0,1.5609741,0.0,0.0,0.0,0.0,0.0,1526.9911472113697,798.6490369330656,1409.2808747953572,1125.2170226615765,509.1067582916029
355,rxn00122_d0_r,0.0,0.0,0.0,0.0,0.0,0.0,0.0,0.0,0.0,0.0,637.3434805826975,876.9483347201771,604.5685322061058,546.530733123948,582.5797408553773
356,rxn00148_d0_r,1.4547119,0.039489746,4.667053,0.0,1.5722656,10.413128942905804,3.0272432100292193,10.983379001317756,12.158855219121051,6.7129856952558296,996.596215685412,827.4497638789093,995.7230442311214,988.5424948706373,1042.0793881365228
357,rxn00179_d0_r,0.0,0.0,0.0,0.0,0.0,0.0,0.0,0.0,0.0,0.0,772.0502801383053,1578.3375544839805,851.5648731132266,848.4992816859962,495.8362749482212
358,rxn00191_d0_r,0.0,0.0,0.0,0.0,0.0,0.0,0.0,0.0,0.0,0.0,942.0016777998248,971.9520815762406,1009.346348685292,1038.8872895637808,932.9673687876256
359,rxn00237_d0_r,0.58447266,0.0,0.0,0.0,0.8244629,0.0,0.0,0.0,0.0,0.0,1528.0841612498343,799.2207066580462,1410.2896323006669,1126.022448419502,509.47117483383767
360,rxn00248_d0_r,0.0,0.0,0.0,0.0,0.0,0.0,0.0,0.0,0.0,0.0,1126.876739027596,807.4785175772737,1070.69877229902,1092.6724767710248,1008.2291859085788
361,rxn00260_d0_r,35.701904,29.739624,26.390259,32.447144,31.783508,5.826430850237568,1.693825489609709,6.145501376579674,6.8032125157273,3.7560993594234304,1004.7028645464542,1030.6725552892692,1019.7212152052148,1004.1319468450027,1011.367123273266
362,rxn00272_d0_r,0.0,0.0,0.0,0.0,0.0,0.2965339087337207,0.08620658273603218,0.31277287779899204,0.34624682779038357,0.19116520100751547,1000.0,1000.0,1000.0,1000.0,1000.0
363,rxn00275_d0_r,0.0,0.0,0.0,0.0,0.0,0.0,0.0,0.0,0.0,0.0,1000.0,1000.0,1000.0,1000.0,1000.0
364,rxn00337_d0_r,0.0,0.0,0.0,0.0,0.0,0.0,0.0,0.0,0.0,0.0,965.7684808352776,1285.079910742564,975.879384370918,992.3633759816812,911.8605737848818
365,rxn00391_d0_r,0.0,0.0,0.0,0.0,0.0,0.0,0.0,0.0,0.0,0.0,672.247416529292,851.8191445356111,636.914269573697,994.5751100462512,644.849524424539
366,rxn00409_d0_r,0.0,0.0,0.0,0.0,1.6411438,0.0,0.0,0.0,0.0,0.0,1529.0433335024504,799.722374265749,1411.1748654035011,1126.7292481598142,509.7909678313704
367,rxn00420_d0_r,0.0,0.0,0.0,0.0,0.0,0.0,0.0,0.0,0.0,0.0,1318.5939653158098,1981.6846242234335,1234.8949380490471,1166.985115435197,860.5822485543252
368,rxn00459_d0_r,0.0,2.782837,0.0,0.0,3.3440552,0.0,0.0,0.0,0.0,0.0,1020.0007981387632,988.7035174793562,1303.3864282566908,1059.099112066358,903.3587456630752
369,rxn00493_d0_r,0.0,0.0,0.0,0.0,0.0,1.149299124533178,0.334117438678783,1.2122377375563413,1.3419752828645921,0.7409135740912399,1004.7028645464542,1030.6725552892692,1019.7212152052148,1004.1319468450027,1011.367123273266
370,rxn00527_d0_r,0.0,0.0,0.0,0.0,0.0,0.0,0.0,0.0,0.0,0.0,936.9226552597648,1024.8785992874584,966.9497508755207,998.7444558686168,1000.0751401746018
371,rxn00533_d0_r,1.3253784,0.0,1.5680542,0.0,0.0,0.0,0.0,0.0,0.0,0.0,994.78296033329,996.5610264255124,998.2412379945804,998.8331185703456,1002.759367585086
372,rxn00611_d0_r,0.0,0.0,0.0,0.0,1.8088684,0.23943731761107884,0.06960779972474648,0.25254952865757124,0.2795781839301234,0.15435699460234167,1197.045185659123,1229.5220702178974,1101.0341930950976,1090.718353548143,567.292492338316
373,rxn00692_d0_r,0.0,0.0,0.0,0.0,0.0,4.833686894911637,1.4052208430586455,5.098392176991748,5.644038353124717,3.116111512572185,1030.4807733318326,919.9301650672332,1030.4807733318326,1030.4807733318326,1030.4807733318326
374,rxn00693_d0_r,5.423218,1.8377686,2.227295,4.557068,2.2120361,0.0,0.0,0.0,0.0,0.0,1117.6118366455191,1149.800099865293,1093.6313369464722,1059.7425655001646,1021.2495878532624
375,rxn00711_d0,0.0,0.0,0.0,0.0,0.0,0.0,0.0,0.0,0.0,0.0,0.0,0.0,0.0,0.0,0.0
376,rxn00720_d0_r,0.0,0.0,0.0,0.0,0.0,0.0,0.0,0.0,0.0,0.0,1057.9611369227969,1996.044484274601,1068.042339616875,1127.7982921054145,1069.4244626614163
377,rxn00747_d0_r,0.0,0.0,0.0,0.0,0.0,0.0,0.0,0.0,0.0,0.0,978.527535158598,978.527535158598,978.527535158598,978.527535158598,978.527535158598
378,rxn00777_d0_r,0.0,0.0,0.0,0.0,0.0,0.0,0.0,0.0,0.0,0.0,991.0642276694484,991.0642276694484,991.0642276694484,991.0642276694484,991.0642276694484
379,rxn00781_d0_r,27.457886,48.43689,34.009705,43.02472,44.284546,4.199546368346293,1.2208672627107198,4.429524463785575,4.903586285992854,2.707302949175364,999.7166991134416,1034.3966456453395,1003.8036283108636,1008.0623239525196,995.4358150944356
380,rxn00782_d0_r,30.859375,22.177002,23.514404,17.634888,19.553955,165.7138307884196,48.17534401165172,174.7887517084322,193.49520085747247,106.83000101968189,1000.0,1000.0,1000.0,1000.0,1000.0
381,rxn00789_d0,0.11942569,0.10411217,0.13281095,0.1263024,0.10921963,0.06998936976323841,0.020346895304156662,0.07382216991529003,0.08172285376418988,0.0451197368837614,0.1181522589672352,0.103002022141108,0.1313947849219416,0.1249556400878704,0.1080550228086566
382,rxn00790_d0,0.0,0.5122813,0.8618388,1.1081319,0.10635376,2.3367240373321114,0.679318580852197,2.4646891308296865,2.7284680150165093,1.506405531169155,4.756806713461618,0.679318580852197,4.665756168680194,4.763055751546216,4.665204455334633
383,rxn00791_d0,0.0754262,0.11205596,0.06073616,0.0839806,0.071722895,0.04420381248204533,0.012850670718414742,0.0466245283675516,0.05161443395633051,0.028496675926586165,0.0781012600742681,0.1160301303077246,0.0628902244649661,0.086959045787848,0.0742666172670619
384,rxn00800_d0_r,0.7977295,0.0,0.0,0.0,0.7215271,0.0,0.0,0.0,0.0,0.0,1369.621175477273,1366.1165174936116,743.1213576294567,795.7039165047771,467.2425016980114
385,rxn00802_d0_r,1.6665039,0.0,0.0,0.29260254,1.3376465,0.0,0.0,0.0,0.0,0.0,735.0755755412501,1812.5318606657388,1213.1098947333878,537.9527314756675,600.4805755905575
386,rxn00830_d0_r,0.0,0.0,0.0,0.0,0.0,0.0,0.0,0.0,0.0,0.0,924.8028300681063,789.0591929404135,819.6156122659834,1041.672043604897,683.2343505422434
387,rxn00832_d0_r,2.505005,1.010315,0.0,0.0,0.0,2.40671340709535,0.6996654761563528,2.5385113007449767,2.8101908687806993,1.5515252680529166,963.1972618921038,939.6296937923152,1003.7725999594098,1088.3193134920984,997.1224776680564
388,rxn00839_d0_r,0.0,0.0,0.0,0.0,1.7354431,0.0,0.0,0.0,0.0,0.0,1529.0433335024504,799.722374265749,1411.1748654035011,1126.7292481598142,509.7909678313704
389,rxn00863_d0_r,1.8925781,0.0,0.6188965,0.0,0.93048096,0.0,0.0,0.0,0.0,0.0,907.8566741029452,1039.5353956459362,887.6199112201201,1100.613208290148,807.0524218083183
390,rxn00907_d0_r,0.0,0.0,0.0,0.0,0.0,0.0,0.0,0.0,0.0,0.0,726.2939576305223,1072.7638846600669,754.0883576962511,950.5483628522557,677.0241557177927
391,rxn00929_d0_r,2.0894775,0.23461914,0.0,0.0,0.0,0.17681524992818126,0.051402682873658935,0.1864981134702064,0.20645773582532184,0.1139867037063446,648.3789897974776,583.4378000391093,791.8681901304483,993.991789932252,1079.7255632886922
392,rxn00931_d0_r,0.37390137,0.0,0.0,0.0,0.0,0.0,0.0,0.0,0.0,0.0,648.3789897974776,583.4378000391093,791.8681901304483,993.991789932252,1079.7255632886922
393,rxn00974_d0_r,20.855774,23.381958,17.511963,17.2948,22.333374,0.0,0.0,0.0,0.0,0.0,999.71442412354,541.7487741961646,999.71442412354,999.71442412354,999.71442412354
394,rxn00980_d0_r,0.0,0.0,0.0,0.0,0.0,0.0,0.0,0.0,0.0,0.0,978.2121891397333,1172.5445867260032,1054.688834521325,1095.701976036372,1067.0921436145222
395,rxn01011_d0_r,0.0,0.0,0.0,0.0,0.0,0.0,0.0,0.0,0.0,0.0,1000.0,1000.0,1000.0,1000.0,1000.0
396,rxn01018_d0_r,0.0,0.0,0.0,0.0,0.0,0.0,0.0,0.0,0.0,0.0,1180.246575341823,1273.8772499627253,1398.5398240975103,1315.357365784071,868.024472108894
397,rxn01019_d0_r,0.0,0.0,0.0,0.0,0.0,0.0,0.0,0.0,0.0,0.0,1039.651135001806,1268.3867396982307,939.9457747936468,1031.2688023592518,793.3947204248169
398,rxn01069_d0_r,0.0,0.0,0.0,0.0,0.0,0.0,0.0,0.0,0.0,0.0,915.89031827679,936.9818986525396,1120.9155095853762,790.6165843105177,700.6995602366743
399,rxn01100_d0_r,0.0,0.0,0.0,0.0,0.0,0.0,0.0,0.0,0.0,0.0,947.2001406894816,947.2001406894816,947.2001406894816,947.2001406894816,947.2001406894816
400,rxn01101_d0_r,0.0,0.74645996,0.0,0.0,0.0,0.0,0.0,0.0,0.0,0.0,1235.5215412144062,547.7977055697022,1104.7630061865275,1122.9750155700642,1029.7789004197248
401,rxn01106_d0_r,6.462036,6.394226,3.154663,8.635803,0.73217773,12.980633717904604,3.773653000923808,13.691487023999711,15.156793591417914,8.36816762199171,870.9649209003092,715.4496602452666,997.5696578347574,867.9550879451136,1004.831125320139
402,rxn01116_d0_r,19.057861,25.560669,19.931396,21.443298,20.935974,64.89561710489073,18.866069681704662,68.44947009640248,75.77515049128876,41.83596992782111,973.6658527702529,1038.3611709933678,976.3599628526714,996.6625396168882,990.7729030357513
403,rxn01200_d0_r,0.0,0.0,0.0,0.0,0.0,0.0,0.0,0.0,0.0,0.0,852.0234174169998,895.3138963526451,856.4348982193274,858.1750653138572,862.0344037401326
404,rxn01208_d0,0.0,0.0,0.0,0.0,0.0,0.31679398945465803,0.09209647348197224,0.33414245330078635,0.36990344335370157,0.20422617747386734,,,,,
405,rxn01211_d0_r,0.0,0.0,0.0,0.0,0.0,0.0,0.0,0.0,0.0,0.0,726.2939576305223,1072.7638846600669,754.0883576962511,950.5483628522557,677.0241557177927
406,rxn01249_d0_r,0.0,0.0,0.0,0.0,0.0,0.0,0.0,0.0,0.0,0.0,965.5266545000396,638.8362868708799,868.1374858340507,1152.0227968924576,646.4732011620478
407,rxn01257_d0_r,3.310669,0.0,0.0,0.0,0.0,0.0,0.0,0.0,0.0,0.0,1161.6557044825856,1272.7369688774677,1366.1771046909505,1213.397791575041,1357.188765470242
408,rxn01258_d0_r,0.0,0.0,0.0,0.0,0.0,0.0,0.0,0.0,0.0,0.0,1175.372689683105,595.6811543341155,1175.372689683105,1175.372689683105,1175.372689683105
409,rxn01301_d0_r,4.977417,0.7750244,0.0,1.1240234,4.7267456,0.0,0.0,0.0,0.0,0.0,853.7477293175209,1736.2170386991538,907.6204879810364,983.556555749802,757.8004610042983
410,rxn01302_d0_r,1.3786621,0.0,0.0,0.0,0.0,0.4199362185794306,0.12208137182494,0.4429330194917401,0.4903371225851394,0.27071842130256846,853.7477293175209,1736.2170386991538,907.6204879810364,983.556555749802,757.8004610042983
411,rxn01334_d0_r,5.984619,6.6973877,8.715393,8.814087,6.8077393,0.0,0.0,0.0,0.0,0.0,1028.8901744998989,1029.144535021596,1006.3932589051255,1019.8037754245048,1011.8191157604396
412,rxn01345_d0_r,0.0,0.0,0.0,0.0,0.0,0.0,0.0,0.0,0.0,0.0,1000.0,1000.0,1000.0,1000.0,1000.0
413,rxn01353_d0_r,0.0,0.0,0.0,0.0,1.7354431,0.0,0.0,0.0,0.0,0.0,1529.0433335024504,799.722374265749,1411.1748654035011,1126.7292481598142,509.7909678313704
414,rxn01465_d0_r,0.42163086,0.0,0.0,0.0,1.0301514,0.20075898168928918,0.0583634628461336,0.21175306633596352,0.23441555421833427,0.1294224031665788,990.6892085502592,1453.8187768939442,1160.2103369743884,1183.939461003538,927.6162410691418
415,rxn01476_d0_r,1.4644775,0.0,0.0,0.0,0.0,0.0,0.0,0.0,0.0,0.0,1006.0734918413058,1009.456923064874,997.5619463823951,1003.003038541354,993.038872631057
416,rxn01512_d0_r,0.0,0.0,0.0,0.0,1.7354431,0.0,0.0,0.0,0.0,0.0,1529.0433335024504,799.722374265749,1411.1748654035011,1126.7292481598142,509.7909678313704
417,rxn01539_d0_r,4.8703833,6.262157,5.2188897,5.9418964,4.6259723,0.0,0.0,0.0,0.0,0.0,,,,,
418,rxn01636_d0_r,0.0,0.0,0.0,0.0,0.0,0.0,0.0,0.0,0.0,0.0,702.3533427450913,1045.0128222456165,858.967830842339,981.9457391367768,831.6374152363544
419,rxn01637_d0_r,0.0,0.0,0.0,0.0,0.0,0.2026008072093744,0.05889890745940087,0.21369575501794483,0.23656615563318134,0.1306097646635199,1010.1972738905029,840.6349914493305,894.0693570279175,966.5046301323678,830.3966049718109
420,rxn01643_d0_r,16.029785,9.656372,5.1674805,10.340027,12.222351,0.5967514685076121,0.17348405469859898,0.6294311329619466,0.6967948584104615,0.3847051250089132,974.7499910533948,663.1051033094421,1071.9417819862524,886.1158836184882,659.7707817743756
421,rxn01652_d0_r,0.0,0.0,0.0,0.0,0.0,0.0,0.0,0.0,0.0,0.0,1030.4807733318326,919.9301650672332,1030.4807733318326,1030.4807733318326,1030.4807733318326
422,rxn01673_d0_r,0.0,0.0,0.0,0.0,1.7354431,0.0,0.0,0.0,0.0,0.0,1529.0433335024504,799.722374265749,1411.1748654035011,1126.7292481598142,509.7909678313704
423,rxn01678_d0_r,0.0,0.0,0.0,0.0,1.7354431,0.0,0.0,0.0,0.0,0.0,1529.0433335024504,799.722374265749,1411.1748654035011,1126.7292481598142,509.7909678313704
424,rxn01740_d0_r,1.1989746,0.0,0.0,0.24505615,0.1607666,1.2837523874994,0.3732048954472946,1.354054011340978,1.498969186148431,0.8275909633679397,1228.4732980098956,1360.3634955892062,1368.0425402768224,1191.0324976510335,1108.8349613786727
425,rxn01917_d0_r,0.0,0.0,0.20843506,0.0,0.0,0.0,0.0,0.0,0.0,0.0,871.6681577475599,1238.052573294597,763.0891391756376,795.1384107788288,912.444008826225
426,rxn01974_d0_r,0.0,0.0,0.0,0.0,0.0,0.0,0.0,0.0,0.0,0.0,1182.2553495785833,1096.1665835184945,1227.6583236802194,1113.6474668235603,1104.045156456607
427,rxn01975_d0_r,0.0,0.0,0.0,0.0,0.0,0.0,0.0,0.0,0.0,0.0,1074.1713047461017,1373.2864124475127,1087.3474396703875,1023.4137272867632,916.4159995965392
428,rxn02159_d0_r,0.0,0.0,0.0,0.0,0.0,0.0,0.0,0.0,0.0,0.0,907.8566741029452,1039.5353956459362,887.6199112201201,1100.613208290148,807.0524218083183
429,rxn02320_d0_r,0.0,0.0,0.0,0.0,0.0,0.06998936976323841,0.020346895304156665,0.07382216991529005,0.0817228537641899,0.04511973688376141,1037.5834987340995,702.9914586986762,1042.4655972917053,1145.895228038199,991.3729510585792
430,rxn02373_d0_r,9.44873,0.0,0.0,0.0,5.41687,0.17681524992818126,0.05140268287365892,0.18649811347020628,0.20645773582532181,0.11398670370634455,772.0996133966997,1578.43840871124,851.6192872764044,848.5534999608776,495.8679584016213
431,rxn02380_d0_r,0.0,0.0,0.0,0.0,0.0,0.0,0.0,0.0,0.0,0.0,1000.0,1000.0,1000.0,1000.0,1000.0
432,rxn02402_d0,0.0,0.0,0.0,0.0,0.0,0.0,0.0,0.0,0.0,0.0,0.0,0.0,0.0,0.0,0.0
433,rxn02465_d0_r,6.6316476,3.4332514,5.2165213,5.0778,3.0949092,0.20260080720937443,0.058898907459400886,0.21369575501794486,0.2365661556331814,0.1306097646635199,,,,,
434,rxn02474_d0_r,0.10070801,0.0,0.0,0.0,0.0,0.0,0.0,0.0,0.0,0.0,1246.4340663318767,992.775842005252,1251.7192700683995,1205.8933051735162,835.9062191856525
435,rxn02476_d0_r,0.0,0.0,0.0,0.0,0.0,0.0,0.0,0.0,0.0,0.0,932.72190578772,1504.7347364022628,1110.7252278743545,778.1591250792867,1074.3838282268723
436,rxn02789_d0_r,0.0,0.73703,0.0,0.0,0.0,0.0,0.0,0.0,0.0,0.0,1020.8601960951812,412.624216031309,1047.435952626295,1057.737588865768,869.8951969237547
437,rxn02811_d0_r,0.0,1.055542,0.0,0.0,0.0,0.316793989454658,0.09209647348197224,0.3341424533007864,0.36990344335370157,0.20422617747386734,1020.9770757099832,412.67145791576297,1047.5558749341103,1057.8586906213473,869.99479235898
438,rxn02832_d0,3.0789657,2.0424845,1.725016,0.060261223,1.9732676,0.0,0.0,0.0,0.0,0.0,,,,,
439,rxn02835_d0_r,0.0,0.0,0.0,0.0,0.0,0.0,0.0,0.0,0.0,0.0,1123.5697501880074,987.8147518431632,1085.9984193978717,1189.3751493588225,828.735133223207
440,rxn02914_d0_r,0.0,0.0,0.0,0.0,0.0,5.205735649968852,1.5133806549386364,5.490815290751973,6.078459838923831,3.3559585349542846,1247.93951678827,1140.3904635372194,1139.536762039079,1196.8999798898617,878.2373494163962
441,rxn02928_d0_r,0.0,0.0,0.0,0.0,0.0,0.0,0.0,0.0,0.0,0.0,1300.57235537569,1047.2645327322475,1542.5107648607143,1412.725642168724,409.72094687640384
442,rxn02929_d0_r,0.0,0.0,0.0,0.0,0.0,0.1768152499281814,0.05140268287365897,0.18649811347020642,0.20645773582532198,0.11398670370634467,1300.57235537569,1047.2645327322475,1542.5107648607143,1412.725642168724,409.72094687640384
443,rxn02938_d0_r,29.293457,27.275269,28.878662,15.021484,29.621948,2.3367240373321105,0.6793185808521959,2.464689130829686,2.728468015016509,1.5064055311691549,970.6466456739736,1226.4325864851908,978.5858587129168,1005.272139620152,820.6053076511291
444,rxn02988_d0_r,5.342041,2.5569458,2.5838623,2.7407837,3.045288,0.0,0.0,0.0,0.0,0.0,1142.1779437282937,1138.0285323101732,1117.1950081577595,1083.6214550100335,999.306015484114
445,rxn03062_d0_r,0.0,0.0,0.0,0.0,0.0,0.0,0.0,0.0,0.0,0.0,995.0077431398418,1096.5700030423195,1147.620956952431,1224.1979925943226,961.1961104370132
446,rxn03080_d0_r,1.3807373,0.0,1.1938477,0.0,1.2843628,0.0,0.0,0.0,0.0,0.0,1025.4977100576457,1194.149913971845,998.3057578890638,1058.710390549408,769.7331078758148
447,rxn03108_d0_r,0.0,0.0,0.0,0.0,0.0,0.0,0.0,0.0,0.0,0.0,1176.87130057686,1051.923200325404,1177.020946432433,1182.0072246164464,1012.603733759047
448,rxn03135_d0,0.0,0.0,0.0,0.0,0.0,0.06998936976323841,0.020346895304156662,0.07382216991529003,0.08172285376418989,0.0451197368837614,0.1260267887773958,0.2116857953543862,0.1082910791418978,0.1403950136452837,0.0977497819041083
449,rxn03136_d0_r,0.0,1.4276123,3.854004,0.11834717,4.3861084,0.0,0.0,0.0,0.0,0.0,1369.4737140933375,1365.969433441544,743.0413488607621,795.6182463918791,467.19219565195465
450,rxn03175_d0_r,0.0,0.0,0.0,0.0,0.0,0.0,0.0,0.0,0.0,0.0,1071.2762110067654,1101.902932051249,1063.795118706341,1017.4089440661778,776.4689579943582
451,rxn03907_d0_r,0.0,0.0,0.0,0.17797852,0.0,0.0,0.0,0.0,0.0,0.0,1423.9329116332497,1384.7759433175,976.5310570610928,1049.4748909595778,1045.5197712215077
452,rxn03958_d0_r,0.0,0.0,0.0,0.0,0.0,0.0,0.0,0.0,0.0,0.0,1000.0,1000.0,1000.0,1000.0,1000.0
453,rxn03983_d0,0.24513634,0.0,0.0,0.0,0.0,0.14366239056664729,0.0417646798348479,0.15152971719454275,0.16774691035807407,0.092614196761405,0.2451363422370613,0.2332652637089371,0.2451363422370613,0.2451363422370613,0.2451363422370613
454,rxn04996_d0,0.0,0.0,0.0,0.0,0.0,0.0,0.0,0.0,0.0,0.0,0.0,0.0,0.0,0.0,0.0
455,rxn05039_d0_r,0.28571296,0.00734201,0.23553914,0.06692995,0.2787124,0.0,0.0,0.0,0.0,0.0,,,,,
456,rxn05105_d0,0.0,0.0,0.0,0.0,0.0,0.0,0.0,0.0,0.0,0.0,0.0,0.0,0.0,0.0,0.0
457,rxn05106_d0_r,0.0,0.0,0.0,0.0,0.0,0.0,0.0,0.0,0.0,0.0,995.7533802755464,1031.1561413863212,1023.9468448220026,1082.6322071974594,1009.0499559464672
458,rxn05324_d0,1.7116767,2.775084,2.0215616,1.8973979,1.4614081,0.6538480596302537,0.1900828377098846,0.6896544821033673,0.7634635022707214,0.4215133314140867,1.6136542470641837,2.616163485211106,1.905792893365697,1.7887397148270288,1.3777176987311357
459,rxn05325_d0,0.40533674,0.11364508,0.02431178,0.39561784,0.033064842,0.653848059630253,0.19008283770988446,0.6896544821033666,0.7634635022707209,0.4215133314140865,1.6136542470641837,2.616163485211106,1.905792893365697,1.7887397148270288,1.3777176987311357
460,rxn05326_d0,0.3479613,0.47752118,0.06343639,0.5235089,0.27304935,0.653848059630253,0.19008283770988446,0.6896544821033668,0.763463502270721,0.4215133314140865,1.6136542470641837,2.616163485211106,1.905792893365697,1.7887397148270288,1.3777176987311357
461,rxn05330_d0_r,0.0,0.0,0.0,0.0,0.0,0.0,0.0,0.0,0.0,0.0,1225.288135486029,975.8441649964628,1170.802513417749,1259.2647597052744,810.009284587841
462,rxn05331_d0_r,0.0,0.0,0.0,0.0,0.0,0.0,0.0,0.0,0.0,0.0,1225.288135486029,975.8441649964628,1170.802513417749,1259.2647597052744,810.009284587841
463,rxn05335_d0_r,0.0,0.0,0.01574707,0.0,0.14031982,0.0,0.0,0.0,0.0,0.0,1225.288135486029,975.8441649964628,1170.802513417749,1259.2647597052744,810.009284587841
464,rxn05337_d0_r,0.0,0.0,0.0,0.0,0.0,0.653848059630253,0.19008283770988452,0.6896544821033669,0.763463502270721,0.4215133314140865,1193.676441701642,910.308273863742,1112.266066821864,1012.0910002062004,1201.6986360463245
465,rxn05338_d0,1.1666586,0.0,0.0,0.0,0.0,0.6538480596302528,0.1900828377098844,0.6896544821033664,0.7634635022707209,0.4215133314140863,2.043188241676987,1.558153530120987,1.9038399937818051,1.7323726588593231,2.0569196454183025
466,rxn05340_d0_r,0.0,0.0,0.0,0.0,0.0,0.6538480596302536,0.1900828377098846,0.6896544821033674,0.7634635022707215,0.4215133314140868,1193.676441701642,910.308273863742,1112.266066821864,1012.0910002062004,1201.6986360463245
467,rxn05342_d0_r,0.0,0.0,0.0,0.0,0.0,0.6538480596302536,0.19008283770988463,0.6896544821033673,0.7634635022707214,0.42151333141408676,1193.676441701642,910.308273863742,1112.266066821864,1012.0910002062004,1201.6986360463245
468,rxn05465_d0_r,0.0,0.0,0.0,0.0,0.0,0.0,0.0,0.0,0.0,0.0,1288.3235526772432,845.1225328574327,1229.634411003596,1194.482663581757,1000.365434602753
469,rxn07441_d0_r,0.0,0.0,1.1369019,0.3157959,0.0,0.1768152499281814,0.05140268287365898,0.18649811347020645,0.206457735825322,0.11398670370634469,1297.2005165879066,1320.2893169197405,1103.0775251294965,1141.20739333133,845.1563397452287
470,rxn08392_d0_r,0.18145752,0.0,0.0,0.0,0.0,0.0,0.0,0.0,0.0,0.0,942.6702502191932,1528.3196457389406,1113.332838756222,1044.9522985613503,804.8400022229998
471,rxn08436_d0_r,0.0,0.3168335,0.18304443,1.1553345,1.00531,0.0,0.0,0.0,0.0,0.0,1067.435845614866,939.4695063727612,1049.9845152467897,1023.639620052436,1053.388734962028
472,rxn15021_d0,0.0,0.0,0.0,0.0,0.0,0.5507058305054812,0.16009793936691685,0.5808639159124135,0.6430298230392837,0.35502108758538575,0.9006356491488482,1.0997351989734752,0.9515042334803562,0.9295747046703614,0.7026275175408968
473,rxn15116_d0_r,10.975342,15.345337,6.909363,9.648193,11.893188,68.3142294527209,19.859908428390064,72.05529455902801,79.76688177738647,44.039831602293475,1028.8901744998989,1029.144535021596,1006.3932589051255,1019.8037754245048,1011.8191157604396
474,rxn15250_d0_r,0.0,0.0,0.0,0.0,0.0,0.0,0.0,0.0,0.0,0.0,834.1081134883866,1490.131634203791,693.1710714641245,771.686768802199,594.4972876515286
475,rxn15271_d0_r,0.0,0.0,0.0,0.0,0.0,0.0,0.0,0.0,0.0,0.0,851.8203607083848,895.1005225306886,856.2307901537266,857.9705425265535,861.8289611840264
476,rxn15280_d0_r,0.24182129,5.9691467,0.0,0.0,0.24841309,0.749622986674683,0.21792595759978198,0.7906742935663911,0.875294775842767,0.48325612925502126,1000.0,541.9035287713505,1000.0,1000.0,1000.0
477,rxn15298_d0_r,0.0,0.0,0.0,0.0,0.0,0.0,0.0,0.0,0.0,0.0,892.4393066406093,1705.4032894597333,1003.1146792673628,1062.877507729746,1114.1277465115345
478,rxn15364_d0_r,0.0,0.0,0.0,0.0,0.0,3.0003337722188266,0.8722392750124001,3.164639862947565,3.503329704785931,1.9342118785170355,1000.0,1000.0,1000.0,1000.0,1000.0
479,rxn15494_d0_r,0.0,0.0,0.0,0.0,0.0,0.0,0.0,0.0,0.0,0.0,1006.6962480651306,837.2728519013676,1136.2304269857375,1098.071488228971,872.2870924448732
480,rxn17469_d0,0.0,0.0,0.0,0.0,0.0,0.0,0.0,0.0,0.0,0.0,0.0,0.0,0.0,0.0,0.0
481,rxn17744_d0_r,28.822998,21.329346,26.483765,25.924438,25.309692,0.0,0.0,0.0,0.0,0.0,494.9113934163655,1234.0367539808767,748.5169268730486,648.1849814161384,907.240038895758
482,rxn17803_d0_r,10.926819,15.393188,15.450317,18.855652,17.612549,0.0,0.0,0.0,0.0,0.0,1063.4386622443503,1123.6554649878842,1121.0916057718423,1075.1500013803827,964.8063573418513
483,rxn18936_d0_r,0.0,0.0,0.0,0.0,0.0,0.0,0.0,0.0,0.0,0.0,1225.288135486029,975.8441649964628,1170.802513417749,1259.2647597052744,810.009284587841
484,rxn18937_d0_r,1.468689,2.722107,2.3183594,0.0,1.664978,0.0,0.0,0.0,0.0,0.0,1225.288135486029,975.8441649964628,1170.802513417749,1259.2647597052744,810.009284587841
485,rxn19027_d0_r,0.0,0.0,0.0,0.0,0.0,0.550705830505481,0.16009793936691685,0.5808639159124135,0.6430298230392836,0.3550210875853857,1063.7239885682477,1063.7239885682477,1063.7239885682477,1021.0630266684296,1060.9257763049177
486,rxn19029_d0_r,0.0,0.0,0.0,0.0,0.0,0.15287151816707342,0.044441902901184285,0.1612431606044492,0.17849991743230953,0.09855100424611042,1063.7239885682477,1063.7239885682477,1063.7239885682477,1021.0630266684296,1060.9257763049177
487,rxn19240_d0_r,8.114136,3.7506104,7.862793,6.8483887,2.9189453,0.15287151816707342,0.04444190290118429,0.16124316060444924,0.17849991743230956,0.09855100424611044,1013.2014350655488,970.2682606876698,1018.7077041376816,999.896069797739,1089.9992800941593
488,rxn19241_d0_r,0.0,0.0,0.0,0.0,0.0,0.31679398945465803,0.09209647348197224,0.3341424533007864,0.36990344335370157,0.20422617747386737,1013.2014350655488,970.2682606876698,1018.7077041376816,999.896069797739,1089.9992800941593
489,rxn19242_d0_r,0.0,0.0,0.0,0.0,0.0,0.2339118410508232,0.06800146588494463,0.24672146261162722,0.273126379685582,0.15079491011151835,1013.2014350655488,970.2682606876698,1018.7077041376816,999.896069797739,1089.9992800941593
490,rxn19343_d0_r,0.0,0.0,0.0,0.0,0.0,0.0,0.0,0.0,0.0,0.0,1018.8818538144814,968.9850152869392,1180.5159506488758,887.2661945364315,889.1875798785329
491,rxn19686_d0_r,0.0,0.0,0.0,0.0,0.0,0.0,0.0,0.0,0.0,0.0,1225.288135486029,975.8441649964628,1170.802513417749,1259.2647597052744,810.009284587841
492,rxn19701_d0,0.0,0.0,0.0,0.0,0.0,0.0,0.0,0.0,0.0,0.0,0.0,0.0,0.0,0.0,0.0
493,rxn19828_d0_r,28.816772,18.963867,27.401367,26.3031,23.522827,0.0,0.0,0.0,0.0,0.0,999.0800747278798,999.0800747278798,999.0800747278798,999.0800747278798,999.0800747278798
494,rxn19900_d0_r,0.0,0.0,0.0,0.0,0.0,0.0,0.0,0.0,0.0,0.0,1117.648286576261,1149.837599588035,1093.667004774229,1059.777128075336,1021.2828950136976
495,rxn20583_d0_r,0.0,0.0,0.0,0.0,0.0,0.07183119528332363,0.02088233991742395,0.07576485859727133,0.08387345517903705,0.0463070983807025,1000.0,1000.0,1000.0,1000.0,1000.0
496,rxn20643_d0_r,2.8770752,2.7958984,2.0067139,1.7342529,2.9932861,0.0,0.0,0.0,0.0,0.0,219.9264416698709,123.30460841649136,282.72980888854795,256.2566950183352,192.619555518346
497,rxn23155_d0_r,0.0,0.0,0.0,0.0,0.0,0.0,0.0,0.0,0.0,0.0,,,,,
498,rxn23415_d0_r,1.1560919,0.5455802,0.7379985,0.70091033,0.44974586,0.0,0.0,0.0,0.0,0.0,,,,,
499,rxn24330_d0_r,2.2567139,0.15322876,0.0,0.0,1.7181396,0.0,0.0,0.0,0.0,0.0,1386.9187470512318,803.6838240487177,1386.9187470512318,1386.9187470512318,1019.5045473188632
500,rxn24362_d0_r,0.0,0.0,0.0,0.0,0.0,0.0,0.0,0.0,0.0,0.0,1000.0,1000.0,1000.0,1000.0,1000.0
501,rxn24508_d0_r,43.174133,53.823303,54.784485,54.668396,54.039917,0.0,0.0,0.0,0.0,0.0,891.2046649095382,923.965144638238,922.726327731031,928.4131205551286,1124.9686492184485
502,rxn25637_d0_r,0.0,0.0,0.0,0.0,0.0,0.0,0.0,0.0,0.0,0.0,1193.596939698043,910.2476449285156,1112.1919869642418,1012.0235922725844,1201.6185997433945
503,rxn25641_d0_r,0.0,0.0,0.0,0.0,0.0,0.653848059630253,0.1900828377098845,0.6896544821033667,0.7634635022707209,0.4215133314140865,1193.676441701642,910.308273863742,1112.266066821864,1012.0910002062004,1201.6986360463245
504,rxn25647_d0_r,15.365051,13.530579,13.4678955,13.428406,14.53479,0.0,0.0,0.0,0.0,0.0,1308.9146699488465,1110.7779388323402,1216.5609483386231,1043.326144355368,954.963378180286
505,rxn25649_d0_r,0.0,0.0,0.0,0.0,0.0,0.6538480596302536,0.19008283770988457,0.6896544821033673,0.7634635022707212,0.42151333141408676,1193.676441701642,910.308273863742,1112.266066821864,1012.0910002062004,1201.6986360463245
506,rxn25661_d0_r,0.0,0.0,0.0,0.0,0.0,0.0,0.0,0.0,0.0,0.0,1193.676441701642,910.308273863742,1112.266066821864,1012.0910002062004,1201.6986360463245
507,rxn25716_d0_r,13.75592,16.038696,15.691101,16.342041,16.156738,0.0,0.0,0.0,0.0,0.0,1062.5167407565573,1022.424594987286,1043.8293482258175,1008.776004131209,990.8961648802812
508,rxn25718_d0_r,0.0,0.0,0.0,0.0,0.0,0.04788746352221576,0.013921559944949303,0.050509905731514225,0.05591563678602471,0.03087139892046834,1193.676441701642,910.308273863742,1112.266066821864,1012.0910002062004,1201.6986360463245
509,rxn25719_d0_r,0.55340576,1.9985962,1.1939087,0.0,1.2591553,0.0,0.0,0.0,0.0,0.0,1225.3644323846856,975.9049293842056,1170.875417576474,1259.343172278587,810.0597226803249
510,rxn25743_d0_r,0.0,0.0,0.0,0.0,0.0,0.0,0.0,0.0,0.0,0.0,942.6702502191932,1528.3196457389406,1113.332838756222,1044.9522985613503,804.8400022229998
511,rxn25747_d0_r,0.0,0.0,0.0,0.0,0.0,0.6538480596302536,0.19008283770988463,0.6896544821033674,0.7634635022707214,0.4215133314140868,942.733038729396,1528.421442643688,1113.406994602648,1045.0218997798509,804.8936102632232
512,rxn25750_d0_r,0.0,0.0,0.0,0.0,0.0,0.6538480596302536,0.19008283770988457,0.6896544821033673,0.7634635022707212,0.42151333141408676,942.733038729396,1528.421442643688,1113.406994602648,1045.0218997798509,804.8936102632232
513,rxn26013_d0_r,0.0,0.0,0.0,0.0,0.0,0.0,0.0,0.0,0.0,0.0,999.984026238732,999.984026238732,999.984026238732,999.984026238732,999.984026238732
514,rxn26037_d0_r,0.0,0.0,0.0,0.0,0.0,0.0,0.0,0.0,0.0,0.0,907.3665975814836,1087.9277105719343,1045.42432941294,1036.4680574573092,870.4052050269985
515,rxn26477_d0,0.0,0.0,0.0,0.0,0.0,0.0,0.0,0.0,0.0,0.0,0.0,0.0,0.0,0.0,0.0
516,rxn27266_d0_r,19.470215,6.175125,7.375366,5.56604,6.477844,0.14366239056664729,0.04176467983484789,0.15152971719454272,0.16774691035807404,0.092614196761405,1000.0,520.0462940131621,1000.0,1000.0,1000.0
517,rxn27318_d0,0.0,0.0,0.0,0.0,0.0,0.0,0.0,0.0,0.0,0.0,0.0,0.0,0.0,0.0,0.0
518,rxn27927_d0_r,0.0,0.0,0.0,0.0,0.0,0.0,0.0,0.0,0.0,0.0,1167.7166677034152,32534.60823339928,1019.0192078670932,711.1261518974028,623.8473686848212
519,rxn28082_d0_r,0.0,0.0,0.0,0.0,0.0,0.0,0.0,0.0,0.0,0.0,730.9827061775236,1344.2207426336497,827.3919665551833,989.3965210396082,909.5190325710304
520,rxn28083_d0_r,0.2514038,0.0,0.0,0.68115234,0.0,0.0,0.0,0.0,0.0,0.0,1088.444713808708,1577.0423286422392,1371.0021914187987,1077.70338346489,1213.8270662903087
521,rxn28487_d0_r,0.0,0.0,0.0,0.0,0.0,0.0,0.0,0.0,0.0,0.0,1063.441320572471,1123.6582738428065,1121.094408217764,1075.1526889838942,964.808769114116
522,rxn28615_d0_r,0.7402344,0.7006836,0.0,0.99554443,0.8034668,0.0,0.0,0.0,0.0,0.0,879.9654525976682,865.034459029649,918.249200214298,782.5228008531876,874.0039905575819
523,rxn29919_d0_r,0.0,0.0,0.0,0.0,0.0,31.80593235869566,9.246432393128682,33.54770804253074,37.138090652570156,20.50418948222659,1023.5468544680084,1026.0999321356596,1004.9646785784907,1001.2637613907212,1014.2269340477828
524,rxn37266_d0_r,0.0,0.0,0.0,0.0,0.0,0.0,0.0,0.0,0.0,0.0,840.7049216838872,1262.2161756154535,813.4387303619416,923.6467651750778,856.524445142427
525,rxn37651_d0_r,0.0,0.0,0.0,0.0,0.0,0.0,0.0,0.0,0.0,0.0,942.733038729396,1528.421442643688,1113.406994602648,1045.0218997798509,804.8936102632232
526,rxn00211_d0_r,2.7336426,3.1171875,2.0096436,3.5202637,2.6174316,0.0,0.0,0.0,0.0,0.0,1378.7585865443516,1372.358589294584,1393.484465102053,886.2230269113261,932.218736612038
527,rxn00834_d0_r,0.65441895,2.0007324,0.0,0.0,1.5782471,0.0,0.0,0.0,0.0,0.0,976.7492884763004,830.5959037064041,1210.8311740349338,1081.366971438954,883.4288260301947
528,rxn00213_d0_r,0.0,0.0,0.0,0.0,0.0,0.0,0.0,0.0,0.0,0.0,998.6035304397732,998.5394166921648,998.2116489662022,998.7439787920226,997.954277423574
529,rxn00239_d0_r,2.2954102,0.0,0.0,0.0,0.0,0.0,0.0,0.0,0.0,0.0,1655.7792573673505,1580.5530994900373,1663.9420753818683,1206.6184815974457,1252.3203034301769
530,rxn00257_c0_r,41.97644,69.49817,35.998047,41.780518,41.85858,0.9319637131631201,0.2709349743132428,0.9830004730825416,1.0882043159126302,0.6008049174521892,1193.8230835936463,1193.8230835936463,1193.8230835936463,1193.8230835936463,1177.836642922458
531,rxn00330_c0,0.0,0.0,0.0,0.0,0.0,2.2206890295667434,0.6455855702163574,2.342299743864864,2.5929801258811427,1.431601756861866,0.0,0.0,0.0,3.6917629454816105,1.431601756861866
532,rxn01362_c0,0.52069986,1.296053,0.48378682,0.4950604,0.5327059,0.2007589816892891,0.058363462846133564,0.2117530663359634,0.23441555421833413,0.12942240316657871,0.5942574251607529,1.4791421585936484,0.5521298171030233,0.5649959664490486,0.6079595402147827
533,rxn00499_c0_r,27.43811,27.54773,28.557251,27.143188,27.142883,0.07183119528332363,0.020882339917423942,0.07576485859727136,0.08387345517903701,0.046307098380702495,1239.8890498477283,860.4444151320964,891.5952180746235,1076.5194520818338,1000.1626693899328
534,rxn04954_c0_r,18.91858,14.625244,14.814697,22.712097,19.026123,0.09024945048417594,0.026236786050096772,0.09519174541708451,0.10537946932750811,0.05818071335011344,936.310535940734,1285.8926632210455,1168.3056542134525,957.4615621911828,850.6032863098887
535,rxn00799_c0_r,73.86438,77.64685,71.01318,67.249756,32.650635,4.745279269947551,1.3795195016218171,5.005143120256647,5.540809485212055,3.0591181607190134,819.0825794194024,998.8595415064502,838.991932017454,893.8236216315455,849.9084038716234
536,rxn01361_c0_r,13.105639,12.439419,12.947391,13.439966,13.462284,0.0,0.0,0.0,0.0,0.0,,,,,
537,rxn09736_c0_i,175.96631,172.28224,178.05324,176.70403,171.555,16.418953598799657,4.77322100497116,17.318098255522393,19.171536312654435,10.584734064481312,,,,,
538,rxn05238_c0_o,149.24052,149.2899,149.24362,149.24333,149.27246,0.0,0.0,0.0,0.0,0.0,,,,,
539,rxn08730_c0_i,4.9820642,3.2785075,3.515897,4.3893576,5.095737,0.0,0.0,0.0,0.0,0.0,,,,,
540,rxn31154_d0_o,1.9338549,139.73471,137.89839,140.0381,137.87964,0.0,0.0,0.0,0.0,0.0,,,,,
541,rxn05467_c0_o,89.06605,84.11884,88.92605,87.897316,88.73507,0.0,0.0,0.0,0.0,0.0,,,,,
542,rxn05468_c0_o,201.65771,176.11261,175.31279,175.02711,177.53831,83.91789898505488,24.396114875298473,88.51346166947144,97.9864543737589,54.09898010015388,,,,,
543,rxn09121_c0_i,25.615118,24.905523,23.813848,25.706099,24.813116,0.0,0.0,0.0,0.0,0.0,,,,,
544,rxn05319_c0_o,13.032003,18.525572,20.641903,15.103824,15.667826,0.0,0.0,0.0,0.0,0.0,,,,,
545,rxn05238_d0_i,75.419044,75.29062,75.410934,75.411705,75.33709,0.14366239056664734,0.041764679834847905,0.15152971719454264,0.16774691035807404,0.09261419676140503,,,,,
546,rxn05319_d0_i,309.84384,298.13904,304.2299,297.1692,304.43268,332.4397447001259,96.64491483829379,350.6450108476131,388.1721571924033,214.31245718193287,,,,,
547,rxn05467_d0_i,179.04103,185.7449,182.53156,183.359,182.18536,87.89209800101877,25.551470489575944,92.70529817301659,102.62691457664523,56.661009370178476,,,,,
548,rxn05468_d0_i,59.164486,68.83839,68.788445,69.1987,68.76741,0.0,0.0,0.0,0.0,0.0,,,,,
549,rxn08730_d0_o,316.93365,314.6961,316.2331,318.51144,314.9733,312.12183065785763,90.73821113149707,329.21443492120426,364.44801274465874,201.21419756457686,,,,,
550,rxn09118_d0_o,0.0,9.53e-05,5.68e-05,0.001660197,0.0,1.013004036046872,0.29449453729700426,1.0684787750897242,1.1828307781659064,0.6530488233175993,,,,,
551,rxn09121_d0_o,300.37427,302.02783,301.67087,302.01804,302.9147,294.3955493049016,85.58493154002878,310.5174162392114,343.7499795477459,189.7866743095667,,,,,
552,rxn09736_d0_o,62.645412,64.17601,61.616352,62.433353,64.40295,0.0,0.0,0.0,0.0,0.0,,,,,
553,rxn09817_d0_o,5.954662,6.493471,6.2593155,6.3401055,6.5443983,0.2007589816892891,0.058363462846133564,0.2117530663359634,0.23441555421833413,0.12942240316657874,,,,,
554,rxn09839_d0_o,0.0,0.0,0.0,0.0,0.0,2.2206890295667434,0.6455855702163574,2.342299743864864,2.5929801258811427,1.4316017568618662,,,,,
555,rxn10929_d0_i,19.957216,21.873203,19.700266,18.90942,20.155247,0.0,0.0,0.0,0.0,0.0,,,,,
556,rxn10967_d0_i,33.38952,36.235386,27.715199,37.670662,34.03162,6.9659682995142935,2.0251050718381745,7.347442864121511,8.133789611093198,4.490719917580879,,,,,
557,rxn11013_d0_i,9.549342,7.9498687,12.159642,7.02408,11.08959,0.0,0.0,0.0,0.0,0.0,,,,,
558,rxn13360_d0_o,0.50167376,1.6395767,1.2958331,1.4971341,1.4553219,0.0,0.0,0.0,0.0,0.0,,,,,
559,rxn13361_d0_i,9.261974,4.8738294,6.0987983,7.3779716,6.4618444,0.0,0.0,0.0,0.0,0.0,,,,,
560,rxn13365_d0_o,17.498493,20.68964,16.276245,19.817741,18.887428,0.9319637131631201,0.27093497431324276,0.9830004730825415,1.0882043159126302,0.6008049174521891,,,,,
561,rxn29240_d0_r,367.6616,366.35992,366.27917,366.08167,367.52222,301.86267832843106,87.75573109113698,318.39346469370014,352.468947803819,194.60047529046525,,,,,
562,rxn29318_d0_i,34.93453,34.61191,35.455456,34.141235,35.83236,0.0,0.0,0.0,0.0,0.0,,,,,
563,rxn29733_d0_i,3.0578403,4.497091,3.0538633,4.0234427,3.2666564,0.20075898168928907,0.058363462846133564,0.21175306633596339,0.23441555421833413,0.12942240316657871,,,,,
564,rxn29785_d0_i,46.292274,46.375397,45.27317,42.05581,44.186993,3.191331078651653,0.9277648814082129,3.3660966792690123,3.7263470715055607,2.057341265749818,,,,,
565,rxn33186_d0_o,1.4311908,0.31022322,0.47528002,0.40333003,0.37179777,1.013004036046872,0.29449453729700437,1.0684787750897242,1.1828307781659069,0.6530488233175994,,,,,
566,rxn39241_d0_o,20.907959,17.788269,18.196167,18.323853,19.200134,0.0,0.0,0.0,0.0,0.0,976.4635339197264,717.0036101343181,980.5584687303508,1120.4075095677902,862.5930496635974
567,rxn39242_d0_o,2.095337,0.0,0.0,0.0,2.102234,0.09024945048417594,0.026236786050096772,0.09519174541708451,0.10537946932750811,0.05818071335011344,976.4953804222566,717.0269945787863,980.5904487855912,1120.4440506769547,862.6211823800627
568,rxn_cpd00008_c0_o,382.89197,383.72458,383.85315,382.50302,382.97104,300.93071461526796,87.48479611682374,317.4104642206176,351.3807434879064,193.9996703730131,,,,,
569,rxn_cpd00002_c0_o,28.954683,31.356798,28.675653,31.607561,30.436464,0.0,0.0,0.0,0.0,0.0,,,,,
570,rxn_cpd00103_c0_i,1.0375392,1.3804337,1.0799654,0.63158596,0.7639598,0.0,0.0,0.0,0.0,0.0,,,,,
571,rxn08217_c0_i,15.676709,16.967388,15.485093,16.193504,16.17486,0.908019981402012,0.26397419434076813,0.9577455202167843,1.060246497519618,0.585369217991955,,,,,
