,rxn_ID,Control,FeLim,FeEx,ZnLim,ZnEx,fluxes_Control,fluxes_FeLim,fluxes_FeEX,fluxes_ZnLim,fluxes_ZnEx
0,EX_cpd00067_e0_o,374.49167,374.39673,374.00818,374.1717,374.27472,450.8906362255433,6.426066649276319,112.66159358018697,77.82547580915356,10.879533492468502
1,EX_cpd00007_e0_o,101.49232,88.64181,94.1896,93.67621,90.19515,120.82289099888192,1.7219606883312744,30.189359341874365,20.854500460111332,2.9153337498489824
2,EX_cpd00009_e0_o,348.07214,347.68265,348.35312,348.5927,348.02808,422.5215269081786,6.0217517830815765,105.57315836472142,72.92885730896043,10.195015673350648
3,EX_cpd00008_e0_o,381.8666,381.54285,381.8065,381.91922,381.67456,433.2725124189714,6.174974191992283,108.25944870408777,74.78451918253334,10.454426043725265
4,rxn00001_d0_f,26.450405,26.080126,26.56355,26.365522,26.21832,4.875890942404061,0.06949090899909041,1.2183123790125894,0.8415977225934695,0.11765030043110844
5,rxn00018_d0,23.553968,22.889442,23.710533,23.674362,23.285723,135.41065402096925,1.929864623149052,33.834324432735954,23.37240504045222,3.267321668044747
6,rxn00048_d0,0.0,0.0,0.0,0.0,0.0,0.0,0.0,0.0,0.0,0.0
7,rxn00069_d0_f,1.4361221,0.0,0.26652893,0.11297137,0.0,0.0,0.0,0.0,0.0,0.0
8,rxn00076_d0,0.0,0.0,0.0,0.0,0.0,0.0,0.0,0.0,0.0,0.0
9,rxn00077_d0,0.0,0.0,0.0,0.0,0.0,0.0,0.0,0.0,0.0,0.0
10,rxn00086_d0_f,4.256569,5.302634,4.985819,5.114974,5.1187816,0.0,0.0,0.0,0.0,0.0
11,rxn00097_d0_f,48.098103,44.362774,46.598408,45.998444,44.81408,7.847779221705864,0.11184608478376463,1.9608819570619762,1.3545571872753095,0.18935894876587922
12,rxn00102_d0_f,3.1817153,1.2174984,2.4786186,2.1768696,1.3041035,0.0,0.0,0.0,0.0,0.0
13,rxn00117_d0_f,3.0115957,3.3292458,3.1013966,3.125257,3.2413108,0.10342075746655725,0.001473946511646561,0.025841182782123825,0.017850824594085716,0.002495437927238395
14,rxn00121_d0,0.0,0.0,0.0,0.0,0.0,0.0,0.0,0.0,0.0,0.0
15,rxn00122_d0_f,4.9443197,5.025411,5.0113044,5.0222926,5.0316167,0.0,0.0,0.0,0.0,0.0
16,rxn00124_d0,0.0,0.0,0.0,0.0,0.0,0.0,0.0,0.0,0.0,0.0
17,rxn00148_d0_f,1.7867252,2.4242296,2.0747972,2.0781052,2.3474047,0.0,0.0,0.0,0.0,0.0
18,rxn00151_d0,0.0,0.0,0.0,0.0,0.0,0.0,0.0,0.0,0.0,0.0
19,rxn00154_d0,0.0,0.0,0.0,0.0,0.0,8.05621182521541,0.11481665390723729,2.0129618792844153,1.3905334645341645,0.19438821597308323
20,rxn00161_d0,0.0,0.0,0.0,0.0,0.0,0.0,0.0,0.0,0.0,0.0
21,rxn00175_d0,3.3657327,0.85593253,2.3179386,2.0527415,1.313406,0.20684151493311453,0.002947893023293123,0.051682365564247656,0.03570164918817144,0.004990875854476792
22,rxn00179_d0_f,3.1269803,3.289248,3.185253,3.2052333,3.2547843,0.25457417222537165,0.003628176028668456,0.06360906530984324,0.04394049130851869,0.006142616436279125
23,rxn00187_d0,163.75536,159.36668,161.89561,161.57793,160.34631,25.448135872508058,0.36268532561579975,6.3585874504782245,4.3924471337729,0.6140376940703386
24,rxn00191_d0_f,0.06180987,0.12112696,0.094354145,0.12335514,0.13052417,0.0,0.0,0.0,0.0,0.0
25,rxn00192_d0,0.0,0.0,0.0,0.0,0.0,0.0,0.0,0.0,0.0,0.0
26,rxn00208_d0,0.0,0.0,0.0,0.0,0.0,0.0,0.0,0.0,0.0,0.0
27,rxn00209_d0,0.0,0.0,0.0,0.0,0.0,0.0,0.0,0.0,0.0,0.0
28,rxn00237_d0_f,3.7213426,3.7916343,3.7309618,3.715517,3.7297657,3.1760779799409034,0.04526527530766874,0.7935893491833236,0.5482034004188814,0.07663553860136968
29,rxn00248_d0_f,39.38023,39.86953,39.34437,39.52581,39.774857,9.93130971251288,0.14154043796839794,2.4814824009572227,1.7141826458284655,0.23963242516155103
30,rxn00260_d0_f,9.918269,9.696041,9.88654,9.756872,9.700252,0.0,0.0,0.0,0.0,0.0
31,rxn00272_d0_f,5.1011944,4.8760886,5.019782,4.9848714,4.8663154,0.0,0.0,0.0,0.0,0.0
32,rxn00275_d0_f,6.7706676,7.329089,7.0009904,7.2973347,7.3255405,2.7703503929567166,0.03948286976197837,0.6922124013457607,0.47817324239592973,0.06684574365604984
33,rxn00300_d0,0.0,0.0,0.0,0.0,0.0,0.0,0.0,0.0,0.0,0.0
34,rxn00313_d0,0.0,0.0,0.0,0.0,0.0,0.2545741722253718,0.0036281760286684603,0.0636090653098433,0.043940491308518716,0.006142616436279131
35,rxn00333_d0,0.0,0.0,0.0,0.0,0.0,0.0,0.0,0.0,0.0,0.0
36,rxn00337_d0_f,17.736996,17.13849,17.307585,17.382093,17.180344,0.8591878312606298,0.012245094096756054,0.21468059542072115,0.14829915816625067,0.020731330472442064
37,rxn00338_d0,0.0,0.0,0.0,0.0,0.0,0.0,0.0,0.0,0.0,0.0
38,rxn00361_d0,14.202629,15.304485,14.677862,14.74611,15.113381,0.0,0.0,0.0,0.0,0.0
39,rxn00391_d0_f,1.3970225,1.365791,1.428803,1.4169825,1.3815905,0.0,0.0,0.0,0.0,0.0
40,rxn00392_d0,0.0,0.0,0.0,0.0,0.0,0.0,0.0,0.0,0.0,0.0
41,rxn00394_d0,2.8215647,3.2836187,3.091836,3.0805397,3.2443967,0.0,0.0,0.0,0.0,0.0
42,rxn00409_d0_f,2.7851205,2.8764155,2.8304262,2.8432226,2.8787253,0.0,0.0,0.0,0.0,0.0
43,rxn00414_d0,41.974873,44.69106,43.25455,43.587013,44.341717,0.5807473303891293,0.00827677656539992,0.14510818023808,0.1002392457975583,0.01401284374526176
44,rxn00420_d0_f,15.784486,13.681386,15.320119,15.287972,14.463612,7.495087920601963,0.10681954924404688,1.8727568978306306,1.2936812982749661,0.18084886557811752
45,rxn00459_d0_f,20.429804,20.03493,20.086859,20.174936,20.02776,18.689191599924488,0.2663572520546529,4.6697667665018985,3.2258270895317374,0.45095122768712914
46,rxn00493_d0_f,0.03960558,0.13098049,0.13370147,0.15295494,0.120573424,0.0,0.0,0.0,0.0,0.0
47,rxn00506_d0,0.0,0.0,0.0,0.0,0.0,0.0,0.0,0.0,0.0,0.0
48,rxn00527_d0_f,0.041513212,0.10056885,0.0988107,0.11699983,0.09898036,0.0,0.0,0.0,0.0,0.0
49,rxn00533_d0_f,1.3061358,1.6811817,1.644675,1.7064656,1.6857098,6.658705692269879,0.09489947924985938,1.663774614510588,1.149318475788442,0.16066781116142592
50,rxn00611_d0_f,0.9347809,0.9925523,0.9736018,0.9713023,0.9668616,0.0,0.0,0.0,0.0,0.0
51,rxn00689_d0,0.0,0.0,0.0,0.0,0.0,0.0,0.0,0.0,0.0,0.0
52,rxn00692_d0_f,2.9346402,2.5388646,2.660593,2.4906707,2.4920805,0.0,0.0,0.0,0.0,0.0
53,rxn00693_d0_f,0.83392197,0.83047974,0.9262824,0.94003886,0.8785362,0.12993890040670023,0.0018518815146328599,0.03246712708523252,0.022427959105389764,0.0031352938060174736
54,rxn00720_d0_f,0.13148019,0.12456424,0.13866171,0.13415673,0.12828274,0.0,0.0,0.0,0.0,0.0
55,rxn00737_d0,0.0,0.0,0.0,0.0,0.0,0.22010058640318597,0.00313686052478627,0.054995337715801985,0.03799021644382346,0.005310803793866328
56,rxn00747_d0_f,0.08935216,0.18138906,0.12634633,0.1311849,0.15971586,98.70185393035888,1.40669297786515,24.662095993385645,17.036323507799164,2.38157557360966
57,rxn00770_d0,3.6485732,5.182563,4.1103096,4.2436595,4.803997,3.8178170390923603,0.054411302379937125,0.9539372013185531,0.6589700555924387,0.09212005086782331
58,rxn00777_d0_f,4.5760493,3.709918,4.472532,4.3796163,3.9813735,41.97556845995219,0.5982333162270109,10.488207237390725,7.24514621794315,1.0128278705193998
59,rxn00781_d0_f,0.0,0.9531432,0.0,0.0,0.5150734,0.0,0.0,0.0,0.0,0.0
60,rxn00782_d0_f,4.3202744,2.7208595,3.7681353,3.7191958,3.097965,0.0,0.0,0.0,0.0,0.0
61,rxn00800_d0_f,4.0318375,4.5595627,4.1588187,4.0509024,4.3099346,3.176077979940903,0.04526527530766874,0.7935893491833235,0.5482034004188813,0.07663553860136968
62,rxn00802_d0_f,4.221065,4.373385,4.309576,4.2514234,4.3353972,0.29169957234157184,0.004157285032849276,0.07288538733419543,0.05034847962434435,0.007038414666569836
63,rxn00830_d0_f,7.85e-05,7.85e-05,7.76e-05,7.76e-05,7.84e-05,0.0,0.0,0.0,0.0,0.0
64,rxn00832_d0_f,0.95945024,0.96662295,0.9229685,0.90788925,0.9485687,0.0,0.0,0.0,0.0,0.0
65,rxn00838_d0,0.0,0.0,0.0,0.0,0.0,3.176077979940903,0.04526527530766874,0.7935893491833235,0.5482034004188813,0.07663553860136968
66,rxn00839_d0_f,1.614478,1.6439017,1.6177752,1.6124151,1.6299402,0.0,0.0,0.0,0.0,0.0
67,rxn00863_d0_f,3.6561842,3.9439077,3.7211194,3.7186387,3.8550816,0.10076894317254301,0.0014361530113479318,0.02517858835181297,0.01739311114295532,0.0024314523393604882
68,rxn00899_d0,0.0,0.0,0.0,0.0,0.0,0.0,0.0,0.0,0.0,0.0
69,rxn00907_d0_f,21.595713,22.545313,22.017727,22.152802,22.416586,6.829482532804377,0.09733338066909082,1.7064456958226029,1.1787952220412352,0.16478848302076274
70,rxn00929_d0_f,0.0,0.0,0.0,0.0,0.0,0.0,0.0,0.0,0.0,0.0
71,rxn00931_d0_f,3.4823518,2.3839529,3.1906064,3.0886257,2.6764822,0.0,0.0,0.0,0.0,0.0
72,rxn00947_d0,0.0,0.0,0.0,0.0,0.0,0.0,0.0,0.0,0.0,0.0
73,rxn00974_d0_f,16.501677,16.253508,16.486462,16.348661,16.286844,1.307344446949039,0.018632195647224466,0.3266590541432582,0.22565273140728684,0.031544894823808504
74,rxn00980_d0_f,1.2274042,1.3902129,1.2879038,1.3040292,1.3647383,0.0,0.0,0.0,0.0,0.0
75,rxn01000_d0,0.0,0.0,0.0,0.0,0.0,1.6547321194649165,0.023583144186344978,0.4134589245139813,0.2856131935053715,0.03992700683581434
76,rxn01011_d0_f,0.14597146,0.117823124,0.1526698,0.14507952,0.11470288,0.0,0.0,0.0,0.0,0.0
77,rxn01018_d0_f,30.3,32.000706,30.780243,31.182756,31.569134,0.2890477580475575,0.004119491532550644,0.07222279290388457,0.04989076617321394,0.006974429078691928
78,rxn01019_d0_f,3.5004838,3.682278,3.619676,3.580386,3.696821,0.2916995723415719,0.004157285032849275,0.07288538733419543,0.050348479624344356,0.007038414666569836
79,rxn01069_d0_f,1.2634085,1.6303229,1.4055166,1.4262275,1.5649487,0.4746747586285577,0.00676503655345473,0.11860440302564527,0.08193070775234217,0.011453420230145457
80,rxn01100_d0_f,7.8153415,8.339483,8.231545,8.171548,8.276984,244.63702852141202,3.486552444999404,61.126125201139374,42.22530169309772,5.9028432428242485
81,rxn01101_d0_f,19.506311,18.05544,19.51344,19.492327,18.848734,7.4950879206019625,0.10681954924404688,1.8727568978306304,1.293681298274966,0.18084886557811747
82,rxn01102_d0,0.0,0.0,0.0,0.0,0.0,0.0,0.0,0.0,0.0,0.0
83,rxn01106_d0_f,0.91800696,1.4739413,1.16842,1.1940727,1.4183404,0.0,0.0,0.0,0.0,0.0
84,rxn01111_d0,19.195576,18.678036,19.386375,19.355839,19.062494,135.41065402096928,1.9298646231490522,33.83432443273596,23.372405040452225,3.2673216680447474
85,rxn01115_d0,0.0,0.0,0.0,0.0,0.0,0.0,0.0,0.0,0.0,0.0
86,rxn01116_d0_f,0.0,0.0,0.0,0.0,0.0,0.0,0.0,0.0,0.0,0.0
87,rxn01200_d0_f,7.3167696,7.764571,7.5676856,7.599039,7.7285724,45.793385499044554,0.6526446186069481,11.442144438709278,7.904116273535589,1.104947921387223
88,rxn01207_d0,0.0,0.0,0.0,0.0,0.0,0.0,0.0,0.0,0.0,0.0
89,rxn01211_d0_f,12.379417,12.86231,12.676823,12.784179,12.861318,6.829482532804376,0.0973333806690908,1.7064456958226029,1.1787952220412348,0.16478848302076268
90,rxn01249_d0_f,0.13235977,0.12594809,0.13941248,0.13479766,0.12941201,0.0,0.0,0.0,0.0,0.0
91,rxn01255_d0,0.0,0.0,0.0,0.0,0.0,1.8483145629279596,0.026342069708144955,0.46182831792667484,0.319026275437891,0.0445979547509016
92,rxn01256_d0,1.3894229,0.72445786,1.1458399,1.0704653,0.8671661,1.784671019871617,0.02543502570097784,0.4459260515992138,0.30804115261076126,0.043062300641831815
93,rxn01257_d0_f,6.014556,6.432964,6.0474634,6.103333,6.2591753,0.0,0.0,0.0,0.0,0.0
94,rxn01258_d0_f,1.6219476,1.7107203,1.6631262,1.697903,1.734855,0.0,0.0,0.0,0.0,0.0
95,rxn01301_d0_f,0.0,0.014154219,0.0,0.0,0.0,0.0,0.0,0.0,0.0,0.0
96,rxn01302_d0_f,2.705134,1.6816697,2.3971493,2.310931,1.902948,0.0,0.0,0.0,0.0,0.0
97,rxn01332_d0,0.0,0.09587939,0.003426239,0.007586806,0.06814756,1.8483145629279598,0.026342069708144962,0.46182831792667484,0.3190262754378911,0.04459795475090161
98,rxn01334_d0_f,0.0,0.0,0.0,0.0,0.0,0.0,0.0,0.0,0.0,0.0
99,rxn01345_d0_f,3.4643567,3.9110503,3.7014472,3.6560316,3.8312838,0.0,0.0,0.0,0.0,0.0
100,rxn01353_d0_f,1.614478,1.6439017,1.6177752,1.6124151,1.6299402,0.0,0.0,0.0,0.0,0.0
101,rxn01396_d0,0.0,0.0,0.0,0.0,0.0,0.0,0.0,0.0,0.0,0.0
102,rxn01434_d0,0.110306785,0.43858755,0.28828853,0.31124374,0.42215776,0.29169957234157184,0.004157285032849276,0.07288538733419543,0.05034847962434435,0.007038414666569836
103,rxn01465_d0_f,1.4669888,1.1150339,1.2394643,1.1434666,1.209173,0.0,0.0,0.0,0.0,0.0
104,rxn01476_d0_f,3.9676447,4.0536532,3.926954,3.9066274,4.032614,0.0,0.0,0.0,0.0,0.0
105,rxn01486_d0,0.0,0.0,0.0,0.0,0.0,0.0,0.0,0.0,0.0,0.0
106,rxn01512_d0_f,1.614478,1.6439017,1.6177752,1.6124151,1.6299402,0.0,0.0,0.0,0.0,0.0
107,rxn01539_d0_f,1.2707642,1.2402319,1.2320567,1.2514925,1.2505656,0.0,0.0,0.0,0.0,0.0
108,rxn01636_d0_f,2.4613361,2.203643,2.3469865,2.3004858,2.2504733,0.2916995723415719,0.004157285032849275,0.07288538733419545,0.05034847962434436,0.007038414666569835
109,rxn01637_d0_f,0.0,0.22122534,0.0,0.0,0.08246469,0.0,0.0,0.0,0.0,0.0
110,rxn01643_d0_f,2.3493373,2.9289515,2.6271164,2.6037405,2.8271754,0.0,0.0,0.0,0.0,0.0
111,rxn01644_d0,7.374455,6.1122665,6.52534,6.613062,6.217084,0.2545741722253719,0.00362817602866846,0.06360906530984331,0.04394049130851872,0.006142616436279131
112,rxn01652_d0_f,3.2584136,3.3971095,3.3800468,3.391267,3.413679,0.0,0.0,0.0,0.0,0.0
113,rxn01673_d0_f,1.614478,1.6439017,1.6177752,1.6124151,1.6299402,0.0,0.0,0.0,0.0,0.0
114,rxn01678_d0_f,1.614478,1.6439017,1.6177752,1.6124151,1.6299402,0.0,0.0,0.0,0.0,0.0
115,rxn01739_d0,0.0,0.0,0.0,0.0,0.0,1.8483145629279596,0.02634206970814496,0.4618283179266748,0.3190262754378911,0.0445979547509016
116,rxn01740_d0_f,0.758779,0.7663939,0.7490778,0.752183,0.76323646,0.0,0.0,0.0,0.0,0.0
117,rxn01807_d0,0.0,0.0,0.0,0.0,0.0,0.0,0.0,0.0,0.0,0.0
118,rxn01827_d0,0.0,0.0,0.0,0.0,0.0,0.0,0.0,0.0,0.0,0.0
119,rxn01917_d0_f,3.4153106,3.1637046,3.325157,3.2866638,3.2036636,0.2916995723415717,0.004157285032849272,0.07288538733419539,0.05034847962434433,0.00703841466656983
120,rxn01974_d0_f,8.1472,7.786886,7.991401,7.9624543,7.8627405,0.2545741722253719,0.0036281760286684594,0.06360906530984331,0.04394049130851872,0.00614261643627913
121,rxn01975_d0_f,2.4859438,2.478506,2.4797997,2.4453235,2.4525795,0.0,0.0,0.0,0.0,0.0
122,rxn02159_d0_f,3.2251303,3.4635742,3.2404099,3.257285,3.364863,0.10076894317254301,0.0014361530113479316,0.02517858835181297,0.01739311114295532,0.0024314523393604887
123,rxn02212_d0,0.0,0.0,0.0,0.0,0.0,1.8483145629279598,0.026342069708144962,0.46182831792667484,0.3190262754378911,0.04459795475090161
124,rxn02213_d0,0.0,0.0,0.0,0.0,0.0,1.8483145629279596,0.02634206970814496,0.46182831792667484,0.3190262754378911,0.0445979547509016
125,rxn02251_d0,0.0,0.0,0.0,0.0,0.0,0.0,0.0,0.0,0.0,0.0
126,rxn02305_d0,0.0,0.0,0.0,0.0,0.0,0.0,0.0,0.0,0.0,0.0
127,rxn02320_d0_f,0.0,0.13506067,0.0,0.019412527,0.08417776,0.0,0.0,0.0,0.0,0.0
128,rxn02373_d0_f,2.83138,2.881115,2.9118752,2.9239058,2.922081,0.0,0.0,0.0,0.0,0.0
129,rxn02374_d0,0.0,0.0,0.0,0.0,0.0,0.25457417222537165,0.0036281760286684555,0.06360906530984325,0.04394049130851869,0.006142616436279126
130,rxn02380_d0_f,1.9855657,1.90032,1.9239634,1.9086403,1.889707,0.0,0.0,0.0,0.0,0.0
131,rxn02465_d0_f,1.7898258,2.2768836,2.0347564,2.114845,2.2229993,0.0,0.0,0.0,0.0,0.0
132,rxn02473_d0,0.0,0.0,0.0,0.0,0.0,0.10076894317254302,0.001436153011347932,0.025178588351812976,0.017393111142955324,0.002431452339360489
133,rxn02474_d0_f,1.88812,1.8981133,1.9080814,1.9150954,1.91712,0.0,0.0,0.0,0.0,0.0
134,rxn02475_d0,0.0,0.0,0.0,0.0,0.0,0.0,0.0,0.0,0.0,0.0
135,rxn02476_d0_f,0.5315411,0.48573038,0.54522914,0.5393892,0.49340412,1.8483145629279598,0.02634206970814496,0.4618283179266749,0.3190262754378911,0.04459795475090161
136,rxn02484_d0,0.30527368,0.44170654,0.33569163,0.3414059,0.4021609,0.0,0.0,0.0,0.0,0.0
137,rxn02507_d0,0.0,0.0,0.0,0.0,0.0,0.06364354305634297,0.0009070440071671147,0.015902266327460824,0.010985122827129677,0.001535654109069782
138,rxn02789_d0_f,0.018804979,0.0,0.000662443,0.0,0.0,0.4561120585704576,0.006500482051364321,0.11396624201346918,0.07872671359442932,0.011005521115000104
139,rxn02811_d0_f,0.0,0.0,0.0,0.0,0.0,0.0,0.0,0.0,0.0,0.0
140,rxn02834_d0,0.0,0.0,0.0,0.0,0.0,0.10076894317254297,0.001436153011347932,0.025178588351812966,0.017393111142955317,0.0024314523393604887
141,rxn02835_d0_f,3.4593964,3.5482144,3.5761924,3.5545232,3.560121,0.10076894317254298,0.001436153011347932,0.025178588351812966,0.017393111142955317,0.0024314523393604887
142,rxn02895_d0,0.0,0.0,0.0,0.0,0.0,3.3643567948159165,0.04794861382887144,0.840633553735395,0.5807010554491399,0.08117851534070111
143,rxn02914_d0_f,0.0,0.0,0.0,0.0,0.0,0.0,0.0,0.0,0.0,0.0
144,rxn02928_d0_f,0.0,0.33380392,0.084242515,0.09457407,0.199668,0.0,0.0,0.0,0.0,0.0
145,rxn02929_d0_f,2.8119605,2.1471796,2.6270711,2.5382977,2.3221922,0.0,0.0,0.0,0.0,0.0
146,rxn02937_d0,1.5769609,2.1247509,1.7225872,1.7895682,1.968467,3.3643567948159157,0.04794861382887143,0.8406335537353951,0.5807010554491397,0.0811785153407011
147,rxn02938_d0_f,13.238051,13.284761,13.238238,13.22691,13.252153,0.0,0.0,0.0,0.0,0.0
148,rxn02988_d0_f,4.4217706,4.70389,4.6793833,4.6652474,4.752513,0.0,0.0,0.0,0.0,0.0
149,rxn03004_d0,0.0,0.12920329,0.0,0.0,0.0597797,3.3643567948159165,0.04794861382887144,0.840633553735395,0.5807010554491397,0.0811785153407011
150,rxn03062_d0_f,0.36687836,0.40495375,0.39826584,0.3934182,0.3889077,0.4561120585704576,0.006500482051364321,0.11396624201346918,0.07872671359442933,0.011005521115000104
151,rxn03080_d0_f,0.5555142,0.39581364,0.5436582,0.52743214,0.40802047,0.0,0.0,0.0,0.0,0.0
152,rxn03084_d0,0.10406782,0.94213665,0.38813767,0.43485102,0.7140988,3.364356794815916,0.04794861382887144,0.840633553735395,0.5807010554491399,0.08117851534070111
153,rxn03108_d0_f,3.625407,3.6773882,3.6018546,3.5752177,3.6275554,0.0,0.0,0.0,0.0,0.0
154,rxn03136_d0_f,9.881589,9.893667,9.918719,9.9672,9.964629,3.3643567948159165,0.04794861382887144,0.840633553735395,0.5807010554491399,0.0811785153407011
155,rxn03137_d0,7.7354264,8.165748,7.945065,8.081894,8.17093,3.46512573798846,0.04938476684021938,0.865812142087208,0.5980941665920951,0.0836099676800616
156,rxn03147_d0,7.7819786,7.690685,7.6664867,7.8109727,7.738028,3.3643567948159157,0.04794861382887144,0.840633553735395,0.5807010554491397,0.0811785153407011
157,rxn03175_d0_f,5.1368446,5.126836,5.065346,5.058498,5.08677,0.10076894317254298,0.0014361530113479318,0.025178588351812966,0.017393111142955317,0.0024314523393604887
158,rxn03891_d0,0.0,0.0,0.0,0.0,0.0,0.0,0.0,0.0,0.0,0.0
159,rxn03892_d0,0.0,0.0,0.0,0.0,0.0,0.0,0.0,0.0,0.0,0.0
160,rxn03907_d0_f,3.8560336,3.951688,3.9020126,3.901104,3.9202986,0.0,0.0,0.0,0.0,0.0
161,rxn03908_d0,0.0,0.0,0.0,0.0,0.0,0.0,0.0,0.0,0.0,0.0
162,rxn03909_d0,0.0,0.0,0.0,0.0,0.0,0.0,0.0,0.0,0.0,0.0
163,rxn03910_d0,1.04e-12,5.9e-14,4.21e-13,3.28e-13,1.04e-13,0.0,0.0,0.0,0.0,0.0
164,rxn03958_d0_f,2.9136317,2.9249296,2.8882015,2.8730984,2.8988318,0.0,0.0,0.0,0.0,0.0
165,rxn04113_d0,0.0,0.0,0.0,0.0,0.0,0.0,0.0,0.0,0.0,0.0
166,rxn05023_d0,0.0,0.119372286,0.00710731,0.013206445,0.088734,0.0,0.0,0.0,0.0,0.0
167,rxn05024_d0,0.0,0.0,0.0,0.0,0.0,0.0,0.0,0.0,0.0,0.0
168,rxn05039_d0_f,1.2961806,1.3597274,1.3753619,1.3732635,1.3459193,0.0,0.0,0.0,0.0,0.0
169,rxn05040_d0,0.0,0.0,0.0,0.0,0.0,0.0,0.0,0.0,0.0,0.0
170,rxn05104_d0,0.0,0.0,0.0,0.0,0.0,0.0,0.0,0.0,0.0,0.0
171,rxn05106_d0_f,1.3678777,1.5442817,1.4484575,1.4571385,1.5250038,0.0,0.0,0.0,0.0,0.0
172,rxn05287_d0,0.0,0.0,0.0,0.0,0.0,0.0,0.0,0.0,0.0,0.0
173,rxn05330_d0_f,0.13385937,0.0,0.081278875,0.06254805,0.015873946,0.9413940743750722,0.013416692606013568,0.2352210227603578,0.162488275151293,0.02271488369665718
174,rxn05331_d0_f,0.6803538,0.5158856,0.53990775,0.55308056,0.52724624,0.9413940743750728,0.013416692606013575,0.23522102276035803,0.1624882751512931,0.022714883696657195
175,rxn05335_d0_f,0.33973414,0.2732807,0.34651202,0.34078705,0.29740873,0.9413940743750725,0.013416692606013575,0.23522102276035795,0.1624882751512931,0.02271488369665719
176,rxn05337_d0_f,4.4296155,4.482083,4.3735723,4.3689337,4.4218073,0.0,0.0,0.0,0.0,0.0
177,rxn05340_d0_f,2.8963625,3.070346,2.9220724,2.911167,2.9987621,0.0,0.0,0.0,0.0,0.0
178,rxn05342_d0_f,6.783254,6.8036613,6.825193,6.786229,6.78784,0.0,0.0,0.0,0.0,0.0
179,rxn05343_d0,0.0,0.0,0.0,0.0,0.0,0.9413940743750719,0.013416692606013563,0.2352210227603577,0.16248827515129294,0.022714883696657175
180,rxn05345_d0,0.0,0.0,0.0,0.0,0.0,0.9413940743750727,0.013416692606013575,0.23522102276035797,0.1624882751512931,0.022714883696657195
181,rxn05346_d0,0.0,0.0,0.0,0.0,0.0,0.9413940743750722,0.013416692606013568,0.23522102276035783,0.162488275151293,0.022714883696657178
182,rxn05348_d0,0.0,0.0,0.0,0.0,0.0,0.9413940743750727,0.013416692606013575,0.23522102276035797,0.16248827515129313,0.022714883696657195
183,rxn05350_d0,0.7680414,1.1554595,0.87675214,0.8868443,1.0244662,0.9413940743750722,0.013416692606013567,0.23522102276035778,0.16248827515129297,0.022714883696657178
184,rxn05465_d0_f,2.6848187,3.5441744,2.92948,3.0068483,3.4042773,6.589758520625508,0.09391684824209501,1.6465471593225054,1.1374179260590513,0.1590041858766003
185,rxn05736_d0,0.0,0.0,0.0,0.0,0.0,0.0,0.0,0.0,0.0,0.0
186,rxn06556_d0,1.7010194,1.5144908,1.6413802,1.6316469,1.5595782,0.0,0.0,0.0,0.0,0.0
187,rxn07441_d0_f,1.3226829,1.5358577,1.478871,1.4932852,1.5548146,0.0,0.0,0.0,0.0,0.0
188,rxn07579_d0,0.0,0.0,0.0,0.0,0.0,0.06894717164437153,0.0009826310077643747,0.017227455188082563,0.011900549729390484,0.0016636252848255977
189,rxn08352_d0,0.0,0.0,0.0,0.0,0.0,0.0,0.0,0.0,0.0,0.0
190,rxn08392_d0_f,1.7450306,1.7617223,1.7557868,1.7592567,1.7419685,0.9413940743750729,0.01341669260601357,0.235221022760358,0.16248827515129313,0.0227148836966572
191,rxn08436_d0_f,4.468923,4.304947,4.4561195,4.4439397,4.380325,0.8724469027307012,0.012434061598249202,0.21799356757227542,0.15058772542190263,0.021051258411831603
192,rxn08756_d0,0.0,0.0,0.0,0.0,0.0,0.0,0.0,0.0,0.0,0.0
193,rxn08766_d0,0.0,0.0,0.0,0.0,0.0,0.9413940743750727,0.013416692606013575,0.2352210227603579,0.16248827515129305,0.02271488369665719
194,rxn09444_d0,0.0,0.0,0.0,0.0,0.0,0.0,0.0,0.0,0.0,0.0
195,rxn09449_d0,3.3535933,5.2209773,4.2361403,4.318202,4.9046044,0.0,0.0,0.0,0.0,0.0
196,rxn09453_d0,0.0,0.0,0.0,0.0,0.0,0.0,0.0,0.0,0.0,0.0
197,rxn11040_d0,0.0,0.0,0.0,0.0,0.0,0.0,0.0,0.0,0.0,0.0
198,rxn11700_d0,11.887269,15.28886,13.598065,13.696985,14.7325535,0.029169957234157183,0.00041572850328492765,0.0072885387334195445,0.0050348479624344345,0.0007038414666569836
199,rxn11702_d0,0.0,0.0,0.0,0.0,0.0,0.0,0.0,0.0,0.0,0.0
200,rxn11703_d0,0.0,0.0,0.0,0.0,0.0,0.0,0.0,0.0,0.0,0.0
201,rxn12282_d0,0.0,0.0,0.0,0.0,0.0,0.0,0.0,0.0,0.0,0.0
202,rxn14012_d0,0.0,0.0,0.0,0.0,0.0,0.0,0.0,0.0,0.0,0.0
203,rxn14085_d0,0.0,0.0,0.0,0.0,0.0,0.0,0.0,0.0,0.0,0.0
204,rxn14094_d0,1.8072011,1.6723863,1.8405368,1.8315779,1.7535338,0.0,0.0,0.0,0.0,0.0
205,rxn14142_d0,1.3499331,1.2537202,1.3762238,1.3681959,1.3118734,0.0,0.0,0.0,0.0,0.0
206,rxn14261_d0,1.3499331,1.2537202,1.3762238,1.3681959,1.3118734,0.0,0.0,0.0,0.0,0.0
207,rxn15022_d0,0.0,0.0,0.0,0.0,0.0,1.07928841766381,0.015381954621542304,0.2696759331365235,0.18628937461007214,0.02604213426630845
208,rxn15069_d0,0.0,0.0,0.0,0.0,0.0,0.0,0.0,0.0,0.0,0.0
209,rxn15116_d0_f,6.228453,5.827059,5.9420314,5.9910026,5.9349155,0.0,0.0,0.0,0.0,0.0
210,rxn15166_d0,0.0,0.0,0.0,0.0,0.0,0.12993890040670025,0.00185188151463286,0.03246712708523252,0.02242795910538977,0.003135293806017473
211,rxn15250_d0_f,4.0777507,3.7917726,4.141901,3.9150572,3.8183293,4.21638472748272,0.06009166547482137,1.0535251441942797,0.7277643872973412,0.1017370847258731
212,rxn15271_d0_f,6.3397474,6.4868803,6.427504,6.467978,6.525904,47.64170006197252,0.6789866883150931,11.903972756635952,8.223142548973481,1.1495458761381245
213,rxn15280_d0_f,11.182576,11.194429,11.14135,11.273408,11.235901,0.0,0.0,0.0,0.0,0.0
214,rxn15298_d0_f,16.066074,15.285694,15.771065,15.631851,15.385732,0.0,0.0,0.0,0.0,0.0
215,rxn15364_d0_f,15.5735855,15.011801,15.238329,15.40803,15.159866,0.0,0.0,0.0,0.0,0.0
216,rxn15435_d0,2.2082927,1.9730692,2.1922963,2.1657326,2.073965,0.0,0.0,0.0,0.0,0.0
217,rxn15493_d0,0.0,0.0,0.0,0.0,0.0,0.0,0.0,0.0,0.0,0.0
218,rxn15494_d0_f,10.021838,9.98926,10.162514,9.92634,9.922047,98.35711807213701,1.4017798228263278,24.575958717445232,16.97682075915221,2.373257447185532
219,rxn17196_d0,1.700748,0.0,0.08364109,0.013890542,0.0,244.00191899799566,3.477500901677883,60.967433835079945,42.115679321552,5.88751869452749
220,rxn17744_d0_f,8.7703705,8.879509,8.735306,8.781375,8.878834,0.0,0.0,0.0,0.0,0.0
221,rxn17803_d0_f,7.7696204,7.1718726,7.442777,7.465265,7.2698665,0.03977721441021435,0.0005669025044794468,0.009938916454663015,0.006865701766956048,0.0009597838181686141
222,rxn18935_d0,0.0,0.0,0.0,0.0,0.0,0.9413940743750727,0.013416692606013574,0.23522102276035792,0.16248827515129305,0.02271488369665719
223,rxn18936_d0_f,0.26459125,0.29575366,0.18397643,0.19731092,0.25233105,0.9413940743750723,0.013416692606013568,0.23522102276035778,0.16248827515129297,0.02271488369665718
224,rxn18937_d0_f,2.6860168,2.383976,2.5926547,2.587901,2.4495075,0.9413940743750728,0.01341669260601357,0.23522102276035797,0.16248827515129313,0.0227148836966572
225,rxn19027_d0_f,0.73480946,0.76471686,0.74017775,0.7423739,0.75053924,0.0,0.0,0.0,0.0,0.0
226,rxn19029_d0_f,0.13190244,0.12540619,0.1390797,0.1344937,0.12879004,0.0,0.0,0.0,0.0,0.0
227,rxn19030_d0,0.0,0.0,0.0,0.0,0.0,0.22010058640318597,0.0031368605247862704,0.054995337715801985,0.037990216443823464,0.005310803793866329
228,rxn19071_d0,0.0,0.0,0.0,0.0,0.0,0.0,0.0,0.0,0.0,0.0
229,rxn19240_d0_f,4.009759,4.16533,4.078681,4.1062922,4.1890745,0.0,0.0,0.0,0.0,0.0
230,rxn19241_d0_f,0.03872061,0.08566414,0.098595336,0.09904752,0.074523255,0.0,0.0,0.0,0.0,0.0
231,rxn19242_d0_f,0.5555241,0.6910577,0.61826974,0.6415496,0.656969,0.0,0.0,0.0,0.0,0.0
232,rxn19246_d0,0.0,0.0,0.0,0.0,0.0,0.0,0.0,0.0,0.0,0.0
233,rxn19253_d0,0.0,0.0,0.0,0.0,0.0,0.0,0.0,0.0,0.0,0.0
234,rxn19343_d0_f,2.7864466,1.8614753,2.3730903,2.292228,2.0221105,0.12993890040670025,0.0018518815146328603,0.03246712708523253,0.02242795910538977,0.0031352938060174736
235,rxn19345_d0,10.034365,6.1444106,8.511551,8.149484,6.9574986,0.20684151493311456,0.0029478930232931235,0.05168236556424767,0.03570164918817145,0.004990875854476793
236,rxn19544_d0,0.0,0.0,0.0,0.0,0.0,0.7928924739102722,0.0113002565892903,0.19811573466294935,0.13685632188799052,0.019131690775494366
237,rxn19545_d0,0.0,0.0,0.0,0.0,0.0,0.22010058640318597,0.0031368605247862704,0.054995337715801985,0.037990216443823464,0.005310803793866329
238,rxn19686_d0_f,0.21224637,0.1494064,0.10801206,0.12365648,0.14430358,0.9413940743750719,0.013416692606013558,0.23522102276035772,0.16248827515129294,0.022714883696657175
239,rxn19828_d0_f,5.0672355,13.338062,8.0912895,8.484005,11.6908245,0.0,0.0,0.0,0.0,0.0
240,rxn19900_d0_f,3.677133,3.520618,3.6064034,3.527606,3.5183678,0.0,0.0,0.0,0.0,0.0
241,rxn19905_d0,0.639164,0.2693283,0.5053972,0.47313946,0.3536436,0.6046136590352579,0.008616918068087592,0.15107153011087784,0.10435866685773194,0.014588714036162931
242,rxn20583_d0_f,19.385048,18.46011,19.063503,19.014765,18.656425,0.0,0.0,0.0,0.0,0.0
243,rxn20595_d0,110.04728,56.116306,85.57324,80.862114,65.898346,244.64233215,3.486628032000002,61.12745039,42.22621712,5.902971214000004
244,rxn20632_d0,56.699055,33.243744,43.925377,43.251183,36.97322,122.321166075,1.743314016,30.563725195,21.11310856,2.951485607
245,rxn20643_d0_f,2.5293703,2.5572853,2.505552,2.4991648,2.540405,0.0,0.0,0.0,0.0,0.0
246,rxn23155_d0_f,0.0,0.0,0.0,0.0,0.0,0.0,0.0,0.0,0.0,0.0
247,rxn23415_d0_f,3.892448,3.8896267,3.8272078,3.8069155,3.8429277,0.0,0.0,0.0,0.0,0.0
248,rxn23805_d0,0.0,0.0,0.0,0.0,0.0,0.0,0.0,0.0,0.0,0.0
249,rxn24109_d0,0.0,0.0,0.0,0.0,0.0,0.12993890040670014,0.0018518815146328583,0.0324671270852325,0.022427959105389746,0.0031352938060174706
250,rxn24310_d0,0.0,0.0,0.0,0.0,0.0,0.0,0.0,0.0,0.0,0.0
251,rxn24312_d0,0.0,0.0,0.0,0.0,0.0,0.0,0.0,0.0,0.0,0.0
252,rxn24330_d0_f,2.1780112,1.9705713,2.0337374,2.0092978,1.9830501,0.0,0.0,0.0,0.0,0.0
253,rxn24358_d0,1.3490106,1.2490453,1.373875,1.3641515,1.3057909,0.0,0.0,0.0,0.0,0.0
254,rxn24360_d0,1.805356,1.6630363,1.8358394,1.8234704,1.7413688,0.0,0.0,0.0,0.0,0.0
255,rxn24362_d0_f,1.4800875,1.3313938,1.4809097,1.4687786,1.385638,0.0,0.0,0.0,0.0,0.0
256,rxn24508_d0_f,21.240032,19.864468,21.052532,21.055342,20.279293,0.03977721441021434,0.0005669025044794468,0.009938916454663015,0.006865701766956048,0.000959783818168614
257,rxn25637_d0_f,1.0607897,1.0357077,1.0589383,1.0545558,1.0479434,0.9413940743750726,0.013416692606013574,0.2352210227603579,0.16248827515129305,0.02271488369665719
258,rxn25641_d0_f,0.7725969,0.7073339,0.76911366,0.7618922,0.7358333,0.0,0.0,0.0,0.0,0.0
259,rxn25647_d0_f,2.8961422,2.9521437,3.0056167,3.0169287,2.991949,0.9413940743750726,0.013416692606013574,0.23522102276035795,0.1624882751512931,0.022714883696657192
260,rxn25649_d0_f,18.069832,17.463985,17.89722,17.810837,17.5791,0.0,0.0,0.0,0.0,0.0
261,rxn25661_d0_f,3.191754,3.1556532,3.1516395,3.1500626,3.1452732,0.0,0.0,0.0,0.0,0.0
262,rxn25662_d0,0.0,0.0,0.0,0.0,0.0,0.0,0.0,0.0,0.0,0.0
263,rxn25716_d0_f,4.4812984,4.819425,4.7516193,4.7440968,4.8259606,0.06894717164437156,0.000982631007764375,0.017227455188082566,0.011900549729390489,0.001663625284825598
264,rxn25718_d0_f,9.351846,8.81424,9.279415,9.219596,8.9511175,0.0,0.0,0.0,0.0,0.0
265,rxn25719_d0_f,0.55179435,0.31802207,0.49972397,0.48182854,0.34146112,0.06894717164437153,0.0009826310077643743,0.017227455188082556,0.011900549729390482,0.0016636252848255973
266,rxn25743_d0_f,0.98559695,0.87918454,0.965731,0.9570621,0.9079894,0.9413940743750726,0.013416692606013572,0.2352210227603579,0.16248827515129302,0.02271488369665719
267,rxn25747_d0_f,0.7194962,0.8075431,0.76730734,0.7687079,0.79393494,0.0,0.0,0.0,0.0,0.0
268,rxn25750_d0_f,9.46985,9.098912,9.387534,9.321942,9.155794,0.0,0.0,0.0,0.0,0.0
269,rxn25762_d0,0.0,0.0,0.0,0.0,0.0,0.0,0.0,0.0,0.0,0.0
270,rxn26013_d0_f,1.515709,1.4558634,1.5590776,1.5440704,1.4975867,0.06364354305634297,0.0009070440071671149,0.015902266327460824,0.010985122827129679,0.0015356541090697823
271,rxn26037_d0_f,1.1238487,0.8766464,1.0098448,0.9866368,0.9176052,0.0,0.0,0.0,0.0,0.0
272,rxn26754_d0,220.53363,116.29567,177.44696,169.65686,138.806,489.2846643,6.973256064000004,122.25490078000004,84.45243423999999,11.805942428000009
273,rxn27029_d0,0.0,0.0,0.0,0.0,0.0,0.0,0.0,0.0,0.0,0.0
274,rxn27030_d0,0.0,0.0,0.0,0.0,0.0,0.0,0.0,0.0,0.0,0.0
275,rxn27259_d0,64.78588,60.40936,63.325333,62.877808,61.26942,0.20684151493311456,0.0029478930232931222,0.05168236556424766,0.03570164918817144,0.004990875854476791
276,rxn27266_d0_f,0.9399609,2.302991,1.6109592,1.750043,2.4230971,0.0,0.0,0.0,0.0,0.0
277,rxn27497_d0,0.0,0.0,0.0,0.0,0.0,0.4561120585704575,0.00650048205136432,0.11396624201346918,0.0787267135944293,0.011005521115000102
278,rxn27709_d0,0.0,0.0,0.0,0.0,0.0,0.06364354305634295,0.000907044007167115,0.015902266327460828,0.010985122827129677,0.0015356541090697825
279,rxn27927_d0_f,3.0308487,3.2650368,3.122164,3.1025937,3.198551,0.10076894317254301,0.0014361530113479323,0.025178588351812973,0.017393111142955324,0.0024314523393604895
280,rxn28082_d0_f,0.000725815,0.000695153,0.000668161,0.000668722,0.000707439,0.06364354305634295,0.000907044007167115,0.015902266327460828,0.010985122827129677,0.0015356541090697825
281,rxn28083_d0_f,2.4520972,1.7398252,2.1768353,2.0786586,1.8787671,0.12993890040670014,0.0018518815146328583,0.03246712708523249,0.022427959105389743,0.0031352938060174706
282,rxn28487_d0_f,1.5168189,1.4968765,1.4645307,1.4554704,1.4835166,0.0,0.0,0.0,0.0,0.0
283,rxn28615_d0_f,1.0821214,1.0854406,1.1200732,1.1056498,1.0962747,0.06364354305634297,0.0009070440071671149,0.015902266327460824,0.010985122827129677,0.0015356541090697823
284,rxn29919_d0_f,0.0,0.0,0.0,0.0,0.0,0.0,0.0,0.0,0.0,0.0
285,rxn31768_d0,0.0,0.0,0.0,0.0,0.0,0.0,0.0,0.0,0.0,0.0
286,rxn37018_d0,0.0,0.0,0.0,0.0,0.0,0.0,0.0,0.0,0.0,0.0
287,rxn37266_d0_f,0.6471655,0.84177274,0.7126581,0.7391267,0.78691703,0.0,0.0,0.0,0.0,0.0
288,rxn37324_d0,0.0,0.0,0.0,0.0,0.0,0.0,0.0,0.0,0.0,0.0
289,rxn37610_d0,0.0,0.0,0.0,0.0,0.0,0.0,0.0,0.0,0.0,0.0
290,rxn37651_d0_f,0.20876572,0.3266624,0.17324883,0.1820645,0.24698974,0.0,0.0,0.0,0.0,0.0
291,rxn00211_d0_f,3.8358545,4.174444,3.9550064,3.9376667,4.116474,0.1034207574665573,0.0014739465116465618,0.02584118278212384,0.017850824594085726,0.0024954379272383964
292,rxn00834_d0_f,2.7809849,3.1853433,2.9374168,2.9980574,3.1348705,0.0,0.0,0.0,0.0,0.0
293,rxn00213_d0_f,4.1637716,4.5087657,4.264436,4.2626104,4.410514,0.1034207574665573,0.0014739465116465613,0.02584118278212383,0.017850824594085723,0.002495437927238396
294,rxn00416_d0,0.0,0.0,0.0,0.0,0.0,0.14850160046480027,0.002116436016723268,0.037105288097408595,0.025631953263302587,0.003583192921162826
295,rxn00239_d0_f,5.820296,5.8437595,5.799217,5.736319,5.749382,0.0,0.0,0.0,0.0,0.0
296,rxn00917_d0,0.0,0.07123937,0.0,0.0,0.0,0.0,0.0,0.0,0.0,0.0
297,rxn01007_d0,0.0,0.0,0.0,0.0,0.0,0.1034207574665573,0.0014739465116465616,0.02584118278212384,0.017850824594085723,0.0024954379272383964
298,rxn00495_c0,0.0,0.0,0.0,0.0,0.0,1.4584978617078588,0.020786425164246378,0.36442693667097714,0.2517423981217217,0.035192073332849176
299,rxn00257_c0_f,69.3576,69.462265,69.3734,69.85954,69.61214,0.0,0.0,0.0,0.0,0.0
300,rxn00710_c0,0.0,0.0,0.0,0.0,0.0,0.28904775804755756,0.004119491532550647,0.07222279290388457,0.049890766173213946,0.006974429078691929
301,rxn01611_c0,0.0,0.0,0.0,0.0,0.0,1.458497861707859,0.02078642516424638,0.3644269366709772,0.2517423981217218,0.035192073332849176
302,rxn00499_c0_f,13.9021635,13.9452715,13.866183,13.851212,13.909687,0.0,0.0,0.0,0.0,0.0
303,rxn04954_c0_f,23.566105,23.545033,23.487154,23.364845,23.462072,0.0,0.0,0.0,0.0,0.0
304,rxn00154_c0,0.0,0.0,0.0,0.0,0.0,4.539110527064241,0.06469113446116441,1.1341628863631097,0.7834681142999065,0.10952413077061424
305,rxn00799_c0_f,3.879956,3.5501783,3.8220747,4.0279384,3.7100515,0.0,0.0,0.0,0.0,0.0
306,rxn01361_c0_f,14.674122,15.732605,14.7643175,14.896625,15.549822,0.2890477580475574,0.004119491532550642,0.07222279290388453,0.04989076617321391,0.006974429078691922
307,rxn09736_c0_o,68.097244,69.50956,68.51495,68.659004,69.13339,0.0,0.0,0.0,0.0,0.0
308,rxn05238_c0_i,201.28693,199.39218,200.68884,200.51308,199.78143,0.2068415149331145,0.0029478930232931222,0.051682365564247656,0.035701649188171446,0.00499087585447679
309,rxn08730_c0_o,383.65622,383.51505,383.38147,383.51047,383.48215,450.8906362255433,6.426066649276319,112.66159358018697,77.82547580915356,10.879533492468502
310,rxn31154_d0_i,447.0502,340.5717,396.23038,390.4499,356.0046,978.5693285999998,13.946512128000002,244.50980156000003,168.90486848,23.611884856000007
311,rxn05467_c0_i,229.81226,230.15355,230.49187,230.61887,230.38756,121.71668500667948,1.734698987606928,30.412686794610632,21.008772778814826,2.9369000922432322
312,rxn05468_c0_i,111.85313,119.045334,116.16979,116.35899,118.072754,0.0,0.0,0.0,0.0,0.0
313,rxn09121_c0_o,359.8597,359.7783,360.0032,360.16205,359.93408,422.5215269081786,6.0217517830815765,105.57315836472142,72.92885730896043,10.195015673350648
314,rxn05319_c0_i,361.72562,362.0747,361.58978,361.72748,361.95612,487.2093544335044,6.94367887066629,121.73635437883868,84.09422769314533,11.755867306926751
315,rxn05238_d0_o,52.477554,54.64708,53.206104,53.398506,54.194923,0.0,0.0,0.0,0.0,0.0
316,rxn05319_d0_o,0.0,0.0,0.0,0.0,0.0,0.0,0.0,0.0,0.0,0.0
317,rxn05467_d0_o,50.939533,50.48815,50.36098,50.28376,50.385128,0.0,0.0,0.0,0.0,0.0
318,rxn05468_d0_o,143.0584,134.78397,137.64972,137.21524,135.57278,122.28138886058977,1.7427471134955204,30.553786278545335,21.106242858233045,2.950525823181831
319,rxn08730_d0_i,0.0,0.0,0.0,0.0,0.0,0.0,0.0,0.0,0.0,0.0
320,rxn09118_d0_i,0.025733069,0.06359389,0.06808593,0.075388715,0.060350772,0.0,0.0,0.0,0.0,0.0
321,rxn09121_d0_i,0.0,0.0,0.0,0.0,0.0,0.0,0.0,0.0,0.0,0.0
322,rxn09736_d0_i,185.33255,182.09981,184.15407,183.87221,182.86269,25.098096385698167,0.35769658357638057,6.271124985677191,4.332028958223687,0.6055915964704548
323,rxn09817_d0_i,1.0088301,0.91557044,0.9382525,0.91438085,0.9103833,0.0,0.0,0.0,0.0,0.0
324,rxn09839_d0_i,25.70222,25.274946,25.535858,25.159565,25.222076,0.0,0.0,0.0,0.0,0.0
325,rxn10929_d0_o,9.871116,9.893055,9.93303,9.950042,9.8997555,4.642531284530798,0.06616508097281097,1.1600040691452334,0.8013189388939922,0.11201956869785264
326,rxn10967_d0_o,14.883786,14.718533,14.894347,14.786215,14.779429,0.0,0.0,0.0,0.0,0.0
327,rxn11013_d0_o,21.791933,22.40125,21.977045,21.67727,22.121092,6.832134347098392,0.09737117416938947,1.7071082902529144,1.1792529354923658,0.1648524686086407
328,rxn13360_d0_i,1.6065364,1.5688161,1.5245876,1.5173693,1.5534918,1.4584978617078452,0.020786425164246683,0.36442693667098003,0.25174239812172416,0.03519207333284931
329,rxn13361_d0_o,45.891663,46.46225,45.694878,45.60792,46.07318,4.594798627238541,0.06548479796743563,1.148077369399638,0.7930800967736449,0.1108678281160503
330,rxn13365_d0_i,41.235363,41.216274,41.11072,41.60067,41.372684,0.0,0.0,0.0,0.0,0.0
331,rxn29240_d0_f,0.0,0.0,0.0,0.0,0.0,0.0,0.0,0.0,0.0,0.0
332,rxn29318_d0_o,17.657967,17.423794,17.514767,17.444408,17.425632,3.075309036768453,0.04382912229632087,0.7684107608315218,0.5308102892758854,0.07420408626200622
333,rxn29733_d0_o,9.040034,8.547083,8.876327,8.835003,8.64154,0.0,0.0,0.0,0.0,0.0
334,rxn29785_d0_o,13.990755,13.223874,13.728827,13.67344,13.413311,0.0,0.0,0.0,0.0,0.0
335,rxn33186_d0_i,3.1561346,3.2142348,3.069684,3.064496,3.1405559,0.0,0.0,0.0,0.0,0.0
336,rxn39241_d0_i,3.5613348,3.5687504,3.6137812,3.6638403,3.6225016,0.12993890040670023,0.0018518815146328596,0.032467127085232514,0.022427959105389764,0.0031352938060174736
337,rxn39242_d0_i,19.302803,19.18991,19.2488,19.083324,19.122522,0.0,0.0,0.0,0.0,0.0
338,rxn_cpd00008_c0_i,7.3327785,7.7639613,7.4127007,7.4354396,7.653618,0.0,0.0,0.0,0.0,0.0
339,rxn_cpd00002_c0_i,446.635,446.73206,446.73334,446.83163,446.78806,430.19720338220293,6.131145069695963,107.49103794325626,74.25370889325744,10.380221957463258
340,rxn_cpd00103_c0_o,8.238177,8.693754,8.347413,8.382823,8.5593,0.28904775804755745,0.004119491532550643,0.07222279290388453,0.049890766173213925,0.0069744290786919235
341,rxn08217_c0_o,39.227165,39.385353,39.264336,39.640408,39.485786,0.0,0.0,0.0,0.0,0.0
342,bio1_biomass,3.0777097,2.7537696,3.0661724,2.9099293,2.8056479,2.6518142940142897,0.03779350029862979,0.6625944303108676,0.4577134511304032,0.0639855878779076
343,EX_cpd00013_e0_i,176.33194,173.4876,175.48874,175.18459,174.12367,23.639598523990312,0.33691015841213423,5.906698049006215,4.080286560101966,0.5703995231376058
344,EX_cpd00048_e0_i,94.50947,90.96222,93.446686,93.094246,91.692116,0.20684151493311453,0.0029478930232931222,0.051682365564247656,0.035701649188171446,0.004990875854476791
345,EX_cpd11632_e0_i,445.43573,271.1548,365.47598,361.39713,305.47107,978.5693285999998,13.946512128000002,244.50980156000003,168.90486848,23.611884856000007
346,EX_cpd00011_e0_i,147.6916,148.41548,148.849,149.05382,148.75104,121.71668500667948,1.734698987606928,30.412686794610632,21.008772778814826,2.9369000922432322
347,EX_cpd00001_e0_i,340.10526,341.6839,339.90744,340.2381,341.23398,487.2093544335044,6.94367887066629,121.73635437883868,84.09422769314533,11.755867306926751
348,EX_cpd00002_e0_i,432.99426,433.45834,433.54422,433.8244,433.6449,430.197203382203,6.131145069695964,107.49103794325626,74.25370889325745,10.380221957463258
349,rxn00001_d0_r,0.0,0.011740794,0.0,0.012652262,0.022614136,0.0,0.0,0.0,0.0,0.0
350,rxn00069_d0_r,64.22283,76.93185,67.253746,68.17902,73.4133,17.637482050918397,0.2513683498362159,4.406981815440601,3.0442979348134163,0.42557454353475016
351,rxn00086_d0_r,39.160107,33.712315,37.563957,37.103107,34.84281,0.2068415149331146,0.0029478930232931235,0.05168236556424768,0.03570164918817145,0.004990875854476793
352,rxn00097_d0_r,0.0,0.30679837,0.072507486,0.15719494,0.22608079,0.0,0.0,0.0,0.0,0.0
353,rxn00102_d0_r,51.09039,53.743122,52.504932,52.644928,53.105564,7.239453022659009,0.10317625581525929,1.8088827947486683,1.2495577215860003,0.1746806549066877
354,rxn00117_d0_r,12.746091,12.227858,12.569448,12.5559225,12.350679,0.0,0.0,0.0,0.0,0.0
355,rxn00122_d0_r,5.165509,5.0408263,5.1683927,5.162085,5.097524,0.0,0.0,0.0,0.0,0.0
356,rxn00148_d0_r,22.636314,22.011072,22.207882,22.27126,22.067818,14.99256247406857,0.213673112638363,3.7461101306485487,2.587774538655956,0.36175531818532597
357,rxn00179_d0_r,3.3455148,3.5088577,3.4767773,3.5077007,3.498576,0.0,0.0,0.0,0.0,0.0
358,rxn00191_d0_r,3.8310742,3.4795187,3.712934,3.516166,3.472704,0.0,0.0,0.0,0.0,0.0
359,rxn00237_d0_r,1.4081057,1.2490659,1.3766567,1.3703531,1.2891976,0.0,0.0,0.0,0.0,0.0
360,rxn00248_d0_r,1.0823295,0.96746075,1.1293249,1.0238435,1.0673763,0.0,0.0,0.0,0.0,0.0
361,rxn00260_d0_r,63.88501,63.893417,63.351337,64.1715,63.915253,8.388749337684773,0.11955595884468502,2.096051220845391,1.447930731305912,0.20241200869297216
362,rxn00272_d0_r,8.799173,8.881183,8.839373,8.969747,8.890567,0.4269421013363007,0.006084753548079396,0.1066777032800497,0.07369186563199491,0.010301679648343125
363,rxn00275_d0_r,8.760411,8.215889,8.486926,8.260705,8.244898,0.0,0.0,0.0,0.0,0.0
364,rxn00337_d0_r,3.2912154,3.924144,3.7255812,3.574829,3.7974129,0.0,0.0,0.0,0.0,0.0
365,rxn00391_d0_r,1.2960999,1.1836885,1.2699981,1.2701288,1.2100426,0.0,0.0,0.0,0.0,0.0
366,rxn00409_d0_r,3.878838,3.775048,3.8546686,3.867127,3.8250687,0.0,0.0,0.0,0.0,0.0
367,rxn00420_d0_r,0.0,0.0,0.0,0.0,0.0,0.0,0.0,0.0,0.0,0.0
368,rxn00459_d0_r,1.1149879,1.775677,1.3973721,1.4150624,1.6826825,0.0,0.0,0.0,0.0,0.0
369,rxn00493_d0_r,2.4764476,2.0630398,2.3591623,2.3032987,2.141174,1.6547321194649165,0.023583144186344975,0.4134589245139813,0.2856131935053715,0.03992700683581434
370,rxn00527_d0_r,1.8910662,1.5649858,1.7858548,1.745088,1.6328437,0.0,0.0,0.0,0.0,0.0
371,rxn00533_d0_r,8.316757,6.601127,7.8732133,7.7990327,7.0868855,0.0,0.0,0.0,0.0,0.0
372,rxn00611_d0_r,2.7736943,2.3654747,2.6788838,2.6422894,2.4805326,0.34473585822185765,0.0049131550388218734,0.0861372759404128,0.05950274864695242,0.00831812642412799
373,rxn00692_d0_r,5.3485165,6.1309648,5.6598535,5.916821,6.0714927,6.959421433211077,0.09918526218372367,1.7389128229078354,1.2012231811466247,0.1679237768267802
374,rxn00693_d0_r,5.7204804,5.471215,5.638052,5.4974575,5.4703984,0.0,0.0,0.0,0.0,0.0
375,rxn00711_d0,0.0,0.0,0.0,0.0,0.0,0.0,0.0,0.0,0.0,0.0
376,rxn00720_d0_r,0.5747017,0.5264479,0.579359,0.57131135,0.5487736,0.0,0.0,0.0,0.0,0.0
377,rxn00747_d0_r,4.543193,4.6247244,4.4899554,4.5895963,4.627741,0.0,0.0,0.0,0.0,0.0
378,rxn00777_d0_r,0.006836525,0.18903257,0.070726916,0.07906302,0.116057806,0.0,0.0,0.0,0.0,0.0
379,rxn00781_d0_r,3.6506152,2.6126647,3.3108354,3.1366854,2.7888272,6.046401771781948,0.08617296003090547,1.5107815605518042,1.0436324399224228,0.14589353892041676
380,rxn00782_d0_r,1.7353159,3.2668767,2.2272918,2.2508073,2.8679373,238.59062674963008,3.4003794849684987,59.615343640587575,41.18166925317529,5.756949703903832
381,rxn00789_d0,0.0,0.0,0.0,0.0,0.0,0.10076894317254297,0.001436153011347932,0.025178588351812966,0.017393111142955317,0.0024314523393604887
382,rxn00790_d0,0.0,0.0,0.0,0.0,0.0,3.3643567948159165,0.04794861382887144,0.8406335537353948,0.5807010554491397,0.0811785153407011
383,rxn00791_d0,0.0,0.0,0.0,0.0,0.0,0.06364354305634295,0.000907044007167115,0.015902266327460828,0.010985122827129677,0.0015356541090697825
384,rxn00800_d0_r,0.0,0.0,0.0,0.0,0.0,0.0,0.0,0.0,0.0,0.0
385,rxn00802_d0_r,0.052140437,0.0,0.0,0.02509307,0.0,0.0,0.0,0.0,0.0,0.0
386,rxn00830_d0_r,7.81e-05,7.81e-05,7.73e-05,7.72e-05,7.8e-05,0.0,0.0,0.0,0.0,0.0
387,rxn00832_d0_r,4.9088063,5.193139,4.9604983,5.038199,5.1397376,3.465125737988461,0.049384766840219384,0.8658121420872081,0.5980941665920951,0.0836099676800616
388,rxn00839_d0_r,1.122037,1.0659772,1.1041079,1.1027458,1.0798863,0.0,0.0,0.0,0.0,0.0
389,rxn00863_d0_r,5.7291455,5.5140533,5.5251527,5.522725,5.507779,0.0,0.0,0.0,0.0,0.0
390,rxn00907_d0_r,4.0127363,3.7601128,3.933706,3.8887625,3.808685,0.0,0.0,0.0,0.0,0.0
391,rxn00929_d0_r,3.4790525,1.339543,2.9100919,2.753128,1.8578312,0.25457417222537176,0.0036281760286684594,0.0636090653098433,0.04394049130851871,0.006142616436279129
392,rxn00931_d0_r,2.5958571,3.6112597,2.8566124,2.8934958,3.3747354,0.0,0.0,0.0,0.0,0.0
393,rxn00974_d0_r,23.741266,23.772524,23.828194,24.075953,23.894041,0.0,0.0,0.0,0.0,0.0
394,rxn00980_d0_r,1.2706689,1.2402323,1.2320642,1.251493,1.2505654,0.0,0.0,0.0,0.0,0.0
395,rxn01011_d0_r,0.77493894,0.60706794,0.7450226,0.72637045,0.65257525,0.0,0.0,0.0,0.0,0.0
396,rxn01018_d0_r,0.88305104,0.88640505,0.84480923,0.83622795,0.80371046,0.0,0.0,0.0,0.0,0.0
397,rxn01019_d0_r,0.120124646,0.0,0.0,0.0,0.0,0.0,0.0,0.0,0.0,0.0
398,rxn01069_d0_r,2.257316,1.9450214,2.0888405,2.0758162,2.0026376,0.0,0.0,0.0,0.0,0.0
399,rxn01100_d0_r,4.1488385,3.6087832,3.8430023,3.886997,3.7017324,0.0,0.0,0.0,0.0,0.0
400,rxn01101_d0_r,0.0,0.0,0.0,0.0,0.0,0.0,0.0,0.0,0.0,0.0
401,rxn01106_d0_r,22.772343,22.425438,22.565762,22.652988,22.483562,18.689191599924488,0.2663572520546529,4.6697667665018985,3.2258270895317374,0.45095122768712914
402,rxn01116_d0_r,13.745323,14.332027,14.07407,14.144349,14.33488,93.43508556101706,1.3316313069220411,23.34611719534523,16.127258822509074,2.2544937975253476
403,rxn01200_d0_r,0.0,0.0,0.0,0.0,0.0,0.0,0.0,0.0,0.0,0.0
404,rxn01208_d0,0.0,0.0,0.0,0.0,0.0,0.4561120585704576,0.006500482051364322,0.1139662420134692,0.07872671359442933,0.011005521115000104
405,rxn01211_d0_r,1.485388,1.1795859,1.4164761,1.3793559,1.2452925,0.0,0.0,0.0,0.0,0.0
406,rxn01249_d0_r,0.5755813,0.52772206,0.5801098,0.5719523,0.54990286,0.0,0.0,0.0,0.0,0.0
407,rxn01257_d0_r,5.3927374,5.2560334,5.2106676,5.2384725,5.2334194,0.0,0.0,0.0,0.0,0.0
408,rxn01258_d0_r,2.6314049,2.6736252,2.659535,2.6719675,2.6921585,0.0,0.0,0.0,0.0,0.0
409,rxn01301_d0_r,3.9931476,1.8582772,3.3829823,3.224516,2.3915768,0.0,0.0,0.0,0.0,0.0
410,rxn01302_d0_r,1.4573128,2.3672903,1.6833888,1.7667143,2.1073334,0.6046136590352579,0.008616918068087592,0.15107153011087784,0.10435866685773194,0.014588714036162931
411,rxn01334_d0_r,3.2501915,3.3965352,3.3583012,3.3153722,3.384146,0.0,0.0,0.0,0.0,0.0
412,rxn01345_d0_r,0.0,0.0,0.0,0.0,0.0,0.0,0.0,0.0,0.0,0.0
413,rxn01353_d0_r,1.122037,1.0659772,1.1041079,1.1027458,1.0798863,0.0,0.0,0.0,0.0,0.0
414,rxn01465_d0_r,26.452188,27.421415,26.491486,26.696753,27.164503,0.2890477580475575,0.004119491532550643,0.07222279290388457,0.04989076617321394,0.006974429078691929
415,rxn01476_d0_r,5.212384,5.1332965,5.013788,4.9918165,5.078325,0.0,0.0,0.0,0.0,0.0
416,rxn01512_d0_r,1.122037,1.0659772,1.1041079,1.1027458,1.0798863,0.0,0.0,0.0,0.0,0.0
417,rxn01539_d0_r,1.2274996,1.3902124,1.2878963,1.3040287,1.3647386,0.0,0.0,0.0,0.0,0.0
418,rxn01636_d0_r,0.737229,1.1212821,0.8798111,0.9187183,1.0417722,0.0,0.0,0.0,0.0,0.0
419,rxn01637_d0_r,3.0098152,2.2675185,2.577546,2.4443252,2.3128285,0.2916995723415719,0.004157285032849275,0.07288538733419545,0.05034847962434435,0.007038414666569836
420,rxn01643_d0_r,13.680962,13.008563,13.097097,13.225199,13.046089,0.8591878312606299,0.012245094096756053,0.21468059542072115,0.14829915816625067,0.020731330472442064
421,rxn01652_d0_r,0.3097184,0.1647307,0.26270702,0.2584987,0.19877781,0.0,0.0,0.0,0.0,0.0
422,rxn01673_d0_r,1.122037,1.0659772,1.1041079,1.1027458,1.0798863,0.0,0.0,0.0,0.0,0.0
423,rxn01678_d0_r,1.122037,1.0659772,1.1041079,1.1027458,1.0798863,0.0,0.0,0.0,0.0,0.0
424,rxn01740_d0_r,1.2020433,1.1686751,1.1915575,1.1915939,1.1861019,1.8483145629279594,0.02634206970814496,0.4618283179266748,0.3190262754378911,0.0445979547509016
425,rxn01917_d0_r,1.5642257,1.9306881,1.7479426,1.807158,1.8884996,0.0,0.0,0.0,0.0,0.0
426,rxn01974_d0_r,0.59497905,0.68619853,0.65869844,0.6658887,0.6908499,0.0,0.0,0.0,0.0,0.0
427,rxn01975_d0_r,3.9998207,3.8258762,3.8845944,3.8403363,3.8062644,0.0,0.0,0.0,0.0,0.0
428,rxn02159_d0_r,5.1836176,4.836536,4.9318943,4.959534,4.88402,0.0,0.0,0.0,0.0,0.0
429,rxn02320_d0_r,1.496711,1.4864718,1.4415492,1.4100397,1.4537212,0.10076894317254301,0.001436153011347932,0.02517858835181297,0.01739311114295532,0.002431452339360489
430,rxn02373_d0_r,1.6380717,1.6961755,1.6665366,1.6755908,1.7065642,0.25457417222537165,0.003628176028668456,0.06360906530984325,0.04394049130851869,0.006142616436279126
431,rxn02380_d0_r,1.1981007,1.1961086,1.1910397,1.1806076,1.1823381,0.0,0.0,0.0,0.0,0.0
432,rxn02402_d0,0.0,0.0,0.0,0.0,0.0,0.0,0.0,0.0,0.0,0.0
433,rxn02465_d0_r,3.0027275,2.7127237,2.9020283,2.865177,2.7643301,0.2916995723415719,0.004157285032849275,0.07288538733419546,0.05034847962434436,0.0070384146665698364
434,rxn02474_d0_r,0.591363,0.6271603,0.62754375,0.6311399,0.64207554,0.0,0.0,0.0,0.0,0.0
435,rxn02476_d0_r,2.070986,1.9476892,2.062239,2.051227,1.987941,0.0,0.0,0.0,0.0,0.0
436,rxn02789_d0_r,1.1134007,1.1111044,1.1497012,1.1391314,1.1355914,0.0,0.0,0.0,0.0,0.0
437,rxn02811_d0_r,0.8208056,1.0682224,0.9273381,0.932305,1.0155584,0.4561120585704576,0.006500482051364322,0.1139662420134692,0.07872671359442933,0.011005521115000104
438,rxn02832_d0,0.0,0.0,0.0,0.0,0.0,0.0,0.0,0.0,0.0,0.0
439,rxn02835_d0_r,0.13636848,0.007750009,0.112291194,0.09997691,0.039063502,0.0,0.0,0.0,0.0,0.0
440,rxn02914_d0_r,19.180624,17.17204,18.925486,18.845688,18.019373,7.4950879206019625,0.10681954924404688,1.8727568978306306,1.2936812982749661,0.1808488655781175
441,rxn02928_d0_r,7.7136965,5.4830627,7.0342627,6.862151,6.013235,0.0,0.0,0.0,0.0,0.0
442,rxn02929_d0_r,6.888917,7.6345067,6.8073754,6.905572,7.301133,0.2545741722253719,0.00362817602866846,0.06360906530984331,0.04394049130851872,0.006142616436279131
443,rxn02938_d0_r,23.896715,23.959185,23.857384,23.932716,23.919626,3.3643567948159157,0.04794861382887143,0.840633553735395,0.5807010554491396,0.0811785153407011
444,rxn02988_d0_r,0.0,0.0,0.0,0.0,0.0,0.0,0.0,0.0,0.0,0.0
445,rxn03062_d0_r,0.591693,0.37191275,0.53825825,0.5189253,0.42971256,0.0,0.0,0.0,0.0,0.0
446,rxn03080_d0_r,6.022866,6.027632,6.149989,6.1253047,6.0451846,0.0,0.0,0.0,0.0,0.0
447,rxn03108_d0_r,2.022846,1.8305817,1.9517812,1.9359658,1.8757915,0.0,0.0,0.0,0.0,0.0
448,rxn03135_d0,0.0,0.0,0.0,0.0,0.0,0.10076894317254298,0.001436153011347932,0.025178588351812966,0.01739311114295532,0.0024314523393604887
449,rxn03136_d0_r,1.4256002,1.4074045,1.4616088,1.4513828,1.4328731,0.0,0.0,0.0,0.0,0.0
450,rxn03175_d0_r,1.5244056,1.3481817,1.3856488,1.3852013,1.3582014,0.0,0.0,0.0,0.0,0.0
451,rxn03907_d0_r,6.9673276,6.8437586,6.916767,6.9072,6.8520627,0.0,0.0,0.0,0.0,0.0
452,rxn03958_d0_r,1.7687778,1.8499839,1.787937,1.7748989,1.8252208,0.0,0.0,0.0,0.0,0.0
453,rxn03983_d0,34.56939,28.10347,32.237034,31.648449,29.426514,0.20684151493311462,0.002947893023293124,0.051682365564247684,0.03570164918817146,0.004990875854476794
454,rxn04996_d0,0.0,0.0,0.0,0.0,0.0,0.0,0.0,0.0,0.0,0.0
455,rxn05039_d0_r,4.733517,4.6672597,4.7751675,4.773824,4.698454,0.0,0.0,0.0,0.0,0.0
456,rxn05105_d0,0.056981362,0.0,0.004625795,0.006340553,0.0,0.0,0.0,0.0,0.0,0.0
457,rxn05106_d0_r,1.4396589,1.3943012,1.4062469,1.4188573,1.4108309,0.0,0.0,0.0,0.0,0.0
458,rxn05324_d0,3.1550283,2.7373266,2.9737034,2.9559114,2.8189008,0.9413940743750727,0.013416692606013575,0.23522102276035797,0.1624882751512931,0.022714883696657192
459,rxn05325_d0,0.0,0.0,0.0,0.0,0.0,0.9413940743750722,0.013416692606013567,0.23522102276035775,0.16248827515129297,0.022714883696657178
460,rxn05326_d0,0.0,0.0,0.0,0.0,0.0,0.9413940743750722,0.013416692606013567,0.2352210227603578,0.16248827515129297,0.02271488369665718
461,rxn05330_d0_r,3.1611905,3.258538,3.248295,3.2213683,3.2517989,0.0,0.0,0.0,0.0,0.0
462,rxn05331_d0_r,1.5065008,1.8520882,1.6108418,1.6274645,1.7690461,0.0,0.0,0.0,0.0,0.0
463,rxn05335_d0_r,9.383339,9.391557,9.499594,9.451785,9.403775,0.0,0.0,0.0,0.0,0.0
464,rxn05337_d0_r,1.4085622,1.2436167,1.2799754,1.2775985,1.252598,0.941394074375072,0.013416692606013567,0.2352210227603578,0.162488275151293,0.022714883696657178
465,rxn05338_d0,0.0,0.0,0.0,0.0,0.0,0.9413940743750719,0.013416692606013563,0.23522102276035772,0.16248827515129294,0.022714883696657175
466,rxn05340_d0_r,0.9951707,0.8296758,0.9100955,0.8980474,0.8608675,0.9413940743750727,0.013416692606013577,0.235221022760358,0.16248827515129313,0.022714883696657195
467,rxn05342_d0_r,0.70923173,0.6017894,0.6946444,0.6791193,0.6471708,0.9413940743750728,0.013416692606013575,0.235221022760358,0.1624882751512931,0.022714883696657192
468,rxn05465_d0_r,6.9101295,6.0141354,6.422191,6.4166985,6.2404623,0.0,0.0,0.0,0.0,0.0
469,rxn07441_d0_r,16.307194,15.5876665,15.998,15.939888,15.752067,0.2545741722253719,0.0036281760286684603,0.06360906530984331,0.04394049130851872,0.006142616436279132
470,rxn08392_d0_r,14.76193,14.402374,14.639523,14.569672,14.43162,0.0,0.0,0.0,0.0,0.0
471,rxn08436_d0_r,3.5348873,3.6474733,3.5728056,3.6008945,3.6538308,0.0,0.0,0.0,0.0,0.0
472,rxn15021_d0,0.0,0.0,0.0,0.0,0.0,0.7928924739102723,0.011300256589290302,0.19811573466294935,0.13685632188799052,0.019131690775494366
473,rxn15116_d0_r,1.0180876,1.3757149,1.1754857,1.1874324,1.3502103,98.35711807213701,1.401779822826328,24.575958717445232,16.97682075915221,2.3732574471855323
474,rxn15250_d0_r,0.0,0.0,0.0,0.0,0.0,0.0,0.0,0.0,0.0,0.0
475,rxn15271_d0_r,0.0,0.0,0.0,0.0,0.0,0.0,0.0,0.0,0.0,0.0
476,rxn15280_d0_r,8.886195,8.918955,8.901791,8.842916,8.910797,1.07928841766381,0.015381954621542304,0.2696759331365235,0.18628937461007214,0.02604213426630845
477,rxn15298_d0_r,0.80961746,1.1542015,0.9440061,0.9937479,1.1118165,0.0,0.0,0.0,0.0,0.0
478,rxn15364_d0_r,2.539183,2.7589269,2.6323001,2.6473207,2.6933231,4.319805484949278,0.061565611986467934,1.0793663269764036,0.745615211891427,0.1042325226531115
479,rxn15494_d0_r,0.0,0.0,0.0,0.0,0.0,0.0,0.0,0.0,0.0,0.0
480,rxn17469_d0,1.4728183,1.1300908,1.3173618,1.3070385,1.198805,0.0,0.0,0.0,0.0,0.0
481,rxn17744_d0_r,17.882725,17.651617,17.787003,17.778133,17.737759,0.0,0.0,0.0,0.0,0.0
482,rxn17803_d0_r,13.617033,15.3834715,14.513779,14.59914,15.078929,0.0,0.0,0.0,0.0,0.0
483,rxn18936_d0_r,1.7152535,1.824343,1.7432344,1.7477775,1.8149011,0.0,0.0,0.0,0.0,0.0
484,rxn18937_d0_r,20.674946,20.06979,20.51282,20.40576,20.166763,0.0,0.0,0.0,0.0,0.0
485,rxn19027_d0_r,1.1780738,1.166998,1.1826575,1.1817847,1.1734047,0.7928924739102722,0.0113002565892903,0.19811573466294935,0.13685632188799052,0.019131690775494363
486,rxn19029_d0_r,0.57512397,0.5271961,0.579777,0.5716483,0.5492809,0.22010058640318597,0.00313686052478627,0.054995337715801985,0.037990216443823464,0.005310803793866329
487,rxn19240_d0_r,10.571598,10.183164,10.464065,10.400362,10.3143635,0.220100586403186,0.0031368605247862704,0.054995337715802,0.037990216443823464,0.005310803793866329
488,rxn19241_d0_r,2.0759017,1.7177273,1.974175,1.9048562,1.7796848,0.45611205857045767,0.006500482051364323,0.11396624201346921,0.07872671359442933,0.011005521115000106
489,rxn19242_d0_r,2.523122,2.2613797,2.423424,2.3825512,2.299319,0.3367804153398147,0.004799774537925981,0.08414949264948017,0.0581296082935612,0.008126169660494264
490,rxn19343_d0_r,0.0,0.4473321,0.15236947,0.19161287,0.34572712,0.0,0.0,0.0,0.0,0.0
491,rxn19686_d0_r,1.7704164,1.982776,1.8302518,1.8465444,1.9463574,0.0,0.0,0.0,0.0,0.0
492,rxn19701_d0,0.47105926,0.0,0.0,0.0,0.0,0.0,0.0,0.0,0.0,0.0
493,rxn19828_d0_r,61.58855,46.856213,56.638447,55.235325,50.59301,0.0,0.0,0.0,0.0,0.0
494,rxn19900_d0_r,0.68579936,0.6714985,0.707382,0.70336777,0.6876312,0.0,0.0,0.0,0.0,0.0
495,rxn20583_d0_r,2.989882,3.1677885,3.0507224,3.070348,3.1208906,0.10342075746655728,0.0014739465116465613,0.02584118278212383,0.01785082459408572,0.0024954379272383955
496,rxn20643_d0_r,4.454821,4.4434237,4.414647,4.424589,4.437964,0.0,0.0,0.0,0.0,0.0
497,rxn23155_d0_r,0.0,0.0,0.0,0.0,0.0,0.0,0.0,0.0,0.0,0.0
498,rxn23415_d0_r,1.9366915,1.8751239,1.8719637,1.8547952,1.8663176,0.0,0.0,0.0,0.0,0.0
499,rxn24330_d0_r,3.4262602,3.3896115,3.407099,3.4007137,3.4021444,0.0,0.0,0.0,0.0,0.0
500,rxn24362_d0_r,0.13111101,0.094530605,0.11860073,0.1151888,0.09005566,0.0,0.0,0.0,0.0,0.0
501,rxn24508_d0_r,40.34671,43.96023,42.668964,42.785286,43.426254,0.0,0.0,0.0,0.0,0.0
502,rxn25637_d0_r,0.6175254,0.63342655,0.61645854,0.6151449,0.6250779,0.0,0.0,0.0,0.0,0.0
503,rxn25641_d0_r,0.86826354,0.92040575,0.8624164,0.8611437,0.88446593,0.9413940743750723,0.013416692606013567,0.23522102276035775,0.16248827515129297,0.022714883696657178
504,rxn25647_d0_r,16.524784,15.891787,16.39594,16.32655,16.050037,0.0,0.0,0.0,0.0,0.0
505,rxn25649_d0_r,2.4692469,2.3680654,2.472049,2.4736216,2.4250643,0.9413940743750726,0.013416692606013574,0.23522102276035797,0.1624882751512931,0.022714883696657195
506,rxn25661_d0_r,2.8589265,2.9532082,2.893979,2.8940144,2.9260364,0.0,0.0,0.0,0.0,0.0
507,rxn25716_d0_r,14.341637,13.741778,14.334614,14.231321,13.978881,0.0,0.0,0.0,0.0,0.0
508,rxn25718_d0_r,2.145082,2.167262,2.2048185,2.2159376,2.1706994,0.06894717164437154,0.0009826310077643745,0.01722745518808256,0.01190054972939048,0.0016636252848255973
509,rxn25719_d0_r,5.716783,5.317226,5.6916685,5.6308203,5.406672,0.0,0.0,0.0,0.0,0.0
510,rxn25743_d0_r,0.35669246,0.39029834,0.37337828,0.3756833,0.37011698,0.0,0.0,0.0,0.0,0.0
511,rxn25747_d0_r,0.575726,0.39292544,0.5102584,0.5005467,0.44267988,0.9413940743750727,0.013416692606013575,0.23522102276035797,0.16248827515129313,0.022714883696657195
512,rxn25750_d0_r,0.5718205,0.46449807,0.53362113,0.5190059,0.47738355,0.9413940743750726,0.013416692606013574,0.23522102276035795,0.1624882751512931,0.022714883696657192
513,rxn26013_d0_r,1.536007,1.3205532,1.4665924,1.485272,1.3753934,0.0,0.0,0.0,0.0,0.0
514,rxn26037_d0_r,1.0862734,1.4532344,1.204654,1.2334977,1.3575305,0.0,0.0,0.0,0.0,0.0
515,rxn26477_d0,0.0,0.0,0.0,0.0,0.0,0.0,0.0,0.0,0.0,0.0
516,rxn27266_d0_r,21.254091,14.8507185,18.853857,18.340403,16.744682,0.2068415149331146,0.002947893023293124,0.05168236556424768,0.03570164918817146,0.004990875854476794
517,rxn27318_d0,0.0,0.0,0.0,0.0,0.0,0.0,0.0,0.0,0.0,0.0
518,rxn27927_d0_r,3.3914788,3.2317417,3.2845714,3.311062,3.2675307,0.0,0.0,0.0,0.0,0.0
519,rxn28082_d0_r,0.000722834,0.000692172,0.00066518,0.000665741,0.000704458,0.0,0.0,0.0,0.0,0.0
520,rxn28083_d0_r,0.0,0.0,0.0,0.0,0.0,0.0,0.0,0.0,0.0,0.0
521,rxn28487_d0_r,1.0413064,1.1020429,0.97548425,0.9740231,1.0400239,0.0,0.0,0.0,0.0,0.0
522,rxn28615_d0_r,1.1995342,1.0805864,1.158265,1.1695617,1.1105758,0.0,0.0,0.0,0.0,0.0
523,rxn29919_d0_r,3.221963,3.2353487,3.25671,3.329011,3.286486,45.79338549904456,0.652644618606948,11.44214443870928,7.904116273535589,1.1049479213872233
524,rxn37266_d0_r,5.7616286,5.5857353,5.739067,5.740865,5.6408477,0.0,0.0,0.0,0.0,0.0
525,rxn37651_d0_r,1.0678462,1.00686,1.0054438,0.9988185,1.0027597,0.0,0.0,0.0,0.0,0.0
526,rxn00211_d0_r,10.6683,10.2617855,10.453933,10.401293,10.335879,0.0,0.0,0.0,0.0,0.0
527,rxn00834_d0_r,0.07685194,0.024055116,0.044745475,0.046023935,0.06073765,0.0,0.0,0.0,0.0,0.0
528,rxn00213_d0_r,19.34241,18.544033,19.040224,18.974192,18.704044,0.0,0.0,0.0,0.0,0.0
529,rxn00239_d0_r,2.2153356,1.9492285,2.1545546,2.1019428,2.0049067,0.0,0.0,0.0,0.0,0.0
530,rxn00257_c0_r,58.494984,58.350296,58.5173,58.195908,58.296043,1.341818032771225,0.019123511151106654,0.3352727817372994,0.2316030062719821,0.03237670746622131
531,rxn00330_c0,8.044801,8.317439,8.102682,9.066293,8.6122055,3.1972924942930168,0.045567623310057766,0.7988901046258103,0.5518651080279245,0.07714742330439295
532,rxn01362_c0,2.8683372,3.6771202,3.094525,3.1770806,3.4917881,0.2890477580475574,0.004119491532550643,0.07222279290388453,0.049890766173213925,0.0069744290786919235
533,rxn00499_c0_r,13.169131,13.14845,13.1876135,13.173447,13.162983,0.10342075746655728,0.0014739465116465618,0.02584118278212384,0.017850824594085723,0.0024954379272383964
534,rxn04954_c0_r,8.448539,8.411215,8.485323,8.549748,8.478316,0.12993890040670023,0.0018518815146328594,0.032467127085232514,0.022427959105389764,0.003135293806017474
535,rxn00799_c0_r,31.00244,31.12884,31.046028,30.784798,30.970516,6.832134347098392,0.09737117416938947,1.7071082902529144,1.1792529354923658,0.1648524686086407
536,rxn01361_c0_r,1.018434,0.9591341,0.8811691,0.8617293,1.085928,0.0,0.0,0.0,0.0,0.0
537,rxn09736_c0_i,241.64291,239.85312,241.0356,240.87099,240.22757,23.63959852399031,0.3369101584121342,5.906698049006214,4.080286560101966,0.5703995231376057
538,rxn05238_c0_o,113.810776,115.46328,114.27548,114.45215,115.12264,0.0,0.0,0.0,0.0,0.0
539,rxn08730_c0_i,8.335632,8.174684,8.551,8.519605,8.33556,0.0,0.0,0.0,0.0,0.0
540,rxn31154_d0_o,0.56822985,78.79468,35.35521,36.857567,58.35666,0.0,0.0,0.0,0.0,0.0
541,rxn05467_c0_o,89.93545,89.552864,89.45767,89.37985,89.451324,0.0,0.0,0.0,0.0,0.0
542,rxn05468_c0_o,206.86719,200.5496,203.32607,203.00188,201.23459,120.8228909988819,1.7219606883312741,30.18935934187436,20.85450046011133,2.915333749848982
543,rxn09121_c0_i,11.826678,12.266314,11.661443,11.58855,11.999357,0.0,0.0,0.0,0.0,0.0
544,rxn05319_c0_o,24.746279,23.516727,24.808252,24.615276,23.848043,0.0,0.0,0.0,0.0,0.0
545,rxn05238_d0_i,129.58542,127.935715,129.0701,128.886,128.18806,0.20684151493311456,0.0029478930232931227,0.05168236556424766,0.035701649188171446,0.004990875854476791
546,rxn05319_d0_i,298.20834,299.12753,297.83508,297.72235,298.67673,478.6384254538209,6.82152649835109,119.59478292063095,82.61485204774675,11.549059488346566
547,rxn05467_d0_i,179.74976,180.21559,180.41475,180.55757,180.44545,126.54484329179127,1.803509613600643,31.61907247387763,21.842131659287947,3.0533986520925387
548,rxn05468_d0_i,56.867016,64.324615,60.475456,60.577286,63.026287,0.0,0.0,0.0,0.0,0.0
549,rxn08730_d0_o,349.26932,348.2573,348.6736,347.97192,348.07343,449.38520125083136,6.404611279156786,112.28543872209946,77.56563188294683,10.843208874230212
550,rxn09118_d0_o,1.1284275,0.9293264,1.067741,1.0454899,0.9652572,1.4584978617078588,0.020786425164246374,0.36442693667097714,0.2517423981217217,0.03519207333284917
551,rxn09121_d0_o,337.1037,336.24014,337.43552,336.85654,336.5238,423.86334494094984,6.040875294232683,105.90843114645872,73.16046031523243,10.227392380816871
552,rxn09736_d0_o,16.136093,16.463203,16.164444,16.19578,16.360981,0.0,0.0,0.0,0.0,0.0
553,rxn09817_d0_o,20.42696,21.553183,20.603523,20.806156,21.217682,0.2890477580475574,0.004119491532550643,0.07222279290388453,0.04989076617321392,0.0069744290786919235
554,rxn09839_d0_o,30.676422,31.090498,30.851711,31.301147,31.17831,3.197292494293017,0.045567623310057766,0.7988901046258104,0.5518651080279245,0.07714742330439296
555,rxn10929_d0_i,7.282527,7.2698255,7.2276006,7.225061,7.2349615,0.0,0.0,0.0,0.0,0.0
556,rxn10967_d0_i,51.819843,52.31509,51.881035,52.149136,52.267937,10.029426841391407,0.14293879747944724,2.5059983948787248,1.7311180435202904,0.24199989191303362
557,rxn11013_d0_i,0.0,0.0,0.0,0.0,0.0,0.0,0.0,0.0,0.0,0.0
558,rxn13360_d0_o,3.157657,3.214555,3.071304,3.0655932,3.1413686,0.0,0.0,0.0,0.0,0.0
559,rxn13361_d0_i,13.990637,13.223778,13.728731,13.673347,13.413202,0.0,0.0,0.0,0.0,0.0
560,rxn13365_d0_o,27.657774,27.713036,27.746372,27.507025,27.659313,1.3418180327712248,0.01912351115110665,0.3352727817372994,0.23160300627198208,0.0323767074662213
561,rxn29240_d0_r,373.94,373.06558,373.83633,373.1239,373.08298,434.61433045174255,6.19409770314339,108.59472148582506,75.01612218880531,10.486802751191485
562,rxn29318_d0_i,57.132477,57.955074,57.63201,57.763546,57.93619,0.0,0.0,0.0,0.0,0.0
563,rxn29733_d0_i,4.621435,5.2892733,4.8385763,4.897527,5.146005,0.28904775804755745,0.004119491532550643,0.07222279290388453,0.04989076617321392,0.0069744290786919235
564,rxn29785_d0_i,45.891777,46.462345,45.694973,45.608013,46.073288,4.594798627238541,0.06548479796743563,1.148077369399638,0.7930800967736449,0.1108678281160503
565,rxn33186_d0_o,1.6050141,1.5684953,1.5229676,1.5162737,1.5526794,1.458497861707859,0.020786425164246385,0.36442693667097725,0.2517423981217218,0.035192073332849176
566,rxn39241_d0_o,13.730896,13.605147,13.629822,13.510778,13.565689,0.0,0.0,0.0,0.0,0.0
567,rxn39242_d0_o,3.8788004,3.7508638,3.9252112,3.975987,3.8358712,0.12993890040670023,0.0018518815146328594,0.032467127085232514,0.022427959105389764,0.003135293806017474
568,rxn_cpd00008_c0_o,390.66708,390.6114,390.66183,390.78848,390.68146,433.27251241897136,6.174974191992283,108.25944870408777,74.78451918253333,10.454426043725263
569,rxn_cpd00002_c0_o,16.76667,16.399628,16.315033,16.133154,16.26907,0.0,0.0,0.0,0.0,0.0
570,rxn_cpd00103_c0_i,5.069641,4.390194,4.86708,4.7936883,4.533514,0.0,0.0,0.0,0.0,0.0
571,rxn08217_c0_i,29.984238,29.883907,29.976086,29.775663,29.84653,1.307344446949039,0.01863219564722447,0.3266590541432582,0.22565273140728684,0.031544894823808504
