rxn_ID	v_Control	v_FeLim	v_FeEX	v_ZnLim	v_ZnEx
bio1_biomass	0.42123333	1.3672956	1.1817249	1.2083015	0.93405926
EX_cpd00001_e0_i	339.34393	300.79538	297.95636	298.3199	306.71585
EX_cpd00002_e0_i	360.23087	361.63968	359.56744	359.59155	357.29257
EX_cpd00007_e0_o	57.301807	2.4604568	1.2285689	1.0450362	4.0389633
EX_cpd00008_e0_o	369.67203	371.64398	369.78772	370.43567	366.2467
EX_cpd00009_e0_o	320.7032	324.8471	329.42963	326.0064	326.0742
EX_cpd00011_e0_i	79.1281	65.90199	67.95515	68.10143	66.294624
EX_cpd00013_e0_i	27.20147	19.13549	24.269436	25.468163	18.62734
EX_cpd00048_e0_i	0.26107025	0.26107022	0.26107025	0.2610397	0.2610397
EX_cpd00067_e0_o	351.58252	355.52176	358.14948	357.99487	357.1271
EX_cpd11632_e0_i	451.61285	16.471977	3.0285416	2.6542432	26.073326
rxn_cpd00002_c0_i	397.8203	398.8689	398.78842	398.73358	397.67105
rxn_cpd00002_c0_o	37.797836	37.437607	39.42937	39.350418	40.58687
rxn_cpd00008_c0_i	13.327879	12.005669	14.087426	13.5072975	16.27231
rxn_cpd00008_c0_o	382.79153	383.44128	383.66678	383.7346	382.31064
rxn_cpd00103_c0_i	0.61147386	0.9024019	0.93911827	1.0478054	0.80988616
rxn_cpd00103_c0_o	1.9595145	3.4792788	1.8967079	1.8207952	1.7004944
rxn00001_d0_f	30.192871	33.34253	33.871338	35.627563	35.9635
rxn00001_d0_r	0	0	0	0	0
rxn00018_d0	74.19452	69.563225	70.346466	69.89435	70.99153
rxn00048_d0	0	0	0	0	0
rxn00069_d0_f	26.878296	0.75357056	0	0	0
rxn00069_d0_r	0	6.6102295	7.9467773	7.451538	4.5250244
rxn00076_d0	0	0	0	0	0
rxn00077_d0	0	0	0	0	0
rxn00086_d0_f	0.0569458	0.18969727	0.25634766	0.24987793	0.2767334
rxn00086_d0_r	0.3408203	0	0.15576172	0.15930176	0.11578369
rxn00097_d0_f	34.115845	37.34436	37.439087	39.308838	39.799805
rxn00097_d0_r	1.1795654	0.8791504	0.22161865	0	0.3026123
rxn00102_d0_f	26.282837	32.6192	32.28369	32.5141	25.788208
rxn00102_d0_r	27.95874	31.941833	31.335999	31.672241	26.19458
rxn00117_d0_f	6.1778564	6.295349	6.1207275	6.1349487	6.426483
rxn00117_d0_r	2.6136475	0.6930542	0.8474121	1.1898193	2.99646
rxn00121_d0	19.331726	20.998413	21.95166	23.20816	26.477905
rxn00122_d0_f	18.644165	20.261597	21.312134	22.629517	25.792175
rxn00122_d0_r	0	0	0	0	0
rxn00124_d0	0	0	0	0	0
rxn00148_d0_f	3.7504883	5.649414	2.9170532	6.0064697	3.5282593
rxn00148_d0_r	8.435791	8.000061	8.000061	9.377319	8
rxn00151_d0	0	0.7237549	0	0	0
rxn00154_c0	0	3.6201315	3.732657	3.930033	5.088522
rxn00154_d0	1.5390387	0.9914017	0.39539146	0.26017094	1.1547279
rxn00161_d0	0	1.666769	0	1.4342642	0.7161436
rxn00175_d0	0.17822708	0	0	0	0
rxn00179_d0_f	10.816162	10.415894	10.295166	10.399658	9.121582
rxn00179_d0_r	9.806213	9.288208	8.992798	8.949341	8.5043335
rxn00187_d0	27.108702	19.169594	24.350826	25.497797	18.424934
rxn00191_d0_f	1.237915	0.9119873	1.0351562	0.67163086	0.60931396
rxn00191_d0_r	0.8442383	0	0.58740234	0.4638672	0.18109131
rxn00192_d0	0	0	0	0	0
rxn00208_d0	0	0.014598296	0	0	0
rxn00209_d0	0	0	0	0	0
rxn00211_d0_f	4.564087	4.550049	4.469116	4.4526367	4.6481934
rxn00211_d0_r	5.3966064	3.298462	3.4780273	3.5823975	3.6259766
rxn00213_d0_f	2.373413	5.256775	4.811035	4.331299	3.1239014
rxn00213_d0_r	0	0	0	0	0
rxn00237_d0_f	13.306885	11.021423	12.843384	13.5269165	11.095123
rxn00237_d0_r	7.9223633	5.126526	6.9535522	6.942871	6.2891235
rxn00239_d0_f	9.46875	8.762207	8.796936	8.791199	9.058716
rxn00239_d0_r	8.48877	7.903076	7.7991333	7.8447876	8.14978
rxn00248_d0_f	24.898071	21.931396	26.349731	25.85669	24.534485
rxn00248_d0_r	8.941406	3.0046387	6.4381104	6.199402	7.183716
rxn00257_c0_f	45.16681	43.487793	43.13513	43.237976	42.70172
rxn00257_c0_r	44.733276	46.570435	46.135742	46.480957	47.171204
rxn00260_d0_f	12.514282	17.77649	14.587891	9.153809	14.105469
rxn00260_d0_r	28.701904	32.483276	29.467163	24.088379	25.690857
rxn00272_d0_f	0.3869629	0.04272461	0	0.07299805	0.86309814
rxn00272_d0_r	1.5936279	0.9334717	0.8132324	0.74487305	1.0232544
rxn00275_d0_f	1.1724854	1.2064209	2.066162	1.9182129	1.6660156
rxn00275_d0_r	1.2595215	0.19348145	1.4638672	0.9436035	0
rxn00300_d0	0	0	0	0	0
rxn00313_d0	0.010202736	0	0.12976274	0.18596707	0.06287831
rxn00330_c0	0	0	0	0	0
rxn00333_d0	0	0	0	0	0
rxn00337_d0_f	17.100342	12.597961	13.242737	12.358459	11.201904
rxn00337_d0_r	12.257263	10.2453	10.472656	10.555908	10.708679
rxn00338_d0	0	0	0	0	0
rxn00361_d0	0	0	0	0	0
rxn00391_d0_f	22.625	27.615112	34.263855	26.259521	34.118713
rxn00391_d0_r	0	0	0	0	0
rxn00392_d0	22.447763	27.493568	34.10284	26.15147	33.949486
rxn00394_d0	0	0	0	0	0
rxn00409_d0_f	4.9727783	4.692566	4.5860596	4.623474	4.384857
rxn00409_d0_r	4.614624	4.4454956	4.37854	4.376892	4.238434
rxn00414_d0	0.82097214	0.7289907	0.85831535	0.9495954	0.632358
rxn00416_d0	0.1759951	0.21569282	0.15526769	0.122492306	0.100746594
rxn00420_d0_f	5.697632	6.1397705	8.031616	8.386108	7.628357
rxn00420_d0_r	0	0	0	0	0
rxn00459_d0_f	15.039185	14.655518	12.69458	12.476685	12.427368
rxn00459_d0_r	2.7866821	6.774658	1.3674316	4.253418	3.91156
rxn00493_d0_f	2.6224976	3.235962	2.734375	2.8945312	3.1993408
rxn00493_d0_r	2.300537	2.0772705	1.6363525	1.777832	2.3340454
rxn00495_c0	0	0	0	0	0
rxn00499_c0_f	19.212769	19.841919	19.677185	19.774658	19.723572
rxn00499_c0_r	19.402832	18.915894	19.190308	19.053345	19.131042
rxn00506_d0	0	0	0	0	0
rxn00527_d0_f	2.3409424	2.564087	2.125	2.2288818	2.7521973
rxn00527_d0_r	2.0358887	1.6258545	1.3212891	1.3280029	2.0513916
rxn00533_d0_f	9.917969	10.13269	8.200317	8.20697	8.720703
rxn00533_d0_r	9.714661	12.448486	10.66571	10.723694	10.041626
rxn00611_d0_f	1.0032349	0.82958984	1.1446533	1.156189	1.2351379
rxn00611_d0_r	1.0267334	0	0	0	0
rxn00689_d0	0	0	0	0	0
rxn00692_d0_f	0	0	0	0	0
rxn00692_d0_r	4.221924	4.599243	5.6053467	6.2650146	5.6396484
rxn00693_d0_f	7.4622803	6.6795654	7.5343018	6.849243	7.5407715
rxn00693_d0_r	10.04126	11.096558	11.277832	10.609314	11.081421
rxn00710_c0	0.19054186	0.5445048	0.24816439	0.24030218	0.23988557
rxn00711_d0	0	0	0	0	0
rxn00720_d0_f	0.13458252	0.26574707	0.45977783	0.23486328	0.40222168
rxn00720_d0_r	0.23150635	0	0	0.008422852	0
rxn00737_d0	0.20675054	0.12938976	0.38092625	0.32914764	0.055913836
rxn00747_d0_f	48.3938	45.46399	43.518066	44.17688	45.78784
rxn00747_d0_r	0	0	0	0	0
rxn00770_d0	4.158424	4.5857296	5.270752	5.3634987	4.5704474
rxn00777_d0_f	22.100708	21.125427	20.931152	20.60962	21.904297
rxn00777_d0_r	0	2.022705	2.0131836	1.6494141	1.564331
rxn00781_d0_f	0	0	0	0	0
rxn00781_d0_r	60.050537	59.80188	59.879944	60.1651	59.83081
rxn00782_d0_f	0	0	0	0	0
rxn00782_d0_r	65.75403	59.350464	55.397583	56.24524	59.742065
rxn00789_d0	0	0.10411217	0	0	0
rxn00790_d0	1.952961	0.5122813	3.8397691	4.313393	3.3223436
rxn00791_d0	0	0.11205596	0	0	0
rxn00799_c0_f	33.040344	32.765625	32.390076	32.384155	32.6073
rxn00799_c0_r	48.161743	51.811646	50.497803	51.947998	49.035767
rxn00800_d0_f	11.283813	9.65979	9.867737	10.19458	9.136688
rxn00800_d0_r	4.047119	1.3640137	1.5895996	1.1325073	2.1358337
rxn00802_d0_f	5.859131	9.232666	8.828735	6.078247	5.904541
rxn00802_d0_r	4.909668	7.1850586	7.404907	4.8153076	4.911621
rxn00830_d0_f	0	0	0	0	0
rxn00830_d0_r	0	0	0	0	0
rxn00832_d0_f	0.25561523	0	0	0	0
rxn00832_d0_r	4.8568115	4.744812	4.541504	5.0439453	4.2819824
rxn00834_d0_f	2.0656738	2.2836914	1.9311523	2.1759033	2.005005
rxn00834_d0_r	1.9853516	1.6868896	1.5253906	1.8865967	1.1386719
rxn00838_d0	4.4531913	5.027418	4.9492345	5.673032	4.014607
rxn00839_d0_f	4.8847656	4.6452026	4.6175537	4.592224	4.1686707
rxn00839_d0_r	4.4433594	4.2073364	4.1759033	4.15448	3.83255
rxn00863_d0_f	4.4588623	3.0437012	3.4265747	4.037964	4.104248
rxn00863_d0_r	5.192383	2.3328857	2.3067627	3.5637207	3.2318726
rxn00899_d0	0	0	0	0	0
rxn00907_d0_f	17.899292	20.416626	15.447632	21.115723	21.13855
rxn00907_d0_r	8.308228	4.963623	0	4.0788574	6.579773
rxn00917_d0	0	0	0	0	0
rxn00929_d0_f	4.0004883	4.0963135	3.651245	3.9246826	4.2435303
rxn00929_d0_r	2.0142822	4.557251	4.125122	4.1922607	4.243286
rxn00931_d0_f	0.44885254	1.0383301	1.0343018	1.0914307	0.7076416
rxn00931_d0_r	2.7592773	0.23864746	0.49719238	0.76501465	0.71276855
rxn00947_d0	0	0	0	0	0
rxn00974_d0_f	11.064209	13.170624	11.808838	11.837402	13.00354
rxn00974_d0_r	12.008728	10.859741	11.190918	11.085815	10.662231
rxn00980_d0_f	1.1508789	1.5469971	1.3900146	1.3874512	1.5229492
rxn00980_d0_r	1.0631104	1.0682373	0.9876709	0.98291016	1.1142578
rxn01000_d0	0.01701951	0	0	0	0
rxn01007_d0	0	0.2941017	0.19743101	0.17714013	0.20292386
rxn01011_d0_f	0.37542725	1.1274414	1.0020752	1.0002441	1.2357178
rxn01011_d0_r	0.45513916	0.7052002	0.6483154	0.61535645	0.8453369
rxn01018_d0_f	2.5274658	1.2821045	1.59021	1.4655762	1.6707153
rxn01018_d0_r	1.0998535	0	0	0	0.01965332
rxn01019_d0_f	0.50268555	1.081665	0.30187988	0.557251	0.73565674
rxn01019_d0_r	0.85998535	1.7565918	1.4759521	1.586792	1.888855
rxn01069_d0_f	0.66589355	1.852478	1.6693115	1.6914062	1.5091553
rxn01069_d0_r	0.30340576	0.9526367	0.522583	0.746521	1.1796875
rxn01100_d0_f	127.208374	120.95874	116.97864	118.059326	121.64392
rxn01100_d0_r	0.11956787	0.3340454	0.42279053	0.16400146	0.72906494
rxn01101_d0_f	11.602905	13.200562	14.423706	14.365295	14.017273
rxn01101_d0_r	3.7843628	3.788269	3.2461548	2.3431396	3.0610352
rxn01102_d0	0	0	0	0	0
rxn01106_d0_f	5.3912964	9.852844	4.5270996	8.296143	6.858032
rxn01106_d0_r	18.468262	18.75653	17.088745	17.55487	16.672852
rxn01111_d0	74.4496	70.61878	70.82271	70.4607	71.81721
rxn01115_d0	0	3.5980167	4.536983	3.9062617	3.125767
rxn01116_d0_f	0	1.2901611	1.2980957	0.80981445	0.8605957
rxn01116_d0_r	52.23181	49.31714	48.798462	48.568787	49.499084
rxn01200_d0_f	24.96045	23.576477	23.898132	23.82727	24.753784
rxn01200_d0_r	0	0.4724121	0.57281494	0.35913086	0.4260254
rxn01207_d0	0	0.38060004	0.29097486	0.26439703	0.5912571
rxn01208_d0	0	0.051246658	0.12142976	0.03157192	0.25088656
rxn01211_d0_f	9.145142	10.584595	10.998047	12.022461	11.257935
rxn01211_d0_r	1.5043945	0	0	0	0.64019775
rxn01249_d0_f	0.13458252	0.47406006	0.45977783	0.23474121	0.4022827
rxn01249_d0_r	0.23150635	0	0	0.008300781	0
rxn01255_d0	2.3195837	1.4970169	1.7928227	0.6588447	1.0733873
rxn01256_d0	0.8642144	0	0	0	0
rxn01257_d0_f	4.064331	2.473755	2.44458	2.3729248	2.4084473
rxn01257_d0_r	4.230835	2.6507568	2.206787	2.5267334	2.7180176
rxn01258_d0_f	3.014038	2.940979	2.22937	2.0996094	2.5785522
rxn01258_d0_r	1.9632568	1.5835571	1.1326904	1.3452148	1.44281
rxn01301_d0_f	5.4727783	5.3568115	4.6749268	5.0126953	5.163513
rxn01301_d0_r	4.1065674	5.3460693	5.3060303	5.076416	4.9138794
rxn01302_d0_f	1.0549316	1.8909912	2.5733643	2.397705	2.553894
rxn01302_d0_r	4.4953613	2.7386475	2.8580322	2.9316406	2.225891
rxn01332_d0	3.3285754	3.1943533	2.7010808	2.516853	1.4756699
rxn01334_d0_f	0	0	0	0	0
rxn01334_d0_r	26.678345	26.900269	25.780334	26.144897	27.565186
rxn01345_d0_f	27.074463	27.937256	27.097046	27.326538	28.608887
rxn01345_d0_r	0	0.033569336	0.14941406	0.08068848	0.11755371
rxn01353_d0_f	4.8847656	4.6452026	4.6175537	4.592224	4.1686707
rxn01353_d0_r	4.4433594	4.2073364	4.1759033	4.15448	3.83255
rxn01361_c0_f	14.089932	15.227132	15.12812	15.119487	15.148574
rxn01361_c0_r	13.083671	13.033965	13.31662	13.372338	13.413194
rxn01362_c0	0.49019852	1.296053	0.48378682	0.4950604	0.5327059
rxn01396_d0	0	0	0	0	0
rxn01434_d0	0.3457043	0.5635103	0.26767445	0.34251812	0.08607121
rxn01465_d0_f	4.3311768	2.0496826	1.9494629	2.0715332	3.156311
rxn01465_d0_r	5.850586	3.9001465	4.000122	4.000366	4.9855957
rxn01476_d0_f	4.2318115	2.7470703	3.4082031	2.9466553	2.9534912
rxn01476_d0_r	4.6916504	0.008483887	0	0	0.5788574
rxn01486_d0	0	0	0	0	0
rxn01512_d0_f	4.8847656	4.6452026	4.6175537	4.592224	4.1686707
rxn01512_d0_r	4.4433594	4.2073364	4.1759033	4.15448	3.83255
rxn01539_d0_f	0.9552801	0.8754993	0.8003001	0.8384754	0.9486643
rxn01539_d0_r	0.8708176	0.85038644	0.78794813	0.82693845	0.90310365
rxn01611_c0	0	0	0	0	0
rxn01636_d0_f	2.3615723	0.6479492	0	0.04248047	0.44702148
rxn01636_d0_r	2.2288818	2.100586	2.197754	2.1645508	2.091919
rxn01637_d0_f	2.352295	2.5985718	3.2645264	3.244751	2.6778564
rxn01637_d0_r	2.593628	0	0	0	0
rxn01643_d0_f	9.561096	9.461853	16.110474	9.743591	9.890869
rxn01643_d0_r	13.085815	10.519409	17.618896	10.433899	9.370789
rxn01644_d0	0.30170575	0	0.000982791	0	0
rxn01652_d0_f	2.697998	3.2037354	3.2635498	3.1922607	3.0124512
rxn01652_d0_r	1.4813232	0.21716309	0.5843506	0.19787598	0.5786133
rxn01673_d0_f	4.8847656	4.6452026	4.6175537	4.592224	4.1686707
rxn01673_d0_r	4.4433594	4.2073364	4.1759033	4.15448	3.83255
rxn01678_d0_f	4.8847656	4.6452026	4.6175537	4.592224	4.1686707
rxn01678_d0_r	4.4433594	4.2073364	4.1759033	4.15448	3.83255
rxn01739_d0	3.3285754	1.8928218	1.8297567	0.5481601	1.0231326
rxn01740_d0_f	0.3885498	2.2983398	2.338379	2.8330078	2.6185913
rxn01740_d0_r	3.6154785	3.5627441	3.2415771	2.5892944	2.7149658
rxn01807_d0	0	0	0	0	0
rxn01827_d0	0	0	0	0	0
rxn01917_d0_f	8.560791	6.7249756	4.0685425	4.015991	6.8134766
rxn01917_d0_r	8	8.196655	6.538391	6.409424	8.39563
rxn01974_d0_f	1.0582275	1.2596436	0.5506592	1.0113525	1.3856812
rxn01974_d0_r	1.0648804	1.2992554	0.42041016	0.7062988	1.3345337
rxn01975_d0_f	2.3167725	1.9313965	2.5460205	2.1903687	1.8683472
rxn01975_d0_r	2.8925781	0	0	0	0
rxn02159_d0_f	4.0463867	2.1765137	3.3538208	2.9471436	3.2474365
rxn02159_d0_r	5.265625	1.6131592	2.17688	2.6652832	2.4215698
rxn02212_d0	2.965068	2.2684586	1.8368409	1.3318679	0.7190523
rxn02213_d0	2.9873743	1.6414926	1.2451324	0.41947675	0.28959513
rxn02251_d0	0	0.41382122	0	0	0.16534606
rxn02305_d0	0	0	0	0	0
rxn02320_d0_f	3.2630615	2.7721558	2.8461304	3.1085205	3.2391968
rxn02320_d0_r	2.3328857	2.0864258	2.4407349	2.1499023	2.591858
rxn02373_d0_f	9.590271	9.126831	8.8272705	8.830933	7.185852
rxn02373_d0_r	10.139038	9.235962	9.086182	9.190918	6.876953
rxn02374_d0	0.25733408	0	0	0	0
rxn02380_d0_f	1.401123	0	0	0	0
rxn02380_d0_r	0.9046631	0.7571411	0.8562012	0.67822266	0.72558594
rxn02402_d0	0	0	0	0	0
rxn02465_d0_f	4.149764	4.790589	5.25806	5.234289	4.9066005
rxn02465_d0_r	4.2559004	2.0074933	1.6330063	1.6939907	2.0880864
rxn02473_d0	0	0	0	0	0
rxn02474_d0_f	1.3861084	1.5604858	1.5333252	1.5576172	1.7127075
rxn02474_d0_r	1.2572021	0.53167725	0.5119629	0.5687256	0.7959595
rxn02475_d0	0	0	0	0	0
rxn02476_d0_f	9.794189	9.966309	9.37854	8.554443	9.820801
rxn02476_d0_r	6.5177	7.9282227	6.914551	7.565979	8.19458
rxn02484_d0	0	0	0	0	0
rxn02507_d0	0	0	0	0.006236732	0.002096344
rxn02789_d0_f	0.66430664	0.4204712	0.49804688	0.4276123	0.36553955
rxn02789_d0_r	0.68969727	0.059661865	0.5961914	0.5213623	0.12664795
rxn02811_d0_f	1.3359375	0.17642212	0.32128906	0.35437012	0.62994385
rxn02811_d0_r	1.1799316	0.8823242	0.6591797	0.71325684	1.3237915
rxn02832_d0	0	0.073501974	0	0	0.023945153
rxn02834_d0	0	0.104996115	0	0.08126069	0
rxn02835_d0_f	0.7907715	1.2375488	1.500061	1.2548828	1.206543
rxn02835_d0_r	0.3798828	0.41210938	0.8607788	0.2857666	0.58618164
rxn02895_d0	2.5553887	2.5951867	4.0004826	4.4774384	3.7317982
rxn02914_d0_f	0.5199585	0.44592285	0.7293701	0	0.190979
rxn02914_d0_r	7.434082	7.9278564	10.029236	9.919189	9.232483
rxn02928_d0_f	0.051513672	0.0647583	0	0	0.21154785
rxn02928_d0_r	1.4604492	2.4170532	0.4173584	0.6307373	2.279541
rxn02929_d0_f	1.7321777	3.0095825	0.7105713	0.7967529	2.8063354
rxn02929_d0_r	0.7467041	0.016723633	0	0	0.15133667
rxn02937_d0	3.676467	4.6021876	4.616072	5.2261	3.718807
rxn02938_d0_f	16.34259	18.686401	16.002747	8.712524	16.077759
rxn02938_d0_r	20.592896	23.721802	20.749756	14.03186	20.579468
rxn02988_d0_f	4.680176	2.5177612	2.1225586	2.1513062	2.7974854
rxn02988_d0_r	4.3640137	1.621521	1.2039795	1.2317505	1.932251
rxn03004_d0	2.736577	4.5977793	4.126546	4.601766	4.2020535
rxn03062_d0_f	1.0377197	0.7626953	0.6191406	0.6326904	1.069397
rxn03062_d0_r	1.21875	0.16760254	0.2746582	0.27648926	0.2876587
rxn03080_d0_f	2.4301758	1.6712646	1.3682861	1.3597412	1.9071655
rxn03080_d0_r	2.9969482	2.52771	2.119751	2.2442627	2.6497192
rxn03084_d0	3.077942	4.9385905	4.607552	4.864065	4.145852
rxn03108_d0_f	5.591797	4.7338257	4.794861	4.8013306	4.7925415
rxn03108_d0_r	5.0356445	4.1707153	4.191345	4.216736	4.2283325
rxn03135_d0	0	0.12876517	0	0.06393504	0
rxn03136_d0_f	9.236694	9.583984	9.69342	10.052612	9.44693
rxn03136_d0_r	4.4871216	4.4119873	4.5095215	4.3396606	4.029419
rxn03137_d0	4.493745	4.383792	4.683047	5.077495	4.6520214
rxn03147_d0	4.4683833	4.715276	4.656282	5.1764913	5.020331
rxn03175_d0_f	1.6474609	1.4212646	1.7295532	1.7473755	1.5901489
rxn03175_d0_r	1.1621094	0.5397949	1.1155396	0.9694214	1.0009155
rxn03891_d0	0	0	0	0	0
rxn03892_d0	0	0	0	0	0
rxn03907_d0_f	1.0550537	0.84729004	0.6802368	0.836792	0.9226074
rxn03907_d0_r	1.2213135	1.2286377	1.1482544	1.2189941	1.3037109
rxn03908_d0	0	0	0	0	0
rxn03909_d0	0	0	0	0	0
rxn03910_d0	0	0	0	0	0
rxn03958_d0_f	0.57421875	0.7687378	0.6936035	0.69317627	0.6118164
rxn03958_d0_r	0.5880127	0	0	0.06732178	0.022521973
rxn03983_d0	0.24513634	0	0	0	0
rxn04113_d0	0	0	0	0	0
rxn04954_c0_f	25.051514	32.9364	32.815918	28.485474	27.146545
rxn04954_c0_r	19.922363	22.756104	23.533203	18.748108	18.86377
rxn04996_d0	0	0	0	0	0
rxn05023_d0	0.18201701	0.5478238	0.55061156	0.58809805	0.5186563
rxn05024_d0	0	0	0	0	0
rxn05039_d0_f	1.5689874	1.0719134	0.97785664	1.0039431	1.2777599
rxn05039_d0_r	2.0014927	2.0398567	1.8766341	1.9523684	2.1532202
rxn05040_d0	0	0	0	0	0
rxn05104_d0	0	0	0	0	0
rxn05105_d0	0	0	0	0	0
rxn05106_d0_f	1.1514893	1.5029297	1.3900146	1.3873291	1.5040283
rxn05106_d0_r	1.0638428	1.1123047	0.9876709	0.9827881	1.1334229
rxn05238_c0_i	154.48051	154.46814	154.4795	154.47961	154.47229
rxn05238_c0_o	154.21965	154.20728	154.21864	154.21878	154.21146
rxn05238_d0_i	70.970314	70.92668	70.96753	70.96775	70.94214
rxn05238_d0_o	70.81384	70.77021	70.81105	70.811295	70.785675
rxn05287_d0	0	0	0	0	0
rxn05319_c0_i	351.25992	334.73972	332.81305	332.66116	337.169
rxn05319_c0_o	12.124379	34.152725	35.06508	34.549667	30.661537
rxn05319_d0_i	325.2167	303.6533	300.91928	299.96375	308.60968
rxn05319_d0_o	1.4174782	22.346756	21.513475	21.650549	18.752079
rxn05324_d0	0.39889872	0	0	0	0
rxn05325_d0	1.4526224	0	5.48E-06	0.03786707	0
rxn05326_d0	0.9385786	0	0	0	0
rxn05330_d0_f	1.0083008	0.8220215	0.7683716	0.2705078	0.5977173
rxn05330_d0_r	0.7600708	1.5050659	1.5386963	1.2803955	1.3884888
rxn05331_d0_f	1.5048828	1.5705566	0.74591064	0.55371094	0.7908325
rxn05331_d0_r	1.1760864	2.3519897	1.6246338	1.4737549	1.6762085
rxn05335_d0_f	0.7213135	0.7988281	0.93621826	0	1.3356323
rxn05335_d0_r	4.0099487	6.664978	6.6397705	5.6593018	6.044861
rxn05337_d0_f	1.3601685	1.8165283	1.8847656	1.7750244	1.861145
rxn05337_d0_r	1.3369141	1.1148682	1.008606	0.8360596	0.93115234
rxn05338_d0	1.15737	0	0	0	0
rxn05340_d0_f	1.0769653	1.6303711	1.7475586	1.3897705	1.5466919
rxn05340_d0_r	1.2348633	0.73254395	0.65460205	0.44189453	0.42749023
rxn05342_d0_f	3.081482	4.535034	4.5004883	4.538086	4.2512817
rxn05342_d0_r	1.0531006	0.8060303	0.7324829	0.861084	1.0910645
rxn05343_d0	1.7116687	1.3089987	1.3464093	1.3643649	1.1989635
rxn05345_d0	0	0	0	0	0
rxn05346_d0	0.47340834	0.8718144	0.8505704	0.8264947	0.54161465
rxn05348_d0	0.7552184	0.57758605	0.52527475	0.70543367	0.25756705
rxn05350_d0	1.7116767	1.3082501	1.479914	1.3643649	1.2488122
rxn05465_d0_f	4.3671875	4.5195923	4.44812	4.3792114	4.581299
rxn05465_d0_r	2.3215942	3.265503	3.3238525	3.1082153	3.3571777
rxn05467_c0_i	199.2863	193.92693	194.91844	194.96574	194.12936
rxn05467_c0_o	120.2103	128.07703	127.01539	126.916405	127.88683
rxn05467_d0_i	157.43892	155.74869	156.39687	156.7049	156.35951
rxn05467_d0_o	78.276566	85.89043	84.6172	84.58942	84.89277
rxn05468_c0_i	130.53993	154.33868	154.8187	154.90118	153.64125
rxn05468_c0_o	187.81569	156.79752	156.04645	155.9454	157.67696
rxn05468_d0_i	69.879845	82.35565	82.55399	82.653404	81.83395
rxn05468_d0_o	127.02538	84.70868	83.676765	83.59264	85.762215
rxn05736_d0	0	0	0	0	0
rxn06556_d0	0.4080645	0.83557355	0.6870097	0.70332247	0.62502223
rxn07441_d0_f	2.1187134	2.8725586	1.4580688	2.109192	2.916687
rxn07441_d0_r	2.5046387	2.3758545	1.2817993	2.116211	2.5880737
rxn07579_d0	0	0	0	0	0
rxn08217_c0_i	21.87812	23.792095	23.380661	23.468813	24.162268
rxn08217_c0_o	22.576393	21.11073	21.585766	21.485891	20.769453
rxn08352_d0	0	0	0	0	0
rxn08392_d0_f	3.6507568	0.7947998	0.803833	0.78393555	2.7323608
rxn08392_d0_r	7.788147	8.794434	8.623169	8.684692	8.869324
rxn08436_d0_f	8.831299	9.416931	9.497131	9.492615	9.437744
rxn08436_d0_r	8.955933	9.433655	9.715027	9.643372	9.4747925
rxn08730_c0_i	4.1935215	1.4681497	0.22044879	0.25043678	0.25901282
rxn08730_c0_o	355.72815	356.79053	358.35785	358.20325	357.33548
rxn08730_d0_i	0	0	0	0	0
rxn08730_d0_o	346.24475	343.2643	348.12003	347.1971	347.8575
rxn08756_d0	0	0	0	0	0
rxn08766_d0	0.9563329	2.5883512	1.8974512	1.9136817	1.7738154
rxn09118_d0_i	0.8730939	1.2352217	1.0821003	1.1248127	1.2173983
rxn09118_d0_o	0.71958905	0.60508263	0.4892635	0.5215525	0.7499869
rxn09121_c0_i	16.070843	14.639544	11.688598	14.0475645	12.885518
rxn09121_c0_o	336.98242	339.59964	341.2012	340.135	339.0848
rxn09121_d0_i	0	0	0	0	0
rxn09121_d0_o	320.68164	328.14923	332.58923	329.40497	330.78735
rxn09444_d0	0	0	0	0	0
rxn09449_d0	0	0	0	0	0
rxn09453_d0	0	0	0	0	0
rxn09736_c0_i	169.35756	165.09895	168.0416	168.54921	164.79074
rxn09736_c0_o	142.16911	145.97649	143.78519	143.09407	146.17642
rxn09736_d0_i	91.9382	86.082375	91.54162	91.428406	85.41101
rxn09736_d0_o	64.86696	67.009926	67.40243	66.09047	66.913895
rxn09817_d0_i	5.213933	6.2424173	6.278636	6.3401904	6.4171977
rxn09817_d0_o	6.4783955	8.262606	8.211344	8.17981	8.201158
rxn09839_d0_i	0.095179155	0.016615305	0.2641357	0.18486983	0.21964031
rxn09839_d0_o	0.65501904	0.968465	0.97179765	1.0081629	1.1327771
rxn10929_d0_i	12.617322	12.190643	11.675219	11.666465	11.136229
rxn10929_d0_o	13.036029	15.042358	15.283806	15.201972	15.828327
rxn10967_d0_i	27.28573	29.253092	29.195019	29.554775	28.049782
rxn10967_d0_o	11.73565	9.411279	10.160115	9.207687	10.783113
rxn11013_d0_i	17.048065	15.890194	16.506811	15.7337	17.220678
rxn11013_d0_o	31.08314	33.174152	33.010117	33.53322	32.147064
rxn11040_d0	0	0	0	0	0
rxn11700_d0	0.06049135	0.053239524	0.059502386	0.058009427	0.059695303
rxn11702_d0	0.38317126	1.3251947	1.1290486	0.81996113	1.3245096
rxn11703_d0	0.07963077	0.61708534	0.37996393	0.24328083	0.5731264
rxn12282_d0	0	0	0	0	0
rxn13360_d0_i	0.87962747	0.41703227	0.3418981	0.38671315	0.4204489
rxn13360_d0_o	1.0555516	1.0047793	1.0501854	1.0260111	1.0177517
rxn13361_d0_i	24.99502	17.460009	18.33306	17.846199	17.72365
rxn13361_d0_o	31.066042	34.917267	34.250854	34.558617	33.997566
rxn13365_d0_i	23.258512	21.270517	21.063133	21.081156	20.556932
rxn13365_d0_o	22.912195	24.863562	25.028145	25.011759	25.632502
rxn14012_d0	0	0	0	0	0
rxn14085_d0	0	0	0	0	0
rxn14094_d0	0	0	0	0	0
rxn14142_d0	0	0	0	0	0
rxn14261_d0	0	0	0	0	0
rxn15021_d0	0.60383	0	0.3148859	0.18301308	0
rxn15022_d0	0	2.3405101	0.9206401	0.9348428	1.6578327
rxn15069_d0	4.1293335	5.234619	4.8860474	4.680847	3.0980225
rxn15116_d0_f	0	0.05834961	0	0	0
rxn15116_d0_r	21.964233	20.930908	20.454163	20.764526	20.842041
rxn15166_d0	0	0	0	0	0
rxn15250_d0_f	0	0	0.66015625	0.8230591	2.0042725
rxn15250_d0_r	3.3677979	2.4417725	3.1538696	3	3.105774
rxn15271_d0_f	26.888306	25.028015	24.035706	24.084595	24.180664
rxn15271_d0_r	0	0.41375732	0.14550781	0.046020508	0
rxn15280_d0_f	6.3182373	5.0365295	8.296631	8.2578125	4.9987183
rxn15280_d0_r	5.7297363	7.3215027	8.7229	8.760986	6.8658447
rxn15298_d0_f	0	0	0	0	0.18933105
rxn15298_d0_r	8.448853	6.0828857	5.291748	5.378296	5.5687256
rxn15364_d0_f	1.5665894	0.19390869	0	0	0.99450684
rxn15364_d0_r	0	2.4696655	2.1501465	2.1159668	2.9726562
rxn15435_d0	0	0	0	0	0
rxn15493_d0	16.237183	29.039062	20.081177	20.300842	21.606934
rxn15494_d0_f	29.67163	44.139954	36.020508	36.30127	37.603516
rxn15494_d0_r	0	0	0	0	0
rxn17196_d0	62.933105	7.286621	5.3899536	3.6454468	10.350647
rxn17469_d0	0	0	0	0	0
rxn17744_d0_f	17.123291	22.104736	19.733032	19.59851	19.63977
rxn17744_d0_r	17.675903	23.016846	20.093384	20.040405	20.140747
rxn17803_d0_f	8.332642	11.828491	11.869507	10.275391	10.233826
rxn17803_d0_r	8.085022	11.658569	11.647095	9.788147	9.775391
rxn18935_d0	0.07155955	0.04457152	0	0	0
rxn18936_d0_f	2.8179932	1.2182617	1.1466675	1.1816406	1.717102
rxn18936_d0_r	1.5419312	1.5390015	1.4315186	1.397583	2.003357
rxn18937_d0_f	5.845093	3.3120117	3.538391	0	4.80072
rxn18937_d0_r	10.727234	11.88739	12.03894	8.47876	11.644104
rxn19027_d0_f	0.20404053	0.26574707	0.4413452	0.43475342	0.40075684
rxn19027_d0_r	0.37329102	0	0.002319336	0	0
rxn19029_d0_f	0.1237793	0.265625	0.45977783	0.43475342	0.4022827
rxn19029_d0_r	0.24121094	0	0	0	0
rxn19030_d0	0.26084968	0	0.15310827	0.08928177	0
rxn19071_d0	0	0	0	0	0
rxn19240_d0_f	9.202332	8.948242	9.32312	9.197632	9.64502
rxn19240_d0_r	9.656494	9.188599	9.250366	9.231445	9.8811035
rxn19241_d0_f	2.2185059	2.56781	2.0923462	2.2092285	2.4204102
rxn19241_d0_r	2.008667	1.9278564	1.68396	1.7009277	1.564209
rxn19242_d0_f	1.5581665	2.6420288	2.1799927	2.29187	2.488037
rxn19242_d0_r	1.2554932	1.8167725	1.6689453	1.6630859	1.5024414
rxn19246_d0	0	0	0	0	0
rxn19253_d0	0.046528816	0	0	0	0
rxn19343_d0_f	2.2666016	0.95251465	0.44848633	0.8065796	0.970459
rxn19343_d0_r	2.022461	1.1445312	0.7081299	1.0146484	1.157898
rxn19345_d0	0.24513634	0	0	0	0
rxn19544_d0	0	0	0	0	0
rxn19545_d0	0	0	0	0	0
rxn19686_d0_f	2.8779297	1.0383301	1.0006714	0.9926758	1.380188
rxn19686_d0_r	2.065857	1.6525269	1.6065674	1.5186768	2.0873413
rxn19701_d0	0	0	0	0	0
rxn19828_d0_f	0	13.18396	18.04248	16.598633	14.921509
rxn19828_d0_r	48.930786	19.777832	24.661133	24.34253	20.665283
rxn19900_d0_f	5.70105	6.1073	6.123657	6.152588	6.039795
rxn19900_d0_r	4.323242	3.7423096	4.066284	4.199829	4.0751953
rxn19905_d0	0.7165513	0.98238415	0.7345127	0.8422478	0
rxn20583_d0_f	0	0	0	0	0
rxn20583_d0_r	1.87854	4.8814087	4.517456	4.102173	2.8928223
rxn20595_d0	112.68436	4.4494004	1.1327171	0.9968271	6.8069415
rxn20632_d0	56.50052	1.743314	0	0	2.9514856
rxn20643_d0_f	2.6158447	2.5200195	2.4451904	2.4442139	2.4901123
rxn20643_d0_r	2.5286865	2.2442627	2.293335	2.2564697	2.3847656
rxn23155_d0_f	0	0	0	0	0
rxn23155_d0_r	0	0	0	0	0
rxn23415_d0_f	1.167043	0.70272094	0.78537697	0.7769465	0.755387
rxn23415_d0_r	1.0953147	0.7150151	0.69923675	0.7237188	0.684688
rxn23805_d0	0	0	0	0	0
rxn24109_d0	0.15399584	0.15578629	0.14413585	0.14252327	0.114954956
rxn24310_d0	0	0	0	0	0
rxn24312_d0	0	0	0	0	0
rxn24330_d0_f	8.4436035	4.2931824	5.290344	5.675171	4.350403
rxn24330_d0_r	8.338257	4.5157776	5.4973755	5.6817627	4.6412354
rxn24358_d0	0	0	0	0	0
rxn24360_d0	0	0	0	0	0
rxn24362_d0_f	0.23150635	0	0	0	0
rxn24362_d0_r	0.13458252	0.47399902	0.4597168	0.43469238	0.40222168
rxn24508_d0_f	21.995361	32.26129	32.41339	32.536743	33.330566
rxn24508_d0_r	22.458069	33.142517	33.37909	33.31891	34.3136
rxn25637_d0_f	1.1016846	0.61694336	0.821228	0.84265137	0.513916
rxn25637_d0_r	0.8999634	0.10803223	0.67871094	0.6628418	0.3477173
rxn25641_d0_f	0	0.6960449	0.78930664	0.7044678	0.65618896
rxn25641_d0_r	1.545044	0.7194824	0.8843384	0.8441162	0.7352295
rxn25647_d0_f	9.418213	8.531921	8.725586	8.752319	9.238892
rxn25647_d0_r	13.605774	15.359436	15.250366	15.242493	14.432007
rxn25649_d0_f	12.661316	12.274536	12.348389	12.361328	12.116882
rxn25649_d0_r	7.812622	3.7641602	4.0042114	4.0811768	5.3624268
rxn25661_d0_f	0.13458252	0.47399902	0.45977783	0.43469238	0.40222168
rxn25661_d0_r	0.23150635	0	0	0	0
rxn25662_d0	0	0	0	0	0
rxn25716_d0_f	10.517578	11.480225	12.048035	11.713867	13.007019
rxn25716_d0_r	13.285706	16.927856	17.073914	16.980103	16.948608
rxn25718_d0_f	10.486023	11.953857	11.978882	11.95343	11.846191
rxn25718_d0_r	8.009033	7.02063	7.2979126	7.0217285	8.0177
rxn25719_d0_f	2.6351318	2.6848145	3.0199585	0.71875	3.0465698
rxn25719_d0_r	4.1904907	5.484314	5.6932983	3.7250977	5.2871094
rxn25743_d0_f	1.251831	0.8018799	0.98864746	1.0012207	0.5765991
rxn25743_d0_r	1.0940552	0.9733887	1.1029053	1.105835	0.9602661
rxn25747_d0_f	1.5354614	1.1706543	1.1136475	1.0460205	1.3331909
rxn25747_d0_r	2.0750732	0.6068115	0.5662842	0.70751953	0.5708618
rxn25750_d0_f	6.955017	7.74292	7.779907	7.852661	7.8134155
rxn25750_d0_r	3.0388184	0.4041748	0.80529785	0.8782959	2.2070923
rxn25762_d0	0	0	0	0	0
rxn26013_d0_f	2.0181885	1.2907104	1.4748535	1.3674927	1.3168945
rxn26013_d0_r	1.5666504	0.77441406	0.7331543	0.66223145	0.6536865
rxn26037_d0_f	0.5765381	0.16235352	0	0	0.1885376
rxn26037_d0_r	0.79577637	0	0	0	0.1428833
rxn26477_d0	0	0	0	0	0
rxn26754_d0	225.32068	9.3685	2.921112	2.546814	14.137161
rxn27029_d0	0	0	0	0	0
rxn27030_d0	0	0	0	0	0
rxn27259_d0	0	0	0	0	0
rxn27266_d0_f	9.968933	8.491486	8.563721	8.328369	8.249939
rxn27266_d0_r	10.317383	5.6383514	5.2921143	5.161743	5.4783325
rxn27318_d0	0	0	0	0	0
rxn27497_d0	0.3179092	0.47153506	0.5468033	0.5346452	0.4349934
rxn27709_d0	0	0.07524946	0.05966741	0	0.020358078
rxn27927_d0_f	2.2580566	0	2.6121826	2.156311	2.5361328
rxn27927_d0_r	3.6260986	0	2.0792236	2.3491821	2.4985962
rxn28082_d0_f	0	0	0	0	0
rxn28082_d0_r	0	0	0	0	0
rxn28083_d0_f	2.222046	1.362793	0.98413086	1.7857666	1.5908203
rxn28083_d0_r	1.9439087	2.178711	1.8330078	2.3677979	2.4074707
rxn28487_d0_f	4.673706	5.9334717	5.8570557	5.760254	5.687683
rxn28487_d0_r	4.0284424	4.359497	4.460083	4.622925	4.7804565
rxn28615_d0_f	1.0545654	1.3184204	1.1903076	1.3776855	1.4226074
rxn28615_d0_r	1.0841064	1.1199951	1.0910645	1.0686646	1.1688232
rxn29240_d0_f	10.203414	6.923741	9.379447	8.839979	9.893459
rxn29240_d0_r	379.01172	381.2271	381.7365	382.09537	380.17987
rxn29318_d0_i	29.78771	30.572557	30.187944	29.801817	30.901445
rxn29318_d0_o	39.24151	40.596436	40.420174	40.665516	39.868637
rxn29733_d0_i	1.5706668	1.5859911	1.758691	1.7509279	1.3944826
rxn29733_d0_o	2.2060685	1.0444496	2.1864579	2.0982833	1.8585505
rxn29785_d0_i	31.066025	34.91726	34.25086	34.558613	33.997566
rxn29785_d0_o	24.995003	17.460001	18.333061	17.846195	17.72365
rxn29919_d0_f	4.6828613	5.6073	5.4362183	5.38385	5.517212
rxn29919_d0_r	1.574585	0.17114258	1.0368042	0.89849854	0.7525635
rxn31154_d0_i	451.82123	161.22954	155.10535	153.98268	167.16801
rxn31154_d0_o	0.3535258	144.77058	152.07843	151.33006	141.10771
rxn31768_d0	0	0	0	0	0
rxn33186_d0_i	1.0555475	1.0047839	1.0501871	1.026009	1.0177574
rxn33186_d0_o	0.8796254	0.4170352	0.34189963	0.38671398	0.42045653
rxn37018_d0	0.8097772	0.5327835	0.57774496	0.6027582	0.4520797
rxn37266_d0_f	5.213379	5.312256	5.610901	5.3361816	5.290222
rxn37266_d0_r	1.355896	0.10192871	0.8018799	0.69750977	2.2628174
rxn37324_d0	0	0	0	0	0
rxn37610_d0	0	0	0	0	0
rxn37651_d0_f	2.2354736	2.453003	2.501831	2.6018066	2.7611694
rxn37651_d0_r	2.6964111	3.093628	3.0860596	3.0507812	2.906433
rxn39241_d0_i	12.735718	11.17749	11.839539	16.008545	12.166565
rxn39241_d0_o	16.801392	18.687683	18.564209	23.180542	18.289856
rxn39242_d0_i	19.034424	23.282654	22.90149	27.329224	22.327698
rxn39242_d0_o	13.57373	12.554077	13.12738	16.651611	13.515198