rxn_ID,subsystems,kapp,Pred_cold,Pred_control,FBA_cold,FBA_control,Vbf_cold,Vbf_control,RES_cold,RES_control
rxn00018_d0,"{'Rubisco_shunt_in_plants', 'Photorespiration_(oxidative_C2_cycle)_in_plants', 'Calvin-Benson-Bassham_cycle_in_plants'}",0.1097644358243079,0.056488037,0.06754875,8.773821532577088,4.631996406254525,24.548279728639532,24.6911136662868,223.645113652,224.946390669
rxn00069_d0_r,,0.2931947223126774,0.1606853,0.16136801,0.0,0.0,1.03711157397226,1.9347390048922315,,
rxn00086_d0_f,,0.0111485792360241,0.0,0.0,0.0,0.0,1.241538674454829,1.241538674454829,,
rxn00086_d0_r,,0.0115756134482722,0.013894917000000007,0.013937830000000012,0.01786523191872482,0.009431658683411835,1.2890944641744984,1.2890944641744984,,
rxn00097_d0_f,,0.0293113679034782,0.0,0.0,0.14658651830746489,0.07738796868440269,6.528400809271255,4.738376433299156,,
rxn00102_d0_f,,0.0108638678813691,0.0,0.0,0.0,0.0,1.21201009527964,1.214574805624132,,
rxn00102_d0_r,,0.0262255143591066,0.10609005999999999,0.11528897999999999,0.6252831171553802,0.3301080539194168,2.9258076869333585,2.931998930116809,,
rxn00117_d0_r,,0.0221161484789198,0.009743452,0.010093927,0.14658651830747566,0.07738796868440417,2.462919542056074,2.462919542056074,,
rxn00121_d0,"{'Riboflavin,_FMN_and_FAD_biosynthesis_in_plants'}",0.0165064792246878,0.0175215,0.016087174,0.0,0.0,1.8382102241615856,1.0690013218243182,111.3629502,64.76252793
rxn00122_d0,"{'Riboflavin,_FMN_and_FAD_biosynthesis_in_plants'}",0.0632244106596744,0.0,0.0,0.0,0.0,1.59279078135866,1.138000967291285,25.192655252,17.999392254
rxn00124_d0_f,,20.16662553337166,0.0,0.0,0.0,0.0,0.6979211241970579,1.6970252615978532,,
rxn00124_d0_r,,20.16662553337166,0.010631919000000004,0.010028600999999998,0.0,0.0,0.6979211241970579,1.6970252615978532,,
rxn00148_d0_r,,0.0201467060966523,0.09155798,0.12922096,1.2949315602422589,0.6836380602359721,6.730789884251412,5.582903026729243,,
rxn00154_c0,"{'Acetyl-CoA_biosynthesis_in_plants', 'TCA_cycle_in_plants'}",0.328184471476712,0.014199168,0.014347464,0.12643087204019704,0.06674712299029789,0.235064330542782,0.3728990748194316,0.716256712,1.136248382
rxn00154_d0,"{'Acetyl-CoA_biosynthesis_in_plants', 'TCA_cycle_in_plants'}",0.0165918706631018,0.004463911,0.03258896,0.6958278790908589,0.3673510138487869,1.8477196666666689,1.8477196666666689,111.3629502,111.3629502
rxn00161_d0_f,,0.0110707905667761,0.0,0.0,0.0,0.0,1.232875898753894,1.232875898753894,,
rxn00161_d0_r,,0.013913395253695,0.08288956000000003,0.08754802,0.2656193520018757,0.14022941763016541,1.5494367429906764,1.5494367429906764,,
rxn00175_d0,"{'Acetyl-CoA_biosynthesis_in_plants', 'Ethanol_Degradation_in_plants'}",0.357143903049436,0.0,0.0,0.01786523191872482,0.009431658683411833,0.0392592643958897,0.0536509370530184,0.109925618,0.150222184
rxn00179_d0_f,,0.0275756255426706,0.0,0.0,0.021987977746123103,0.011608195302660817,2.39024926594171,0.5801051093278903,,
rxn00179_d0_r,,0.0263340554742231,0.008510351999999999,0.009659886999999999,0.0,0.0,2.2826302405770944,0.5539863495129783,,
rxn00187_d0,"{'Glutamine,_glutamate,_aspartate,_asparagine_metabolism_in_plants'}",0.449398613997151,0.26530617,0.26662087,0.8698993695809404,0.4592492266615117,1.0914757571318066,2.1545649157495275,2.428747493,4.794329241
rxn00211_d0_f,,0.0097628688652619,0.007258773,0.005420326999999999,0.00893261595936255,0.004715829341705958,1.5938284379121128,1.4358136089623914,,
rxn00211_d0_r,,0.0095773665732999,0.0,0.0,0.0,0.0,1.563544426899839,1.4085320056786963,,
rxn00213_d0_r,,0.0194925561294396,0.001865387,0.003638029,0.14658651830747563,0.07738796868440416,2.379625220359988,2.327471042344079,,
rxn00237_d0_f,,0.0113584902375338,0.0,0.0,0.00870357452449633,0.004594910640635108,1.264914982866023,1.264914982866023,,
rxn00237_d0_r,,0.0111504476740095,0.015626311,0.01421988,0.0,0.0,1.2417467492211838,1.2417467492211838,,
rxn00239_d0_f,,0.0337987962753505,0.0,0.0,0.0,0.0,1.107458019790991,1.0001112384567366,,
rxn00239_d0_r,,0.0337987962753505,0.016296744,0.015045047,0.0,0.0,1.107458019790991,1.0001112384567366,,
rxn00257_c0_f,,0.0092252487578528,0.0,0.0,0.0,0.0,0.8369093469182711,1.228214625941857,,
rxn00257_c0_r,,0.0115356972025273,0.018662394,0.018839122000000014,0.11589496603685745,0.06118486274110792,1.0465119223799864,1.535818967756312,,
rxn00260_d0_f,,0.0110970658305323,0.0,0.0,0.0,0.0,1.238054267909061,1.2369181497042638,,
rxn00260_d0_r,,0.0157916884657749,0.06389641600000001,0.07296979599999998,0.19331097101797753,0.10205538370255657,1.761814122860353,1.7601973689341857,,
rxn00313_d0,{'Lysine_and_threonine_metabolism_in_plants'},0.0003961721956289,0.001959652,0.003148578,0.021987977746123155,0.011608195302660782,0.088237808998589,0.0460944888018679,222.7259004,116.34963107
rxn00337_d0_f,,0.0048856598184295,0.0,0.0,0.07420942489316563,0.03917765914648029,1.6326618411537224,1.3824699608732114,,
rxn00337_d0_r,,0.0042144175289495,0.006387471999999998,0.002179861000000005,0.0,0.0,1.408349933871777,1.1925319921727668,,
rxn00361_d0_f,,0.0056821809053195,0.0,0.0,0.0,0.0,1.265568858569431,1.265568858569431,,
rxn00361_d0_r,,0.0056821809053195,0.014103173999999996,0.013523101999999995,0.0,0.0,1.265568858569431,1.265568858569431,,
rxn00394_d0_f,,0.0494524840513539,0.022726059,0.024641753000000002,0.0,0.0,1.0697320634871166,1.541349168282116,,
rxn00394_d0_r,,0.0494524840513539,0.0,0.0,0.0,0.0,1.0697320634871166,1.541349168282116,,
rxn00409_d0_f,,0.011152222692893,0.0,0.0,0.0,0.0,1.2419444205607475,1.2419444205607475,,
rxn00409_d0_r,,0.011152222692893,0.015430212999999998,0.014357328999999995,0.0,0.0,1.2419444205607475,1.2419444205607475,,
rxn00414_d0,"{'Arginine_metabolism_and_urea_cycle_in_plants', 'Pyrimidine_de_novo_biosynthesis_in_plants'}",0.0215791795225246,0.08419123,0.08758659,0.0501600742333434,0.026481195534194913,0.2267954716922058,0.1000176765218742,10.50992098,4.634915633
rxn00420_d0,"{'Alanine,_serine,_glycine_metabolism_in_plants'}",0.0063118630078992,0.06266411,0.05579585,0.11612400747168895,0.06130578144217522,0.1192432523744342,0.4226800315903845,18.89192656,66.96597044
rxn00459_d0_f,,0.2923322362431786,0.04592514,0.086282015,1.614215320430753,0.8521987295266933,8.1710588584537,3.0779450194660254,,
rxn00459_d0_r,,0.0615165371783179,0.0,0.0,0.0,0.0,1.7194656754657534,0.647703180655358,,
rxn00493_d0_f,,0.0111087493556523,0.0007455350000000003,0.0,0.0,0.0,1.23935775104234,1.238220436677604,,
rxn00493_d0_r,,0.011137859484627,0.0,0.0009444950000000001,0.14292185534980048,0.07545326946729533,1.2426054491246017,1.2414651544632742,,
rxn00495_c0,"{'Lignin_biosynthesis_in_plants', 'Phenylpropanoids_general_biosynthesis_in_plants'}",0.0017879163370121,2.63e-05,0.000532448,0.12597278917049728,0.06650528558816098,0.4019870565838345,0.1850806404284889,224.835496046,103.517506164
rxn00499_c0_f,,0.0764983277962941,0.0026123499999999994,0.0,0.0,0.0,2.7553508513538376,1.467605093806624,,
rxn00499_c0_r,,0.0779960564497903,0.0,1.9430000000000835e-05,0.008932615959362532,0.0047158293417059426,2.809296709248886,1.4963387179828846,,
rxn00506_d0_f,,0.0294616798620898,0.004517198,0.004730819999999997,0.0,0.0,1.6940016100532809,0.8167338063837084,,
rxn00506_d0_r,,0.0294616798620898,0.0,0.0,0.0,0.0,1.6940016100532809,0.8167338063837084,,
rxn00527_d0_f,,0.0037677578607002,0.00036930999999999943,0.0,0.0,0.0,1.4088993928389737,0.9556412299556803,,
rxn00527_d0_r,,0.0037677578607002,0.0,0.0009670260000000002,0.0,0.0,1.4088993928389737,0.9556412299556803,,
rxn00533_d0,"{'Acetyl-CoA_carboxylase_complexes_in_plants', 'Fatty_acid_biosynthesis_in_plants_(plastidial)'}",0.0898914468505561,0.0,0.006391645,0.5751230429220368,0.3036268583852219,0.7215687377756919,1.6421524858326202,8.02711229,18.26817282
rxn00611_d0_f,,0.0205779860706515,0.0,0.0,0.0,0.0,1.950217555545207,1.2160316323627642,,
rxn00611_d0_r,,0.0219169653425964,0.000460625,0.002233743,0.029775386531208446,0.015719431139019812,2.077115342028916,1.295157021221171,,
rxn00689_d0_f,,4.637371273357247,0.0,0.0,0.0,0.0,1.4944605990660609,1.451295281241198,,
rxn00689_d0_r,,4.637371273357247,0.007541656000000008,0.006083487999999998,0.0,0.0,1.4944605990660609,1.451295281241198,,
rxn00692_d0_f,,0.0066672245440133,0.0,0.0,0.0,0.0,0.9642974497122974,1.0476164083540682,,
rxn00692_d0_r,,0.0077003640380455,0.022940874,0.018863559,0.06985763763089062,0.036880203826158905,1.113723012435667,1.2099529066858297,,
rxn00693_d0_f,,2.22242991776862,0.0,0.0,0.01122303030791684,0.005925016352399698,4.830371401939521,1.3874353310273748,,
rxn00693_d0_r,,2.170215055693287,0.003365515999999999,0.001180888000000005,0.0,0.0,4.716884279349785,1.3548382426472945,,
rxn00710_c0,{'Pyrimidine_de_novo_biosynthesis_in_plants'},0.0010438219362796,0.0,0.0,0.024965516399243954,0.013180138416562768,0.1162430903256204,0.0562524262490821,111.3629502,53.89082591
rxn00720_d0_f,,0.0180412022749634,0.0,0.0,0.0,0.0,0.6744102078454521,1.3458920071275249,,
rxn00720_d0_r,,0.0180412022749634,0.0028417119999999997,0.002898932,0.0,0.0,0.6744102078454521,1.3458920071275249,,
rxn00737_d0,{'Branched-chain_amino_acid_metabolism_in_plants'},0.0010400993473805,0.003343642,0.002989003,0.01901043909300228,0.010036252188758846,0.1158285318433759,0.0310808991489443,111.3629502,29.88262537
rxn00747_d0_f,,5555.730669349318,0.0,,6.4000819100222275,,263.5176783512354,,,
rxn00747_d0_r,,313.5970632330304,0.0,,0.0,,14.874437757907415,,,
rxn00770_d0_f,,0.0208422726347737,0.0,0.0,0.06413160175951396,0.033857236299426156,1.6767752946569048,0.8559674219580534,,
rxn00770_d0_r,,0.0182739935341782,0.051143523999999996,0.05123370899999999,0.0,0.0,1.4701554590408394,0.7504912448094221,,
rxn00777_d0_f,,0.082922868071957,0.038705826,0.0415287,2.8286388163212703,1.4933338663367708,9.234535228971986,9.234535228971986,,
rxn00777_d0_r,,0.0105744578018032,0.0,0.0,0.0,0.0,1.1776028177570097,1.1776028177570097,,
rxn00789_d0,{'Histidine_Biosynthesis_in_plants'},0.0001023127010781,0.0,0.0,0.008703574524507077,0.004594910640636579,0.0227876884735199,0.0227876884735199,222.7259004,222.7259004
rxn00790_d0,{'Purine_de_novo_biosynthesis_in_plants'},0.0013579906665293,0.0,0.0,0.024965516399233365,0.013180138416561318,0.1521053981216172,0.0504123331644936,112.007690367,37.12273906
rxn00791_d0,{'Tryptophan_metabolism_in_plants'},0.0001344327043771,0.0,0.0,0.005496994436529572,0.00290204882566549,0.0149708225651234,0.0135038290420899,111.3629502,100.4504752
rxn00799_c0_f,,17.373274632623417,0.0,0.0,0.0,0.0,1.413514310743886,0.5834002073623215,,
rxn00799_c0_r,,19.602086844031906,0.032258149999999985,0.033951640000000005,0.05886364875782912,0.03107610617482855,1.5948536393049342,0.6582444456422892,,
rxn00800_d0_f,,0.0113584902375339,0.002529502000000017,0.0015119299999999947,0.008703574524496332,0.004594910640635108,1.2649149828660258,1.2649149828660258,,
rxn00800_d0_r,,0.0111504476740095,0.0,0.0,0.0,0.0,1.2417467492211838,1.2417467492211838,,
rxn00802_d0_f,,0.0302777255447613,0.024231195999999997,0.027257442,0.025194557834099535,0.013301057117632152,3.3718168425339323,1.1563243437777042,,
rxn00802_d0_r,,0.0287257964049866,0.0,0.0,0.0,0.0,3.198989435000445,1.0970552470456358,,
rxn00830_d0_f,,0.0081827662645797,0.0,0.0,0.0,0.0,1.041395762837766,1.3935624528054211,,
rxn00830_d0_r,,0.0081827662645797,0.0,0.0,0.0,0.0,1.041395762837766,1.3935624528054211,,
rxn00834_d0_f,,0.0284674424172861,0.00760746,0.005275487000000002,0.0,0.0,4.057556946197116,1.1613851405098472,,
rxn00834_d0_r,,0.0284674424172861,0.0,0.0,0.0,0.0,4.057556946197116,1.1613851405098472,,
rxn00838_d0,"{'Histidine_Biosynthesis_in_plants', 'Purine_de_novo_biosynthesis_in_plants'}",0.0002101940261128,0.0,0.0,0.00870357452449633,0.004594910640635107,0.0234078268659765,0.0200389043142467,111.3629502,95.33527039
rxn00839_d0_f,,0.011152222692893,0.0,0.0,0.0,0.0,1.2419444205607475,1.2419444205607475,,
rxn00839_d0_r,,0.011152222692893,0.008842945,0.008059025000000001,0.0,0.0,1.2419444205607475,1.2419444205607475,,
rxn00863_d0_f,,0.8740651759347036,0.019937038,0.019737006,0.008703574524507084,0.00459491064063656,1.3802488544657845,1.1448924543870305,,
rxn00863_d0_r,,0.858055763056225,0.0,0.0,0.0,0.0,1.3549681609951176,1.1239225581957817,,
rxn00899_d0_f,,0.0475051290632217,0.0,0.0,0.0,0.0,0.9445589171080228,0.9039299791210555,,
rxn00899_d0_r,,0.0475051290632217,0.0030562860000000053,0.001934766999999997,0.0,0.0,0.9445589171080228,0.9039299791210555,,
rxn00907_d0_f,,0.1297086877195579,0.037521362,0.028693734999999998,0.058634607322973764,0.030955187473759204,7.0382108866736575,0.9932695795220404,,
rxn00907_d0_r,,0.1147421966382374,0.0,0.0,0.0,0.0,6.226103985310172,0.8786607544338958,,
rxn00974_d0_f,,0.0069149903827821,0.002485275000000002,0.0024256709999999973,0.1129174273837366,0.05961291962720593,1.5401474595015718,1.5401474595015718,,
rxn00974_d0_r,,0.0055593792216113,0.0,0.0,0.0,0.0,1.238217742990654,1.238217742990654,,
rxn01007_d0,"{'UDP-D-glucuronate,_UDP-D-xylose_and_UDP-D-apiose_biosynthesis_in_plants'}",0.0001036864562311,0.001340356,0.00081663,0.008932615959362553,0.004715829341705959,0.02309855034729,0.0230988251527375,222.773071656,222.775722006
rxn01011_d0_f,,0.1937230267602565,0.0,0.0,0.0,0.0,0.3934956887046004,0.7303463420798773,,
rxn01011_d0_r,,0.1937230267602565,0.0009331110000000004,0.0014657969999999996,0.0,0.0,0.3934956887046004,0.7303463420798773,,
rxn01018_d0,{'Pyrimidine_de_novo_biosynthesis_in_plants'},0.0026145117583427,0.041113563,0.040900588,0.02496551639924386,0.01318013841656276,0.1092949291572809,0.056936555765637,41.80318899,21.77712744
rxn01019_d0,{'Arginine_metabolism_and_urea_cycle_in_plants'},0.0006195676057405,0.03150743,0.033930767,0.02519455783409954,0.013301057117632154,0.0683100815741976,0.0589663776747945,110.2544435,95.17343568
rxn01069_d0,{'Lysine_and_threonine_metabolism_in_plants'},0.00101620148702,0.013538517,0.01280234,0.04099841683912544,0.021644447491419628,0.1257871897409808,0.1299181587448427,123.78174145,127.84684965
rxn01100_d0_f,,0.3994454903752577,0.0,0.0,15.817303737251748,8.350488301540182,44.93548712510966,45.433183567422965,,
rxn01100_d0_r,,0.0074975615439063,0.012210429,0.011566222,0.0,0.0,0.8434356835757901,0.8527774080321651,,
rxn01101_d0_f,,36.89567116853205,0.074591637,0.060735044,0.11612400747168897,0.06130578144217524,6.975080603955504,1.2492656777740974,,
rxn01101_d0_r,,29.377868828515147,0.0,0.0,0.0,0.0,5.55384945066654,0.9947173218769148,,
rxn01106_d0_f,,0.0918804744416936,0.0,0.0,0.0,0.0,1.5860686275250613,1.206611623043941,,
rxn01106_d0_r,,0.4366244749009758,0.04669237,0.08323002,1.614215320430753,0.8521987295266933,7.5371441631976435,5.733929537502548,,
rxn01111_d0_f,,0.2340578471913475,0.019229889,0.029594421,8.773821532577088,4.631996406254525,26.06537238473533,26.06537238473533,,
rxn01111_d0_r,,0.0092759176553713,0.0,0.0,0.0,0.0,1.032993556074766,1.032993556074766,,
rxn01116_d0_f,,0.0210755438348875,0.019930184,0.01440382,0.0,0.0,1.0184167373144857,1.1803300791271905,,
rxn01116_d0_r,,0.3461452753166754,0.0,0.0,5.945182716255816,3.138662539917754,16.726502750609292,19.385771651012536,,
rxn01200_d0_f,,0.0941165890632089,0.0,0.0,2.8927704180807847,1.5271911026361968,7.916927607331439,9.34599741826667,,
rxn01200_d0_r,,0.0117242552098949,0.012574554,0.009564519,0.0,0.0,0.9862244336572618,1.1642459635802,,
rxn01207_d0_f,,0.0475051290632217,0.0,0.0,0.0,0.0,0.9445589171080228,0.9039299791210555,,
rxn01207_d0_r,,0.0475051290632217,0.00295376700000001,0.0008410210000000043,0.0,0.0,0.9445589171080228,0.9039299791210555,,
rxn01211_d0_f,,0.1297086877195579,0.025939941,0.024012506000000003,0.05863460732297378,0.03095518747375921,7.038210886673653,0.9932695795220398,,
rxn01211_d0_r,,0.1147421966382374,0.0,0.0,0.0,0.0,6.226103985310172,0.8786607544338958,,
rxn01249_d0_f,,0.011152222692893,0.0,0.0,0.0,0.0,1.2419444205607475,1.2419444205607475,,
rxn01249_d0_r,,0.011152222692893,0.0063967699999999995,0.005803346000000001,0.0,0.0,1.2419444205607475,1.2419444205607475,,
rxn01256_d0,{'Tyrosine_and_phenylalanine_metabolism_in_plants'},0.0049447986640497,0.000356495,0.002308011,0.15414488565771747,0.0813782858196951,0.5788367391090591,0.3205745647537978,117.059718373,64.83066077
rxn01257_d0_f,,0.0655935834863381,0.0,0.0,0.0,0.0,1.3997197494835376,0.9914661689654778,,
rxn01257_d0_r,,0.0655935834863381,0.004192829000000002,0.003247738,0.0,0.0,1.3997197494835376,0.9914661689654778,,
rxn01258_d0_f,,6.949016853170802,0.0014586449999999945,0.0,0.0,0.0,3.439015289127532,2.887258158225872,,
rxn01258_d0_r,,6.949016853170802,0.0,0.0007658010000000035,0.0,0.0,3.439015289127532,2.887258158225872,,
rxn01332_d0,{'Chorismate_biosynthesis_in_plants'},0.0015458429730798,0.001977712,0.001717925,0.15964188009424707,0.0842803346453606,0.4136335621667623,0.4731516983353845,267.57799422,306.08005245
rxn01334_d0_r,,0.0225514248184393,0.003027678,0.001749992,0.0,0.0,2.5208400257423933,2.284518603901068,,
rxn01353_d0_f,,0.011152222692893,0.0,0.0,0.0,0.0,1.2419444205607475,1.2419444205607475,,
rxn01353_d0_r,,0.011152222692893,0.008842945,0.008059025000000001,0.0,0.0,1.2419444205607475,1.2419444205607475,,
rxn01362_c0_f,,0.0200055071072429,0.012893915999999998,0.015205622000000002,0.0,0.0,2.2278722920554728,1.0781133007576478,,
rxn01362_c0_r,,0.0210756762280723,0.0,0.0,0.024965516399243957,0.013180138416562771,2.347049482582468,1.1357855985425167,,
rxn01396_d0_f,,20.16662553337166,0.0,0.0,0.0,0.0,0.6979211241970579,1.6970252615978532,,
rxn01396_d0_r,,20.16662553337166,0.0042351490000000006,0.004225016000000005,0.0,0.0,0.6979211241970579,1.6970252615978532,,
rxn01434_d0,{'Arginine_metabolism_and_urea_cycle_in_plants'},0.337573818991331,0.02055721,0.02410258,0.025194557834099535,0.013301057117632154,0.1514915130584692,0.0844660010450462,0.448765587,0.250214905
rxn01465_d0_f,,0.0169143184527055,0.0,0.0,0.0,0.0,1.6423636287610908,1.2460978495509651,,
rxn01465_d0_r,,0.01781912837384,0.015510083000000008,0.014483691,0.02496551639924386,0.013180138416562761,1.7302197791326548,1.3127562668044062,,
rxn01476_d0_f,,0.0142901487401406,0.00990796,0.010136365999999999,0.0,0.0,1.0531757327036393,1.2355002312220875,,
rxn01476_d0_r,,0.0142901487401406,0.0,0.0,0.0,0.0,1.0531757327036393,1.2355002312220875,,
rxn01512_d0_f,,0.011152222692893,0.0,0.0,0.0,0.0,1.2419444205607475,1.2419444205607475,,
rxn01512_d0_r,,0.011152222692893,0.008842945,0.008059025000000001,0.0,0.0,1.2419444205607475,1.2419444205607475,,
rxn01637_d0_f,,0.0111470844744461,9.4414000000001e-05,0.0,0.0,0.0,1.2413722133956384,1.2413722133956384,,
rxn01637_d0_r,,0.0117493126938321,0.0,0.00219369,0.025194557834099462,0.013301057117632206,1.3084381246105694,1.3084381246105694,,
rxn01643_d0_f,,0.012220026092608,0.0,0.0,0.0,0.0,1.3608581574050558,1.1862757015498844,,
rxn01643_d0_r,,0.01416634447126,0.002962590000000001,0.004033088999999997,0.07420942489316526,0.03917765914648021,1.577605914113862,1.375217213014529,,
rxn01644_d0,{'Lysine_and_threonine_metabolism_in_plants'},0.0009638307623975,0.0,0.0,0.021987977746123204,0.011608195302660823,0.1073350372107689,0.0415867812311592,111.3629502,43.147389408
rxn01652_d0_f,,0.0066942163313717,0.014471768999999995,0.011403083999999994,0.0,0.0,0.968201339785461,1.051857609342702,,
rxn01652_d0_r,,0.0066942163313717,0.0,0.0,0.0,0.0,0.968201339785461,1.051857609342702,,
rxn01673_d0_f,,0.011152222692893,0.0,0.0,0.0,0.0,1.2419444205607475,1.2419444205607475,,
rxn01673_d0_r,,0.011152222692893,0.008842945,0.008059025000000001,0.0,0.0,1.2419444205607475,1.2419444205607475,,
rxn01678_d0_f,,0.011152222692893,0.0,0.0,0.0,0.0,1.2419444205607475,1.2419444205607475,,
rxn01678_d0_r,,0.011152222692893,0.008842945,0.008059025000000001,0.0,0.0,1.2419444205607475,1.2419444205607475,,
rxn01739_d0_f,,29.494144881770072,0.0,0.0,0.1596418800942471,0.0842803346453606,0.9177619311450896,1.007789915958557,,
rxn01739_d0_r,,21.82188480151301,0.032227157000000006,0.030687511,0.0,0.0,0.6790261327101862,0.7456352960335185,,
rxn01740_d0_f,,0.0291799563294967,0.024445415,0.023925662,0.0,0.0,1.7806724870723758,1.1794814011089938,,
rxn01740_d0_r,,0.0394392082743574,0.0,0.0,0.1596418800942471,0.0842803346453606,2.4067312607687037,1.5941700566236163,,
rxn01807_d0_f,,20.16662553337166,0.0,0.0,0.0,0.0,0.6979211241970579,1.6970252615978532,,
rxn01807_d0_r,,20.16662553337166,0.007433533999999999,0.007126809999999997,0.0,0.0,0.6979211241970579,1.6970252615978532,,
rxn01917_d0_f,,0.028922704069165,0.0,0.0,0.025194557834099462,0.013301057117632206,1.9094090180813383,1.485365184347586,,
rxn01917_d0_r,,0.0274402285384431,0.007009506999999998,0.006137251999999999,0.0,0.0,1.8115394640909517,1.4092306177207752,,
rxn01974_d0_f,,0.0116733201638217,0.006572246,0.008206844000000005,0.021987977746123207,0.011608195302660825,1.299975372274129,1.299975372274129,,
rxn01974_d0_r,,0.0111477384361332,0.0,0.0,0.0,0.0,1.241445040498442,1.241445040498442,,
rxn01975_d0_f,,0.0066336299477112,0.0017573840000000007,0.002167464000000001,0.0,0.0,1.2696310857084665,1.0252585545470518,,
rxn01975_d0_r,,0.0066336299477112,0.0,0.0,0.0,0.0,1.2696310857084665,1.0252585545470518,,
rxn02159_d0_f,,0.8740651759347059,0.022115469,0.022385359,0.008703574524507084,0.004594910640636561,1.3802488544657885,1.1448924543870336,,
rxn02159_d0_r,,0.858055763056225,0.0,0.0,0.0,0.0,1.3549681609951176,1.1239225581957817,,
rxn02212_d0,{'Chorismate_biosynthesis_in_plants'},0.0180862122741814,0.0,0.0,0.1596418800942471,0.0842803346453606,0.4068533839959874,0.3599545494704201,22.49522331,19.9021522
rxn02213_d0_f,,0.0394392082743572,0.0,0.0,0.1596418800942471,0.0842803346453606,2.406731260768688,1.5941700566236066,,
rxn02213_d0_r,,0.0291799563294967,0.020197988,0.020084022999999993,0.0,0.0,1.7806724870723758,1.1794814011089938,,
rxn02305_d0_f,,0.0266142602394294,0.0,0.0,0.0,0.0,1.1890435724998454,1.0945689999023736,,
rxn02305_d0_r,,0.0266142602394294,0.005686998,0.005334616,0.0,0.0,1.1890435724998454,1.0945689999023736,,
rxn02320_d0_f,,2.844558674538031,0.0,0.0,0.0,0.0,1.0062531991806904,1.1759583906904774,,
rxn02320_d0_r,,2.8976318152806626,0.011045098,0.014483452,0.008703574524507075,0.004594910640636578,1.0250276467394188,1.1978991598281468,,
rxn02373_d0,{'Proline_metabolism_in_plants'},0.0012211769354222,0.001233652,0.0,0.021987977746123103,0.011608195302660817,0.1058513529987252,0.02568975193457,86.67978401100001,21.03687941
rxn02473_d0,{'Histidine_Biosynthesis_in_plants'},4.942448138950495,,0.003183931,,0.004594910640636579,,0.079680281532758,,0.016121622
rxn02474_d0_f,,0.0189685635166194,0.0,0.0,0.0,0.0,1.626786602192969,1.3399486689865414,,
rxn02474_d0_r,,0.0189685635166194,0.011155129,0.010350944,0.0,0.0,1.626786602192969,1.3399486689865414,,
rxn02476_d0_f,,0.023627081266239,0.0,0.0,0.15964188009424712,0.08428033464536061,2.633053364195739,1.1011084393079127,,
rxn02476_d0_r,,0.0174810101345413,0.025119543,0.023880839,0.0,0.0,1.9481218194337224,0.8146790358856141,,
rxn02484_d0_f,,0.0266142602394294,0.0,0.0,0.0,0.0,1.1890435724998454,1.0945689999023736,,
rxn02484_d0_r,,0.0266142602394294,0.017953395999999996,0.016656278999999996,0.0,0.0,1.1890435724998454,1.0945689999023736,,
rxn02507_d0,{'Tryptophan_metabolism_in_plants'},0.0001938787412349,0.0,0.0,0.005496994436529572,0.00290204882566549,0.0215939098141447,0.0139354767289455,111.378430009,71.87728082
rxn02789_d0_f,,0.0120858538544047,0.0,0.0,0.03939512679513727,0.020798016583934053,1.3459163411214834,1.3459163411214834,,
rxn02789_d0_r,,0.0111441883983661,0.003729343999999999,0.002271414000000001,0.0,0.0,1.2410496978193146,1.2410496978193146,,
rxn02811_d0_f,,0.0111441883983661,0.0,0.0,0.0,0.0,1.2410496978193146,1.2410496978193146,,
rxn02811_d0_r,,0.0120858538544045,0.008475301999999997,0.008995056000000001,0.03939512679513732,0.0207980165839339,1.345916341121459,1.345916341121459,,
rxn02834_d0,{'Histidine_Biosynthesis_in_plants'},0.0007196503993711,0.021160439,0.020745037,0.008703574524507077,0.004594910640636579,0.0712131073349114,0.0226727549088934,98.95514183,31.50523494
rxn02835_d0_f,,0.0399468587455846,0.027992724999999996,0.027274489,0.008703574524507075,0.004594910640636578,3.9529470726726177,1.2585351700079077,,
rxn02835_d0_r,,0.0392151904759129,0.0,0.0,0.0,0.0,3.880544735277668,1.2354837892716826,,
rxn02895_d0,{'Purine_de_novo_biosynthesis_in_plants'},0.0013482140718007,0.008997023,0.006332837,0.02496551639923344,0.013180138416561342,0.1501410965601932,0.0423266332242583,111.3629502,31.39459386
rxn02914_d0_f,,0.02012672912947,0.0,0.0,0.0,0.0,2.5077958374082594,1.9161876509025024,,
rxn02914_d0_r,,0.0252771630234203,0.0673542,0.059528946,0.11612400747168895,0.06130578144217523,3.1495412793530537,2.406540442997592,,
rxn02937_d0,{'Purine_de_novo_biosynthesis_in_plants'},2.075180260969182,0.008853644,,0.02496551639923344,,0.1697061358709864,,0.081778985,
rxn02938_d0_f,,0.0992039211211287,0.0,0.0,0.0,0.0,11.033977946001109,0.9178061724974022,,
rxn02938_d0_r,,0.1045922573511574,0.011613843999999984,0.0028749099999999944,0.024965516399233254,0.013180138416561293,11.63329682831808,0.9676575109880786,,
rxn03004_d0_f,,0.0662456420945952,0.017224431,0.013327479,0.024965516399233438,0.01318013841656134,1.4972248819478071,1.3146802394223789,,
rxn03004_d0_r,,0.062832829306921,0.0,0.0,0.0,0.0,1.4200915330727375,1.24695114221782,,
rxn03062_d0_f,,0.0085251685751926,0.004729509,0.0040301079999999975,0.03939512679513732,0.0207980165839339,1.7059750422719009,1.2184861786288046,,
rxn03062_d0_r,,0.0078609327792882,0.0,0.0,0.0,0.0,1.5730545398792608,1.1235482158751764,,
rxn03084_d0,{'Purine_de_novo_biosynthesis_in_plants'},0.0007699652903497,0.014502242,0.008538995,0.024965516399233438,0.013180138416561337,0.085745606298254,0.0496595318456045,111.3629502,64.49580581
rxn03108_d0_f,,0.0266142602394294,0.0,0.0,0.0,0.0,1.1890435724998454,1.0945689999023736,,
rxn03108_d0_r,,0.0266142602394294,0.020331859,0.019058704000000003,0.0,0.0,1.1890435724998454,1.0945689999023736,,
rxn03135_d0,{'Histidine_Biosynthesis_in_plants'},0.0002734658006945,0.005586337,0.006952561,0.008703574524507077,0.004594910640636578,0.0292180961876785,0.0209627205039824,106.8436935,76.65572971
rxn03136_d0_f,,0.0117475655789926,0.0,0.0,0.024965516399233254,0.013180138416561292,1.3082435607476737,1.3082435607476737,,
rxn03136_d0_r,,0.0111423598512743,0.0005248779999999995,0.0011345150000000026,0.0,0.0,1.2408460654205604,1.2408460654205604,,
rxn03175_d0_f,,0.0411467107037816,0.017470598,0.017572403,0.008703574524507077,0.004594910640636579,1.8030796565380944,1.497170478271824,,
rxn03175_d0_r,,0.0403930658974388,0.0,0.0,0.0,0.0,1.7700543771091992,1.469748243642128,,
rxn03907_d0_f,,0.0152117946452801,0.0,0.0,0.0,0.0,1.0458403541517496,1.3672240424205937,,
rxn03907_d0_r,,0.0152117946452801,0.013165950000000003,0.012588023999999996,0.0,0.0,1.0458403541517496,1.3672240424205937,,
rxn03908_d0_f,,0.0167869645749425,0.0,0.0,0.0,0.0,1.2691851327432506,1.2001965465548794,,
rxn03908_d0_r,,0.0167869645749425,0.014370442999999997,0.013420939999999992,0.0,0.0,1.2691851327432506,1.2001965465548794,,
rxn03958_d0_f,,2.855347514662612,0.003743351,0.004124046,0.0,0.0,0.8780668206259912,1.380819188879178,,
rxn03958_d0_r,,2.855347514662612,0.0,0.0,0.0,0.0,0.8780668206259912,1.380819188879178,,
rxn03983_d0_f,,0.0105170019940256,0.0,0.0,0.0,0.0,0.8311863104632399,1.1874323594388323,,
rxn03983_d0_r,,0.0109198443263667,0.01260936,0.012770535,0.017865231918724824,0.009431658683411835,0.863023998818463,1.2329156655602378,,
rxn04954_c0_f,,0.0111490743222523,0.010199785999999988,0.005946279999999998,0.0,0.0,1.2415938087178222,1.2417766614279886,,
rxn04954_c0_r,,0.0114173184192955,0.0,0.0,0.011223030307916841,0.005925016352399699,1.2714662627429234,1.2716535148461436,,
rxn05024_d0_f,,0.011152222692893,0.0,0.0,0.0,0.0,1.0597764666290614,1.2419444205607475,,
rxn05024_d0_r,,0.011152222692893,0.012981415,0.012934923000000001,0.0,0.0,1.0597764666290614,1.2419444205607475,,
rxn05105_d0_f,,0.741019191238175,0.0,0.0,0.0,0.0,0.0984110170909235,1.839446990371421,,
rxn05105_d0_r,,0.741019191238175,0.0,0.0,0.0,0.0,0.0984110170909235,1.839446990371421,,
rxn05330_d0_f,,0.0175883959830727,0.0,0.0,0.08130970937368497,0.042926138879631114,1.7786225545209084,1.6889434913541628,,
rxn05330_d0_r,,0.0149483183473696,0.008744835999999999,0.009215951,0.0,0.0,1.511645302412924,1.4354273694871165,,
rxn05331_d0_f,,0.0175883959830727,0.0,0.0,0.08130970937368494,0.04292613887963109,1.7786225545209084,1.6889434913541628,,
rxn05331_d0_r,,0.0149483183473696,0.008744835999999999,0.009215951,0.0,0.0,1.511645302412924,1.4354273694871165,,
rxn05335_d0_f,,0.0175883959830727,0.0,0.0,0.08130970937368495,0.04292613887963109,1.7786225545209084,1.6889434913541628,,
rxn05335_d0_r,,0.0149483183473696,0.008744835999999999,0.009215951,0.0,0.0,1.511645302412924,1.4354273694871165,,
rxn05337_d0_f,,0.0111356402917854,0.0015399460000000004,0.002189875000000001,0.0,0.0,1.2400977554517132,1.2400977554517132,,
rxn05337_d0_r,,0.0131023467941759,0.0,0.0,0.081309709373685,0.04292613887963112,1.4591159937694371,1.4591159937694371,,
rxn05338_d0_f,,0.0111356402917854,0.002940893,0.0034348959999999998,0.0,0.0,1.2400977554517132,1.2400977554517132,,
rxn05338_d0_r,,0.0131023467941759,0.0,0.0,0.081309709373685,0.042926138879631114,1.4591159937694376,1.4591159937694376,,
rxn05340_d0_f,,0.0111356402917854,0.0015399460000000004,0.002189875000000001,0.0,0.0,1.2400977554517132,1.2400977554517132,,
rxn05340_d0_r,,0.0131023467941759,0.0,0.0,0.08130970937368498,0.04292613887963111,1.4591159937694376,1.4591159937694376,,
rxn05342_d0_f,,0.0111356402917854,0.0015399460000000004,0.002189875000000001,0.0,0.0,1.2400977554517132,1.2400977554517132,,
rxn05342_d0_r,,0.0131023467941759,0.0,0.0,0.08130970937368497,0.04292613887963111,1.4591159937694378,1.4591159937694378,,
rxn05465_d0_f,,43.19202840018576,0.0,0.014534354999999999,0.5691679656157951,0.3004829721574179,11.566770075053627,2.938291600575515,,
rxn05465_d0_r,,18.996310756438135,0.0,0.0,0.0,0.0,5.087187773590255,1.292291712267082,,
rxn07441_d0_f,,0.0108438270765962,0.0,0.0,0.0,0.0,1.2278806588834923,1.2403615460366617,,
rxn07441_d0_r,,0.0113550803144007,0.009758354999999996,0.011838555,0.021987977746123204,0.011608195302660823,1.2857714716064812,1.298840794366624,,
rxn08436_d0_f,,0.0129498755324182,0.012178182999999995,0.016534805,0.07535463206744317,0.03978225265182709,1.1162980691046052,1.4421363442367523,,
rxn08436_d0_r,,0.0111368547680837,0.0,0.0,0.0,0.0,0.9600130474141148,1.2402330031152646,,
rxn08766_d0_f,,461.56516369041714,0.0,,0.08130970937368491,,8.828782016670413,,,
rxn08766_d0_r,,392.28267384589066,0.017739773,,0.0,,7.503552019850778,,,
rxn11700_d0_f,,0.0112112070858141,0.015133083000000006,0.017931934999999982,0.0025194557834099297,0.001330105711763212,0.966422325133281,1.248513096573216,,
rxn11700_d0_r,,0.0111517088668522,0.0,0.0,0.0,0.0,0.9612934922903674,1.2418871993769467,,
rxn14094_d0_f,,0.011152222692893,0.013279677000000004,0.012018441999999997,0.0,0.0,1.2419444205607475,1.2419444205607475,,
rxn14094_d0_r,,0.011152222692893,0.0,0.0,0.0,0.0,1.2419444205607475,1.2419444205607475,,
rxn14142_d0_f,,0.011152222692893,0.009838104,0.008911013000000002,0.0,0.0,1.2419444205607475,1.2419444205607475,,
rxn14142_d0_r,,0.011152222692893,0.0,0.0,0.0,0.0,1.2419444205607475,1.2419444205607475,,
rxn14261_d0_f,,0.011152222692893,0.010313272000000005,0.009312152000000004,0.0,0.0,1.2419444205607475,1.2419444205607475,,
rxn14261_d0_r,,0.011152222692893,0.0,0.0,0.0,0.0,1.2419444205607475,1.2419444205607475,,
rxn15022_d0,"{'Glutamine,_glutamate,_aspartate,_asparagine_metabolism_in_plants'}",0.0021916454469598,0.0,0.0,0.09321986398616794,0.049213911335238995,0.2440681028037361,0.2440681028037361,111.3629502,111.3629502
rxn15069_d0_r,,0.0221192866557985,0.0,0.0,0.1555191342668382,0.08210379802611013,1.911799212797461,2.463269018691588,,
rxn15116_d0_f,,0.0198215145119543,0.0,0.0,0.0,0.0,2.215685596579797,2.00797151508711,,
rxn15271_d0_f,,0.0986401555579206,0.0,0.0,3.052412298175032,1.6114714372815575,8.29744233722173,9.795198151120893,,
rxn15271_d0_r,,0.0116922484248889,0.007079482,0.005882382,0.0,0.0,0.98353207726868,1.1610676149701358,,
rxn15280_d0_f,,0.0055666056556073,0.0,0.0,0.0,0.0,1.2398272570093456,1.2398272570093456,,
rxn15280_d0_r,,0.0066807281656889,0.007843494999999999,0.007961988,0.09321986398616795,0.049213911335238995,1.487971196261689,1.487971196261689,,
rxn15435_d0_f,,0.0193081593205246,0.0,0.0,0.0,0.0,1.3494427114646843,1.3916879936487423,,
rxn15435_d0_r,,0.0193081593205246,0.015603778999999998,0.011884092999999998,0.0,0.0,1.3494427114646843,1.3916879936487423,,
rxn17744_d0_f,,0.0475051290632217,0.0,0.0,0.0,0.0,0.9445589171080228,0.9039299791210555,,
rxn17744_d0_r,,0.0475051290632217,0.002599836000000008,0.0008410210000000043,0.0,0.0,0.9445589171080228,0.9039299791210555,,
rxn17803_d0_f,,0.0070125206721882,0.0,0.0,0.0034356215228317478,0.0018137805160407547,0.947910613037775,1.2540440118558045,,
rxn17803_d0_r,,0.0069618660246012,0.014662205999999997,0.014212489999999994,0.0,0.0,0.9410634206668697,1.244985477778165,,
rxn18935_d0_f,,0.0175883959830728,0.0,0.0,0.08130970937368472,0.04292613887963088,1.778622554520915,1.6889434913541688,,
rxn18935_d0_r,,0.0149483183473696,0.015390515000000007,0.009833215999999999,0.0,0.0,1.511645302412924,1.4354273694871165,,
rxn18936_d0_f,,0.0175883959830728,0.0,0.0,0.08130970937368495,0.0429261388796311,1.778622554520915,1.6889434913541688,,
rxn18936_d0_r,,0.0149483183473696,0.009440063999999998,0.009833215999999999,0.0,0.0,1.511645302412924,1.4354273694871165,,
rxn18937_d0_f,,0.0175883959830728,0.0,0.0,0.08130970937368495,0.0429261388796311,1.7786225545209151,1.6889434913541692,,
rxn18937_d0_r,,0.0149483183473696,0.008030295,0.008587717999999994,0.0,0.0,1.511645302412924,1.4354273694871165,,
rxn19240_d0_f,,358.00939782513643,0.0,,0.0,,5.691408874575371,,,
rxn19240_d0_r,,372.6019421350666,0.004501819999999997,,0.019010439093002297,,5.923391992037378,,,
rxn19241_d0_f,,357.8758940395824,0.0,,0.0,,5.68928651512194,,,
rxn19241_d0_r,,388.1158141593263,0.0063633919999999955,,0.03939512679513731,,6.170021799674507,,,
rxn19242_d0_f,,357.9433958173623,0.0,,0.0,,5.690359616050127,,,
rxn19242_d0_r,,380.2717367486999,0.005414486,,0.02908826222664209,,6.045321576554944,,,
rxn19343_d0,{'Methionine_and_cysteine_metabolism_in_plants'},0.0002638584417869,0.0,0.0,0.011223030307916841,0.005925016352399698,0.0293840545171344,0.0293840545171344,111.3629502,111.3629502
rxn19345_d0,{'Methionine_and_cysteine_metabolism_in_plants'},0.0878318237002418,0.00554093,0.005726777,0.017865231918724824,0.009431658683411835,0.0197399370272179,0.0303817468736462,0.224746979,0.345908187
rxn19686_d0_f,,0.0175883959830728,0.0,0.0,0.08130970937368495,0.0429261388796311,1.7786225545209158,1.68894349135417,,
rxn19686_d0_r,,0.0149483183473696,0.009440063999999998,0.009833215999999999,0.0,0.0,1.511645302412924,1.4354273694871165,,
rxn19828_d0_f,,0.0221489990263013,0.0,0.0,0.0,0.0,0.773134643838614,1.3341845904386298,,
rxn19905_d0,"{'Lysine_and_threonine_metabolism_in_plants', 'Methionine_and_cysteine_metabolism_in_plants'}",0.0025571736647564,0.0,8.04e-05,0.05222144714704205,0.027569463843819385,0.1212367859997428,0.1402337436175589,47.41046245,54.83935078
rxn20583_d0_f,,0.0221161484789198,0.001415968,0.002923727,0.14658651830747563,0.07738796868440416,2.462919542056074,2.462919542056074,,
rxn20632_y0,{'Photosystem_II'},2.6999461632601918,0.004659653,0.006132126,8.572929290065417,4.525938613546575,8.572929290065417,25.77476847130354,476.77268297,556.814751
rxn24109_d0,{'Tyrosine_and_phenylalanine_metabolism_in_plants'},0.000967774307111,0.0,0.0,0.01122303030791703,0.005925016352399775,0.0258786449513618,0.0287771635381767,26.740371969,29.73540765
rxn24330_d0_f,,0.0202876796943841,0.0,0.0,0.0,0.0,0.2166221479737394,1.176384248193434,,
rxn24330_d0_r,,0.0202876796943841,0.007902413,0.007764338999999999,0.0,0.0,0.2166221479737394,1.176384248193434,,
rxn24358_d0_f,,0.011152222692893,0.009611129999999996,0.008710503000000001,0.0,0.0,1.2419444205607475,1.2419444205607475,,
rxn24358_d0_r,,0.011152222692893,0.0,0.0,0.0,0.0,1.2419444205607475,1.2419444205607475,,
rxn24360_d0_f,,0.011152222692893,0.012814999,0.011617422000000002,0.0,0.0,1.2419444205607475,1.2419444205607475,,
rxn24360_d0_r,,0.011152222692893,0.0,0.0,0.0,0.0,1.2419444205607475,1.2419444205607475,,
rxn24362_d0_f,,0.011152222692893,0.009611129999999996,0.008710503000000001,0.0,0.0,1.2419444205607475,1.2419444205607475,,
rxn24362_d0_r,,0.011152222692893,0.0,0.0,0.0,0.0,1.2419444205607475,1.2419444205607475,,
rxn24508_d0_f,,0.0232519846442974,0.0,0.0,0.003435621522831755,0.001813780516040758,1.331391295330305,2.385654940037963,,
rxn24508_d0_r,,0.0230840249129947,0.02698874000000001,0.028867010000000026,0.0,0.0,1.3217740464096932,2.368422262103607,,
rxn25637_d0_f,,0.0131023467941761,0.0,0.0,0.0813097093736848,0.04292613887963092,1.4591159937694682,1.4591159937694682,,
rxn25637_d0_r,,0.0111356402917854,0.014808895000000002,0.0034348959999999998,0.0,0.0,1.2400977554517132,1.2400977554517132,,
rxn25641_d0_f,,0.0111356402917854,0.002940893,0.0034348959999999998,0.0,0.0,1.2400977554517132,1.2400977554517132,,
rxn25641_d0_r,,0.0131023467941759,0.0,0.0,0.081309709373685,0.042926138879631114,1.4591159937694456,1.4591159937694456,,
rxn25649_d0_f,,0.0111356402917854,0.002240895999999999,0.0028164379999999975,0.0,0.0,1.2400977554517132,1.2400977554517132,,
rxn25649_d0_r,,0.0131023467941759,0.0,0.0,0.08130970937368494,0.04292613887963109,1.4591159937694456,1.4591159937694456,,
rxn25661_d0_f,,0.011152222692893,0.0029411310000000005,0.003434658,0.0,0.0,1.2419444205607475,1.2419444205607475,,
rxn25661_d0_r,,0.011152222692893,0.0,0.0,0.0,0.0,1.2419444205607475,1.2419444205607475,,
rxn25662_d0_f,,0.0149705783166417,0.0,0.0,0.0,0.0,1.5138963367567324,1.4375649055225874,,
rxn25662_d0_r,,0.0149705783166417,0.009440182999999998,0.009833096999999999,0.0,0.0,1.5138963367567324,1.4375649055225874,,
rxn25716_d0_f,,2.7055786633287755,0.0,0.0,0.005955077306241689,0.0031438862278039825,0.9463689554681736,0.5379403795037894,,
rxn25716_d0_r,,2.6718733674528776,0.013129949000000002,0.01787060600000001,0.0,0.0,0.9345793719368728,0.531238877935744,,
rxn25718_d0_f,,0.0111510082026077,0.011711359000000005,0.015387056999999996,0.0,0.0,1.2418091713395636,1.2418091713395636,,
rxn25718_d0_r,,0.0112916765573889,0.0,0.0,0.005955077306241682,0.003143886227803978,1.25747441433021,1.25747441433021,,
rxn25719_d0_f,,0.0151577791157546,0.0,0.0,0.00595507730624168,0.0031438862278039778,1.5328269751075525,1.45554105136001,,
rxn25719_d0_r,,0.0149689480028978,0.01383078,0.01582551,0.0,0.0,1.513731471649156,1.4374083529984532,,
rxn26013_d0,{'Tryptophan_metabolism_in_plants'},0.0001169733114215,0.005797066,0.004666299,0.00549699443652857,0.0029020488256661678,0.0140443857107864,0.0140956103851627,120.064872389,120.502790011
rxn26037_d0_f,,0.0136584406202388,0.0023944369999999993,0.0023698799999999996,0.0,0.0,1.2390215770482118,1.0444972805777617,,
rxn26037_d0_r,,0.0136584406202388,0.0,0.0,0.0,0.0,1.2390215770482118,1.0444972805777617,,
rxn26477_d0_f,,94.0934052529018,,0.0020000929999999997,,0.0,,1.5169383289713478,,
rxn26477_d0_r,,94.0934052529018,,0.0,,0.0,,1.5169383289713478,,
rxn26754_d0,set(),362.2124927062568,,0.007600784,,18.10375445418629,,18.10375445418629,,0.049981033
rxn27259_d0,{'Sulfur_metabolism_in_plants'},0.000117028214526,0.0,0.0,0.017865231918724824,0.009431658683411835,0.0379415812440328,0.0467493865483422,324.20883625,399.47107398
rxn27266_d0_f,,0.0111485792360241,0.0,0.0,0.0,0.0,1.241538674454829,1.241538674454829,,
rxn27266_d0_r,,0.011575613448272,0.003879904999999996,0.006078838999999989,0.01786523191872482,0.009431658683411833,1.289094464174478,1.289094464174478,,
rxn27318_d0_f,,0.011152222692893,0.0,0.0,0.0,0.0,1.2419444205607475,1.2419444205607475,,
rxn27318_d0_r,,0.011152222692893,0.0031952859999999986,0.0028989310000000004,0.0,0.0,1.2419444205607475,1.2419444205607475,,
rxn27497_d0,{'Branched-chain_amino_acid_metabolism_in_plants'},0.0002582609653164,0.0,0.002688021,0.039395126795137306,0.020798016583933897,0.1084137476355933,0.0999935447657304,419.78371563,387.18024861
rxn27709_d0,{'Tryptophan_metabolism_in_plants'},0.0003884735536558,0.001866888,0.001500526,0.005496994436529572,0.00290204882566549,0.0177706553617589,0.0167728339650254,45.74482663,43.17625693
rxn27927_d0,{'Histidine_Biosynthesis_in_plants'},0.0007600358642558,0.024391076,0.026109327,0.008703574524507075,0.004594910640636579,0.0243910758629686,0.0261093268498905,32.09200646,34.35275633
rxn28082_d0_f,,0.3632184064841844,0.0,0.0,0.005496994436529573,0.00290204882566549,2.904297708937845,1.0617794631862514,,
rxn28082_d0_r,,0.3589884056432302,0.0,0.0,0.0,0.0,2.8704745834247296,1.049414098595673,,
rxn28083_d0_f,,13.25951318331119,0.0,0.0017461780000000001,0.011223030307917029,0.005925016352399774,1.6517415145616392,0.6767526605605708,,
rxn28083_d0_r,,12.912954175313663,0.0008623599999999995,0.0,0.0,0.0,1.6085705555044634,0.6590646257540781,,
rxn28487_d0_f,,0.0069623034474557,0.0007315870000000023,0.0031788339999999984,0.0,0.0,0.941122548872778,1.2450637017916226,,
rxn28487_d0_r,,0.0069623034474557,0.0,0.0,0.0,0.0,0.941122548872778,1.2450637017916226,,
rxn28615_d0_f,,0.0141955386275552,0.0001642709999999997,1.8000000000000654e-05,0.00549699443652857,0.0029020488256661678,1.5808570614880046,1.2419194027419866,,
rxn28615_d0_r,,0.0140302189761818,0.0,0.0,0.0,0.0,1.5624465773821732,1.2274561486111015,,
rxn29919_d0_f,,0.0341888566747231,0.015767336,0.012252688,0.0,0.0,3.808430417766655,1.701794452980793,,
rxn37266_d0_r,,2.018336707247767,0.0,0.001418114,0.1555191342668382,0.08210379802611012,9.795661385394135,2.685104376433805,,
rxn39241_d0_i,,0.0150173950530639,0.0,0.0,0.011223030307916841,0.005925016352399698,1.206014798588542,1.209280363772163,,
rxn39241_d0_o,,0.0146645689841034,0.00751257000000001,0.004293203999999995,0.0,0.0,1.177680093468868,1.180868935857184,,
rxn39242_d0_i,,0.0146645689841034,0.013119935,0.008618116000000009,0.0,0.0,1.177680093468868,1.180868935857184,,
rxn39242_d0_o,,0.0150173950530639,0.0,0.0,0.011223030307916776,0.00592501635239972,1.20601479858854,1.2092803637721607,,
