rxn_ID,ctrl_score,mean_flux,kapp,Control_score,v_Control,Cold_score,v_Cold
rxn00001_d0_f,605.1887371147722,0.0,0.0,605.1887371147722,0.0,605.1887371147722,0.0
rxn00001_d0_r,605.1887371147722,0.0,0.0,605.1887371147722,0.0,605.1887371147722,0.0
rxn00018_d0,1212.2154979681425,37.26480568955258,0.03074107347415873,1212.6427846800143,37.27794094175677,1211.1269721423864,37.231343237164495
rxn00048_d0,408.97411135615874,0.0,0.0,406.0230151131712,0.0,605.1887371147722,0.0
rxn00069_d0_f,0.8294702848933418,0.0,0.0,0.8826830491335446,0.0,0.3693573179674272,0.0
rxn00069_d0_r,0.8294702848933418,1.6763282925373133,2.0209624420154673,0.8826830491335446,1.7838692905025868,0.3693573179674272,0.7464572672957351
rxn00076_d0,323.8359944842549,0.0,0.0,116.0738818871982,0.0,605.1887371147722,0.0
rxn00077_d0_f,0.00021242095935096667,1.1948162611940298,5624.7569206197195,0.0,0.0,0.0,0.0
rxn00077_d0_r,0.00021242095935096667,1.1948162611940298,5624.7569206197195,0.0,0.0,0.0,0.0
rxn00086_d0_f,605.1887371147722,1.1944268910447762,0.001973643621887591,605.1887371147722,1.1944268910447762,605.1887371147722,1.1944268910447762
rxn00086_d0_r,605.1887371147722,1.2657054611940204,0.002091422697699649,605.1887371147722,1.2657054611940204,605.1887371147722,1.2657054611940204
rxn00097_d0_f,904.7257779954836,5.667673049253816,0.0062645203520244,774.1447899920761,4.8496457923190155,1210.3774742295443,7.582434320942869
rxn00097_d0_r,904.7257779954836,0.0,0.0,774.1447899920761,0.0,1210.3774742295443,0.0
rxn00102_d0_f,605.1903997772089,1.1811882865671641,0.0019517630930728572,605.1887371147722,1.181185041443984,605.1887371147722,1.181185041443984
rxn00102_d0_r,605.1903997772089,3.674471165671585,0.006071595264935271,605.1887371147722,3.674461070658207,605.1887371147722,3.674461070658207
rxn00117_d0_f,605.1887371147722,0.0,0.0,605.1887371147722,0.0,605.1887371147722,0.0
rxn00117_d0_r,605.1887371147722,2.3733688074626866,0.003921700226573424,605.1887371147722,2.3733688074626866,605.1887371147722,2.3733688074626866
rxn00121_d0,335.9253825707037,1.1922603925373134,0.003549182212470572,253.7362965074477,0.9005563502223923,605.1887371147722,2.147925100955278
rxn00122_d0,47.708607519771526,1.1922603925373134,0.02499046722424698,43.79983221420557,1.0945782713766214,70.85314949707254,1.7706533102412627
rxn00124_d0_f,0.015030714518538532,1.1948162611940298,79.49164756741081,0.019744362678958,1.5695119195188683,0.007353903429337,0.5845738996496306
rxn00124_d0_r,0.015030714518538532,1.1948162611940298,79.49164756741081,0.019744362678958,1.5695119195188683,0.007353903429337,0.5845738996496306
rxn00148_d0_f,1208.3538592257112,0.0,0.0,1226.576680186368,0.0,1649.5616849446008,0.0
rxn00148_d0_r,1208.3538592257112,7.521438989552349,0.00622453342795788,1226.576680186368,7.63486754777365,1649.5616849446008,10.267751849416193
rxn00151_d0,0.00015123724856725,0.0,0.0,0.0,0.0,0.0,0.0
rxn00154_c0,2.2297741251865353,0.6543401313432894,0.29345579175583514,2.524740979961843,0.7408998632531058,1.248601838749321,0.3664094411779736
rxn00154_d0,476.12194042665783,2.750420735820903,0.005776714959525331,451.42033829376606,2.6077266212555843,447.6452709229427,2.5859191331013327
rxn00161_d0_f,588.5633854094029,1.2893092074626866,0.002190603832016915,505.97683969324,1.1083948039438198,317.1539199796217,0.6947585924465454
rxn00161_d0_r,588.5633854094029,1.1856712567164178,0.00201451752879882,505.97683969324,1.0192992127282623,317.1539199796217,0.6389121311262062
rxn00175_d0,0.0,0.07061641940298582,0.0,0.0,0.0,0.0,0.0
rxn00179_d0_f,67.07212320319765,1.2820646597014933,0.019114717090696946,20.536604296086328,0.39255138112328164,165.36153411233337,3.160838942240885
rxn00179_d0_r,67.07212320319765,1.1943370373134328,0.017806757565958387,20.536604296086328,0.36569033392842876,165.36153411233337,2.9445527486732783
rxn00187_d0,0.10244752386453192,4.2481724776118694,41.46681459309158,0.090039568866041,3.733654108210023,0.0787223322632946,3.264364356297788
rxn00191_d0_f,605.1971622826231,0.0,0.0,605.1907609490931,0.0,605.1912918790924,0.0
rxn00191_d0_r,605.1971622826231,0.0,0.0,605.1907609490931,0.0,605.1912918790924,0.0
rxn00192_d0,121.51824220352273,0.0,0.0,160.80123637065088,0.0,52.38080153433722,0.0
rxn00208_d0,0.0,0.0,0.0,0.0,0.0,0.0,0.0
rxn00209_d0,0.0,0.0,0.0,0.0,0.0,0.0,0.0
rxn00211_d0_f,337.1959293621475,1.2302609611940276,0.003648504783320592,373.1923637462794,1.3615941242270186,709.088019810203,2.5871110320728525
rxn00211_d0_r,337.1959293621475,1.1946215776119402,0.0035428113852730408,373.1923637462794,1.3221501551772767,709.088019810203,2.512165109744303
rxn00213_d0_f,488.13603274475514,0.0,0.0,395.02452566099737,0.0,605.1937999105517,0.0
rxn00213_d0_r,488.13603274475514,2.3733688074626866,0.004862105331821947,395.02452566099737,1.9206508524167707,605.1937999105517,2.9425160013306777
rxn00237_d0_f,605.1887371147722,1.3736806910447799,0.0022698384930191877,605.1887371147722,1.3736806910447799,605.1887371147722,1.3736806910447799
rxn00237_d0_r,605.1887371147722,1.182289889552239,0.0019535887187669544,605.1887371147722,1.182289889552239,605.1887371147722,1.182289889552239
rxn00239_d0_f,93.4749924016866,1.1948162611940298,0.012782202282077654,68.0061364393226,0.8692681923899936,81.0333882049765,1.0357851596381351
rxn00239_d0_r,93.4749924016866,1.1948162611940298,0.012782202282077654,68.0061364393226,0.8692681923899936,81.0333882049765,1.0357851596381351
rxn00248_d0_f,577.0731832616983,0.0,0.0,605.1887371147722,0.0,605.1887371147722,0.0
rxn00248_d0_r,577.0731832616983,0.0,0.0,605.1887371147722,0.0,605.1887371147722,0.0
rxn00249_d0_f,0.0005088287902663666,0.0,0.0,0.0,0.0,0.0,0.0
rxn00249_d0_r,0.0005088287902663666,0.0,0.0,0.0,0.0,0.0,0.0
rxn00257_c0_f,545.275300186563,1.192290343283582,0.0021865841766088552,531.999586043774,1.1632618768057774,237.40901460232428,0.5191147947137429
rxn00257_c0_r,545.275300186563,1.6546874492537178,0.0030345908730646256,531.999586043774,1.6144010882825957,237.40901460232428,0.7204392288954796
rxn00260_d0_f,605.2202195380199,1.1652056074626866,0.0019252588889910483,605.2045647800268,1.1651754680007054,605.229012411634,1.165222536020772
rxn00260_d0_r,605.2202195380199,2.280262352238814,0.0037676572570219096,605.2045647800268,2.2802033704762543,605.229012411634,2.2802954807728963
rxn00272_d0_f,0.0948016996117625,0.0,0.0,0.1400397932903564,0.0,0.030094595759615,0.0
rxn00272_d0_r,0.0948016996117625,0.0,0.0,0.1400397932903564,0.0,0.030094595759615,0.0
rxn00275_d0_f,0.10322686746274445,0.0,0.0,0.1420636276113583,0.0,0.0326493600799283,0.0
rxn00275_d0_r,0.10322686746274445,0.0,0.0,0.1420636276113583,0.0,0.0326493600799283,0.0
rxn00300_d0,690.6502219709706,0.0,0.0,954.1930499745164,0.0,796.1472358793128,0.0
rxn00313_d0,429.7566084432881,0.08691266865671685,0.00020223695680106357,305.56886215699126,0.06179731677579359,1173.48687675876,0.23732241480167635
rxn00333_d0,0.0,0.0,0.0,0.0,0.0,0.0,0.0
rxn00337_d0_f,1103.3809293684524,1.4892792671641926,0.0013497417143294463,1062.0087688025783,1.4334375362364966,1253.2213088387762,1.6915250778262423
rxn00337_d0_r,1103.3809293684524,1.193198876119403,0.0010814024824612114,1062.0087688025783,1.148458918978683,1253.2213088387762,1.355236634451541
rxn00338_d0,170.9906557035937,0.0,0.0,1.9537577625089253,0.0,86.63375177259972,0.0
rxn00361_d0_f,1202.5088220185235,1.1948162611940298,0.0009936029069528313,1210.3774742295443,1.2026345769047009,1210.3774742295443,1.2026345769047009
rxn00361_d0_r,1202.5088220185235,1.1948162611940298,0.0009936029069528313,1210.3774742295443,1.2026345769047009,1210.3774742295443,1.2026345769047009
rxn00391_d0_f,0.47970665599833756,0.0,0.0,0.449479307083477,0.0,0.4345032744678674,0.0
rxn00391_d0_r,0.47970665599833756,0.0,0.0,0.449479307083477,0.0,0.4345032744678674,0.0
rxn00394_d0_f,64.44046007502287,1.1948162611940298,0.018541398677213057,90.122468719368,1.6709966223004649,54.795065324829054,1.0159771517315885
rxn00394_d0_r,64.44046007502287,1.1948162611940298,0.018541398677213057,90.122468719368,1.6709966223004649,54.795065324829054,1.0159771517315885
rxn00409_d0_f,605.1887371147722,1.1948162611940298,0.0019742870081989592,605.1887371147722,1.1948162611940298,605.1887371147722,1.1948162611940298
rxn00409_d0_r,605.1887371147722,1.1948162611940298,0.0019742870081989592,605.1887371147722,1.1948162611940298,605.1887371147722,1.1948162611940298
rxn00414_d0,7.2907241301616805,0.19826922835820734,0.027194723708989177,4.655355983989163,0.12660111975157473,15.495675840177412,0.42140062315768345
rxn00416_d0,0.00039185319185428333,0.050698967164178405,129.38255504380732,0.0,0.0,0.0,0.0
rxn00420_d0,213.33996779156806,0.7418687597014786,0.003477401667306335,321.68899326116286,1.1186418415204642,53.396353125781296,0.18568056738766972
rxn00459_d0_f,32.84359181261964,7.594888786567053,0.2312441595881981,12.892917634553667,2.981411903042222,54.54268799672111,12.612678047483072
rxn00459_d0_r,32.84359181261964,1.1596346194029852,0.03530778929475714,12.892917634553667,0.4552204192354795,54.54268799672111,1.9257817353579083
rxn00493_d0_f,605.2202195380199,1.191701295522388,0.0019690374793361067,605.2045647800268,1.1916704707171695,605.229012411634,1.191718609020085
rxn00493_d0_r,605.2202195380199,1.196309847761194,0.0019766521493190825,605.2045647800268,1.1962789037501598,605.229012411634,1.196327228213722
rxn00495_c0,741.7350821541013,0.49793655074626325,0.0006713131989121866,146.73638914596222,0.09850607479439936,1211.0392591244713,0.8129866390510934
rxn00499_c0_f,41.1417668590217,1.1946215776119402,0.029036710594017176,48.912603289153246,1.4202611061071155,129.17040491391245,3.75068366479729
rxn00499_c0_r,41.1417668590217,1.230260961194025,0.02990296856743403,48.912603289153246,1.4626320387069198,129.17040491391245,3.86257855798345
rxn00506_d0_f,68.27040967562517,1.1948162611940298,0.017501231746974842,42.28359580852194,0.7400150093403565,124.3833282146558,2.176861452544726
rxn00506_d0_r,68.27040967562517,1.1948162611940298,0.017501231746974842,42.28359580852194,0.7400150093403565,124.3833282146558,2.176861452544726
rxn00527_d0_f,1531.2191417572794,1.1948162611940298,0.0007803038955108789,1262.350750987678,0.9850172084967687,1860.2083384613488,1.4515278129632099
rxn00527_d0_r,1531.2191417572794,1.1948162611940298,0.0007803038955108789,1262.350750987678,0.9850172084967687,1860.2083384613488,1.4515278129632099
rxn00533_d0,3.4038428868183033,2.273306873134313,0.6678648071383977,3.647724175222276,2.4361866027788963,1.210122394036975,0.8081981593073604
rxn00611_d0_f,139.9444397305449,1.194167310447761,0.008533152962326068,139.63959807502195,1.1915660499718952,283.00568310161503,2.414930783113659
rxn00611_d0_r,139.9444397305449,1.3129650552239167,0.009382045172726809,139.63959807502195,1.3101050170412716,283.00568310161503,2.6551721029977604
rxn00689_d0_f,0.00044104796824756667,1.1948162611940298,2709.039259247561,0.0,0.0,0.0,0.0
rxn00689_d0_r,0.00044104796824756667,1.1948162611940298,2709.039259247561,0.0,0.0,0.0,0.0
rxn00692_d0_f,781.551539361806,1.166213962686567,0.0014921779357492738,690.3269706680064,1.0300906740834352,661.2623203672111,0.98672104419432
rxn00692_d0_r,781.551539361806,1.7695336701492206,0.002264129210972029,690.3269706680064,1.5629894594112643,661.2623203672111,1.4971833356585469
rxn00693_d0_f,0.034512022002948235,1.239349167164175,35.910650701900394,0.0570513692341965,2.048751792634377,0.1714454770093762,6.156718639304404
rxn00693_d0_r,0.034512022002948235,1.1945716582089552,34.61320400488002,0.0570513692341965,1.974730682060979,0.1714454770093762,5.934277271439505
rxn00710_c0,180.74613197671488,0.09868191791044674,0.0005459697357349794,144.51445963899857,0.07890052133898741,605.1887371147722,0.3304147348723381
rxn00711_d0,4.2024555734767866,0.0,0.0,4.612861709772587,0.0,4.413627978125734,0.0
rxn00720_d0_f,197.73881108519637,1.1948162611940298,0.0060423963036737366,220.89740523549648,1.3347496648860835,84.16930769321357,0.5085843136882511
rxn00720_d0_r,197.73881108519637,1.1948162611940298,0.0060423963036737366,220.89740523549648,1.3347496648860835,84.16930769321357,0.5085843136882511
rxn00737_d0,75.71101838740519,0.07514321940298456,0.000992500444499171,40.95833506247608,0.040651165755453494,323.754357162838,0.32132634339266014
rxn00747_d0_f,0.00024104608467991667,28.476332644776,118136.46623876723,0.0,0.0,0.0109718045807668,1296.1702214341085
rxn00747_d0_r,0.00024104608467991667,1.0210507567164178,4235.915128313591,0.0,0.0,0.0109718045807668,46.47563300857044
rxn00770_d0_f,145.46114935008737,1.6029873970149549,0.011020038025115413,91.68285831726348,1.0103485849075124,196.14248536204823,2.161497647030415
rxn00770_d0_r,145.46114935008737,1.181837158208955,0.00812476158403354,91.68285831726348,0.7449013651704922,196.14248536204823,1.5936109300664303
rxn00777_d0_f,605.1887371147722,13.154180483582051,0.021735666374583244,605.1887371147722,13.154180483582051,605.1887371147722,13.154180483582051
rxn00777_d0_r,605.1887371147722,1.128104085074627,0.0018640533372330185,605.1887371147722,1.128104085074627,605.1887371147722,1.128104085074627
rxn00781_d0_f,2454.8116783470523,0.0,0.0,2435.96154038209,0.0,2593.6960737083878,0.0
rxn00781_d0_r,2454.8116783470523,0.0,0.0,2435.96154038209,0.0,2593.6960737083878,0.0
rxn00782_d0_f,1210.3786613046086,0.0,0.0,1210.3774742295443,0.0,1210.3774742295443,0.0
rxn00782_d0_r,1210.3786613046086,0.0,0.0,1210.3774742295443,0.0,1210.3774742295443,0.0
rxn00789_d0,1197.3611237225248,0.034402899999999355,2.873226741573401e-05,1210.3774742295443,0.03477688926354396,1210.3774742295443,0.03477688926354396
rxn00790_d0,94.54533999435698,0.23485374626865402,0.0024840330182605663,61.51273900526041,0.15279967473271147,605.3909272383522,1.5038110522154469
rxn00791_d0,499.6007535502158,0.021728077611940486,4.3490882384661085e-05,355.6574610128059,0.015467856806135128,454.6642190733879,0.019773748076234495
rxn00799_c0_f,0.019088824296672368,1.1663037597014925,61.09877389907176,0.0048100545608612,0.29388843605625736,0.0130441490497343,0.7969815134955077
rxn00799_c0_r,0.019088824296672368,1.724051295522415,90.31731178032571,0.0048100545608612,0.43443119745367864,0.0130441490497343,1.1781124766338922
rxn00800_d0_f,561.348527192844,1.3736806910447796,0.0024471083907785323,605.1887371147722,1.4809624365982224,487.6456718936537,1.193321815417795
rxn00800_d0_r,561.348527192844,1.182289889552239,0.0021061601345327453,605.1887371147722,1.2746243919793507,487.6456718936537,1.0270598739198487
rxn00802_d0_f,91.59651439119415,1.2947882611940147,0.01413578092790933,76.18430814804142,1.0769246901250513,371.2529923307713,5.247950968418586
rxn00802_d0_r,91.59651439119415,1.1942671492537313,0.013038347116061713,76.18430814804142,0.9933174544311727,371.2529923307713,4.840525381885193
rxn00830_d0_f,830.8967398014785,1.1948162611940298,0.0014379840526026141,881.1424408622111,1.2670687780312015,755.2850674875608,1.0860878822160016
rxn00830_d0_r,830.8967398014785,1.1948162611940298,0.0014379840526026141,881.1424408622111,1.2670687780312015,755.2850674875608,1.0860878822160016
rxn00832_d0,0.0,0.2708352820895496,0.0,0.0,0.0,0.0021712517810533,0.0
rxn00834_d0_f,94.48194928421503,1.1948162611940298,0.012645973863217554,90.91764774235178,1.149742197055001,516.3300981712316,6.529496926265949
rxn00834_d0_r,94.48194928421503,1.1948162611940298,0.012645973863217554,90.91764774235178,1.149742197055001,516.3300981712316,6.529496926265949
rxn00838_d0,475.8099799830591,0.16762585223880805,0.000352295788845741,303.71686896399973,0.10699817393743083,605.1887371147722,0.21320544354240642
rxn00839_d0_f,605.1887371147722,1.1948162611940298,0.0019742870081989592,605.1887371147722,1.1948162611940298,605.1887371147722,1.1948162611940298
rxn00839_d0_r,605.1887371147722,1.1948162611940298,0.0019742870081989592,605.1887371147722,1.1948162611940298,605.1887371147722,1.1948162611940298
rxn00863_d0_f,0.0029524044465493167,1.2293520537313454,416.3901240455642,0.0024990673264894,1.0405869540751378,0.0043586957432923,1.8149178612263537
rxn00863_d0_r,0.0029524044465493167,1.1946265701492538,404.62836029985596,0.0024990673264894,1.0111935145963507,0.0043586957432923,1.7636519116543252
rxn00899_d0_f,39.53259714575311,1.1948162611940298,0.030223571114967488,25.90137926306212,0.7828321781329021,28.46132573852857,0.8602029024846728
rxn00899_d0_r,39.53259714575311,1.1948162611940298,0.030223571114967488,25.90137926306212,0.7828321781329021,28.46132573852857,0.8602029024846728
rxn00907_d0_f,16.70682988866923,1.7231038761193764,0.10313769204581451,9.718104911300887,1.0023029116106685,167.82809806486128,17.30940269484842
rxn00907_d0_r,16.70682988866923,1.1663056313432836,0.06981010994397482,9.718104911300887,0.6784219723049967,167.82809806486128,11.716097977596155
rxn00929_d0_f,0.00026244261062740004,0.0,0.0,0.0,0.0,0.0,0.0
rxn00929_d0_r,0.00026244261062740004,0.0,0.0,0.0,0.0,0.0,0.0
rxn00931_d0_f,0.00026244261062740004,0.0,0.0,0.0,0.0,0.0,0.0
rxn00931_d0_r,0.00026244261062740004,0.0,0.0,0.0,0.0,0.0,0.0
rxn00947_d0,132.1662181639695,0.0,0.0,120.08867528732308,0.0,179.09675980120952,0.0
rxn00974_d0_f,1011.4653311069957,1.6428725537313327,0.0016242499897977669,922.2510132388188,1.4979661988441317,744.8213408006143,1.2097760551965568
rxn00974_d0_r,1011.4653311069957,1.1923552388059702,0.0011788394541422393,922.2510132388188,1.0871858810285764,744.8213408006143,0.878024782822887
rxn00980_d0,133.99924179382418,0.0,0.0,157.8545195646959,0.0,120.2463846545192,0.0
rxn01000_d0,44.29178052398331,0.0,0.0,34.78376332168492,0.0,32.17966798604881,0.0
rxn01007_d0,1210.399239198546,0.035308308955224334,2.917079572736958e-05,1210.3878853985611,0.035307977755844246,1210.3851526247563,0.03530789803865782
rxn01011_d0_f,6.113526777888743,1.1948162611940298,0.19543813327446485,3.401332575974449,0.6647500892940732,1.3856528181997807,0.27080940015546656
rxn01011_d0_r,6.113526777888743,1.1948162611940298,0.19543813327446485,3.401332575974449,0.6647500892940732,1.3856528181997807,0.27080940015546656
rxn01018_d0,46.59351539697533,0.09868191791044674,0.002117932443381441,37.245675024337416,0.07888382350968605,97.7351332085849,0.2069964094806688
rxn01019_d0,554.3663846484932,0.0995873104477616,0.00017964168320001378,447.77460006876976,0.0804389828505668,568.8859657927734,0.10219563244387928
rxn01069_d0,327.51707786907014,0.16205570895522434,0.000494800790265992,420.1080049757066,0.2078697728590489,537.6126901213639,0.26601118392907674
rxn01100_d0_f,608.2937145458832,68.65484037462588,0.1128646223574406,606.7110599751859,68.47621466418185,605.7062905613914,68.36281174373762
rxn01100_d0_r,608.2937145458832,0.7572146970149254,0.001244817559195426,606.7110599751859,0.7552445808151805,605.7062905613914,0.7539938262059467
rxn01101_d0_f,0.0032930830501372997,1.9609384970149268,595.4719231673093,0.0028955039408131,1.7241913001744997,0.0327028755165619,19.473644176948227
rxn01101_d0_r,0.0032930830501372997,1.1658360626865671,354.0257093236563,0.0028955039408131,1.0250828364957998,0.0327028755165619,11.577658701674059
rxn01102_d0_f,0.0008253820495563833,1.1948162611940298,1447.591768970752,0.0,0.0,0.0,0.0
rxn01102_d0_r,0.0008253820495563833,1.1948162611940298,1447.591768970752,0.0,0.0,0.0,0.0
rxn01106_d0_f,18.89742933285093,1.1596346194029852,0.06136467553219519,19.099301209600995,1.1720224216188282,25.81923826670189,1.5843891787245994
rxn01106_d0_r,18.89742933285093,7.594888786567062,0.4019006317099571,19.099301209600995,7.676021221357388,25.81923826670189,10.376768169657387
rxn01111_d0_f,605.1887371147722,38.59985344776154,0.06378151323797884,605.1887371147722,38.59985344776154,605.1887371147722,38.59985344776154
rxn01111_d0_r,605.1887371147722,0.954933004477612,0.0015779094122442532,605.1887371147722,0.954933004477612,605.1887371147722,0.954933004477612
rxn01115_d0_f,102.64481717087368,0.0,0.0,113.77514923676917,0.0,194.88514840035847,0.0
rxn01115_d0_r,102.64481717087368,0.0,0.0,113.77514923676917,0.0,194.88514840035847,0.0
rxn01116_d0_f,298.93306361816724,1.0247663268656717,0.0034280795655800217,332.14658601126666,1.1386249242823903,275.4562439408373,0.94428592106501
rxn01116_d0_r,298.93306361816724,26.62965205820895,0.08908232410257401,332.14658601126666,29.58838982461913,275.4562439408373,24.538282398815355
rxn01200_d0_f,157.13947924749274,13.588622423880585,0.08647491062687482,151.55453522687426,13.105664888841503,113.76986164218545,9.8382386175399
rxn01200_d0_r,157.13947924749274,1.1120038373134327,0.007076540170799729,151.55453522687426,1.0724817565998583,113.76986164218545,0.8050969961372525
rxn01207_d0_f,39.53259714575311,1.1948162611940298,0.030223571114967488,25.90137926306212,0.7828321781329021,28.46132573852857,0.8602029024846728
rxn01207_d0_r,39.53259714575311,1.1948162611940298,0.030223571114967488,25.90137926306212,0.7828321781329021,28.46132573852857,0.8602029024846728
rxn01211_d0_f,16.70682988866923,1.7231038761193775,0.10313769204581458,9.718104911300887,1.0023029116106692,167.82809806486128,17.309402694848433
rxn01211_d0_r,16.70682988866923,1.1663056313432836,0.06981010994397482,9.718104911300887,0.6784219723049967,167.82809806486128,11.716097977596155
rxn01213_d0,0.006887015769313651,0.0,0.0,0.0,0.0,0.0059414699653188,0.0
rxn01249_d0_f,605.1887371147722,1.1948162611940298,0.0019742870081989592,605.1887371147722,1.1948162611940298,605.1887371147722,1.1948162611940298
rxn01249_d0_r,605.1887371147722,1.1948162611940298,0.0019742870081989592,605.1887371147722,1.1948162611940298,605.1887371147722,1.1948162611940298
rxn01256_d0,279.5466859253777,0.6092932895522404,0.0021795761503496606,205.17445999608003,0.4471933596683266,614.0508193521196,1.3383705209625476
rxn01257_d0_f,12.337957760542027,1.1948162611940298,0.09684068339212239,9.618181134296282,0.9314312340344708,16.341360381613818,1.582508506912436
rxn01257_d0_r,12.337957760542027,1.1948162611940298,0.09684068339212239,9.618181134296282,0.9314312340344708,16.341360381613818,1.582508506912436
rxn01258_d0_f,0.03972362187410723,1.1948162611940298,30.078230655317924,0.1129759347009309,3.398116222434736,0.1510498056114825,4.543310893623107
rxn01258_d0_r,0.03972362187410723,1.1948162611940298,30.078230655317924,0.1129759347009309,3.398116222434736,0.1510498056114825,4.543310893623107
rxn01301_d0_f,332.53984956231403,0.0,0.0,322.19232070676617,0.0,247.2066763491925,0.0
rxn01301_d0_r,332.53984956231403,0.0,0.0,322.19232070676617,0.0,247.2066763491925,0.0
rxn01302_d0_f,332.53984956231403,0.0,0.0,322.19232070676617,0.0,247.2066763491925,0.0
rxn01302_d0_r,332.53984956231403,0.0,0.0,322.19232070676617,0.0,247.2066763491925,0.0
rxn01332_d0,1129.2341748102947,0.6310215462686589,0.0005588048611570467,1452.6803561393926,0.8117648447180424,1312.4409224259778,0.7333983674330748
rxn01334_d0_f,549.826937648659,0.0,0.0,407.2417924045807,0.0,605.2921184646101,0.0
rxn01334_d0_r,549.826937648659,2.389632523880597,0.0043461539627357776,407.2417924045807,1.7699355298507893,605.2921184646101,2.630692739277699
rxn01345_d0,605.1887371147722,0.0,0.0,605.1887371147722,0.0,605.1887371147722,0.0
rxn01353_d0_f,605.1887371147722,1.1948162611940298,0.0019742870081989592,605.1887371147722,1.1948162611940298,605.1887371147722,1.1948162611940298
rxn01353_d0_r,605.1887371147722,1.1948162611940298,0.0019742870081989592,605.1887371147722,1.1948162611940298,605.1887371147722,1.1948162611940298
rxn01362_c0_f,180.74613197671488,1.1942721417910447,0.006607456152615759,144.51445963899857,0.9548729554836429,605.1887371147722,3.9987580445427624
rxn01362_c0_r,180.74613197671488,1.2938793701492248,0.0071585452811566246,144.51445963899857,1.0345133031076528,605.1887371147722,4.332270978282089
rxn01396_d0_f,0.015030714518538532,1.1948162611940298,79.49164756741081,0.019744362678958,1.5695119195188683,0.007353903429337,0.5845738996496306
rxn01396_d0_r,0.015030714518538532,1.1948162611940298,79.49164756741081,0.019744362678958,1.5695119195188683,0.007353903429337,0.5845738996496306
rxn01434_d0,0.037801744272214235,0.0995873104477616,2.634463365780774,0.0596133469490892,0.15704917864895457,0.1424641131763594,0.3753164871015649
rxn01465_d0_f,222.55212745980634,1.1942721417910447,0.0053662580332184615,233.93499530285675,1.2553555477948781,358.3398377638101,1.9229440330222463
rxn01465_d0_r,222.55212745980634,1.2938793701492248,0.005813826113088511,233.93499530285675,1.3600573844569868,358.3398377638101,2.08332550615114
rxn01476_d0_f,458.6681610339315,1.1948162611940298,0.0026049688264837712,438.26234625602046,1.1416597498185699,359.61705614407293,0.9367912207271741
rxn01476_d0_r,458.6681610339315,1.1948162611940298,0.0026049688264837712,438.26234625602046,1.1416597498185699,359.61705614407293,0.9367912207271741
rxn01486_d0,1538.3599234783615,0.0,0.0,1330.2932013974148,0.0,1263.9210886305946,0.0
rxn01512_d0_f,605.1887371147722,1.1948162611940298,0.0019742870081989592,605.1887371147722,1.1948162611940298,605.1887371147722,1.1948162611940298
rxn01512_d0_r,605.1887371147722,1.1948162611940298,0.0019742870081989592,605.1887371147722,1.1948162611940298,605.1887371147722,1.1948162611940298
rxn01637_d0_f,605.1887371147722,1.1942671492537313,0.0019733796682128973,605.1887371147722,1.1942671492537313,605.1887371147722,1.1942671492537313
rxn01637_d0_r,605.1887371147722,1.294788261194003,0.0021394784499243753,605.1887371147722,1.294788261194003,605.1887371147722,1.294788261194003
rxn01643_d0_f,497.10626657499824,1.193198876119403,0.0024002893472665275,419.3904667948122,1.006658469792724,605.1887371147722,1.4526280787822705
rxn01643_d0_r,497.10626657499824,1.489279267164204,0.0029958971900015605,419.3904667948122,1.2564507209840206,605.1887371147722,1.813083236942739
rxn01644_d0,174.63886593436473,0.08691266865671685,0.0004976708259739937,102.92181725501808,0.05122118580404929,433.8205735494013,0.21589984316284222
rxn01652_d0_f,781.551539361806,1.1948162611940298,0.0015287747525514245,690.3269706680064,1.055354443762556,661.2623203672111,1.010921140190964
rxn01652_d0_r,781.551539361806,1.1948162611940298,0.0015287747525514245,690.3269706680064,1.055354443762556,661.2623203672111,1.010921140190964
rxn01673_d0_f,605.1887371147722,1.1948162611940298,0.0019742870081989592,605.1887371147722,1.1948162611940298,605.1887371147722,1.1948162611940298
rxn01673_d0_r,605.1887371147722,1.1948162611940298,0.0019742870081989592,605.1887371147722,1.1948162611940298,605.1887371147722,1.1948162611940298
rxn01678_d0_f,605.1887371147722,1.1948162611940298,0.0019742870081989592,605.1887371147722,1.1948162611940298,605.1887371147722,1.1948162611940298
rxn01678_d0_r,605.1887371147722,1.1948162611940298,0.0019742870081989592,605.1887371147722,1.1948162611940298,605.1887371147722,1.1948162611940298
rxn01739_d0_f,0.01191392430219,1.8282753328358379,153.45702108412482,0.0069669552704767,1.0691282018336974,0.0053525621704549,0.8213882458455866
rxn01739_d0_r,0.01191392430219,1.1913368850746269,99.99533779609773,0.0069669552704767,0.696663045681621,0.0053525621704549,0.5352312623092518
rxn01740_d0_f,74.69863857334099,1.1913368850746269,0.015948575607638987,69.44913147443296,1.1076147242048546,129.0304138605789,2.057851311140392
rxn01740_d0_r,74.69863857334099,1.8282753328358419,0.02447535012356076,69.44913147443296,1.69979180861395,129.0304138605789,3.1580645558256157
rxn01807_d0_f,0.015030714518538532,1.1948162611940298,79.49164756741081,0.019744362678958,1.5695119195188683,0.007353903429337,0.5845738996496306
rxn01807_d0_r,0.015030714518538532,1.1948162611940298,79.49164756741081,0.019744362678958,1.5695119195188683,0.007353903429337,0.5845738996496306
rxn01917_d0_f,132.57731884192552,1.2947882611940178,0.009766287872647498,160.88207177416598,1.5712206264944415,236.8665187149159,2.3133066091617147
rxn01917_d0_r,132.57731884192552,1.1942671492537313,0.00900808041440089,160.88207177416598,1.4492386397771029,236.8665187149159,2.133712648063156
rxn01974_d0_f,605.1887371147722,1.282064659701493,0.002118454262406991,605.1887371147722,1.282064659701493,605.1887371147722,1.282064659701493
rxn01974_d0_r,605.1887371147722,1.1943370373134328,0.001973495149641112,605.1887371147722,1.1943370373134328,605.1887371147722,1.1943370373134328
rxn01975_d0_f,751.7613180866219,1.1948162611940298,0.0015893558666134466,662.3434414932221,1.0526994344501928,436.0547983143263,0.6930462518658178
rxn01975_d0_r,751.7613180866219,1.1948162611940298,0.0015893558666134466,662.3434414932221,1.0526994344501928,436.0547983143263,0.6930462518658178
rxn02159_d0_f,0.0029524044465493167,1.229352053731345,416.39012404556405,0.0024990673264894,1.0405869540751373,0.0043586957432923,1.8149178612263528
rxn02159_d0_r,0.0029524044465493167,1.1946265701492538,404.62836029985596,0.0024990673264894,1.0111935145963507,0.0043586957432923,1.7636519116543252
rxn02212_d0,47.396205849971665,0.6310215462686589,0.013313756553976064,36.90661354114536,0.4913656679184858,45.20185545180152,0.6018064992733012
rxn02213_d0_f,74.69863857334099,1.8282753328358372,0.024475350123560696,69.44913147443296,1.6997918086139459,129.0304138605789,3.1580645558256077
rxn02213_d0_r,74.69863857334099,1.1913368850746269,0.015948575607638987,69.44913147443296,1.1076147242048546,129.0304138605789,2.057851311140392
rxn02251_d0,1212.2154979681425,0.0,0.0,1212.6427846800143,0.0,1211.1269721423864,0.0
rxn02305_d0_f,107.4086450509024,1.1948162611940298,0.011124023216453298,90.3489276957724,1.0050435692694326,105.01221755080834,1.1681583460464366
rxn02305_d0_r,107.4086450509024,1.1948162611940298,0.011124023216453298,90.3489276957724,1.0050435692694326,105.01221755080834,1.1681583460464366
rxn02320_d0_f,0.16954182614687327,1.1946265701492538,7.04620563137237,0.1395271874625463,0.9831372540281421,0.1154533551513187,0.8135080812280561
rxn02320_d0_r,0.16954182614687327,1.2293520537313518,7.251025199329693,0.1395271874625463,1.0117151522825212,0.1154533551513187,0.8371551875493725
rxn02373_d0,67.07212320319765,0.08691266865671685,0.001295809115709838,20.536604296086328,0.026611519052594484,165.36153411233337,0.21427698329052491
rxn02402_d0,0.0,0.0,0.0,0.0,0.0,0.0,0.0
rxn02465_d0_f,0.005514227851199684,1.1942671492537313,216.57921679712686,0.0089876573907382,1.946539798526988,0.0147789553443677,3.2008145735628686
rxn02465_d0_r,0.005514227851199684,1.2947882611940038,234.8086252751249,0.0089876573907382,2.110379476363053,0.0147789553443677,3.4702261874134397
rxn02473_d0,0.0009259045934302333,0.034402899999999355,37.155988040350515,0.0030209892587258,0.11224784076724319,0.0,0.0
rxn02474_d0_f,219.11574704270478,1.1948162611940298,0.005452900018916326,244.39278445574067,1.332649418981722,333.82640958632413,1.820322035148036
rxn02474_d0_r,219.11574704270478,1.1948162611940298,0.005452900018916326,244.39278445574067,1.332649418981722,333.82640958632413,1.820322035148036
rxn02475_d0,219.11574704270478,0.0,0.0,244.39278445574067,0.0,333.82640958632413,0.0
rxn02476_d0_f,165.24415986847274,1.8282753328358368,0.01106408440873835,92.83068424598648,1.0270865262185318,452.7935150197063,5.009745669907367
rxn02476_d0_r,165.24415986847274,1.1913368850746269,0.007209555157791234,92.83068424598648,0.6692679384069413,452.7935150197063,3.2644398216247463
rxn02484_d0_f,107.4086450509024,1.1948162611940298,0.011124023216453298,90.3489276957724,1.0050435692694326,105.01221755080834,1.1681583460464366
rxn02484_d0_r,107.4086450509024,1.1948162611940298,0.011124023216453298,90.3489276957724,1.0050435692694326,105.01221755080834,1.1681583460464366
rxn02507_d0,279.6177350521049,0.021728077611940486,7.770636439742138e-05,276.56274454513544,0.02149068540637526,579.1994591383747,0.04500748423059592
rxn02789_d0_f,605.1887371147722,1.3511360582089578,0.002232586258380283,605.1887371147722,1.3511360582089578,605.1887371147722,1.3511360582089578
rxn02789_d0_r,605.1887371147722,1.1939576507462686,0.001972868259971993,605.1887371147722,1.1939576507462686,605.1887371147722,1.1939576507462686
rxn02811_d0_f,605.1887371147722,1.1939576507462686,0.001972868259971993,605.1887371147722,1.1939576507462686,605.1887371147722,1.1939576507462686
rxn02811_d0_r,605.1887371147722,1.3511360582089609,0.002232586258380288,605.1887371147722,1.3511360582089609,605.1887371147722,1.3511360582089609
rxn02834_d0,128.8526236244715,0.034402899999999355,0.00026699417545632037,128.72295225740066,0.03436827850026798,605.1887371147722,0.16158186786141043
rxn02835_d0_f,128.8526236244715,1.2293520537313445,0.009540760747830576,128.72295225740066,1.2281148902422774,605.1887371147722,5.773960948093776
rxn02835_d0_r,128.8526236244715,1.1946265701492538,0.009271263064311964,128.72295225740066,1.1934243527932311,605.1887371147722,5.61086398534979
rxn02895_d0,114.13315729950095,0.2348537462686545,0.00205771707210698,60.44041043687677,0.1243692644011142,436.89937392753694,0.8990153005235438
rxn02914_d0_f,171.23553789209598,1.1658360626865671,0.006808376795132435,301.35194277105506,2.051717574330529,629.0606735671107,4.282882092644696
rxn02914_d0_r,171.23553789209598,1.9609384970149364,0.011451702848334095,301.35194277105506,3.4509929013823046,629.0606735671107,7.203815907263446
rxn02928_d0_f,769.7541137377526,0.0,0.0,723.593163400237,0.0,1104.5949304056855,0.0
rxn02928_d0_r,769.7541137377526,0.0,0.0,723.593163400237,0.0,1104.5949304056855,0.0
rxn02929_d0_f,769.7541137377526,0.0,0.0,723.593163400237,0.0,1104.5949304056855,0.0
rxn02929_d0_r,769.7541137377526,0.0,0.0,723.593163400237,0.0,1104.5949304056855,0.0
rxn02937_d0,0.005990213402713583,0.23485374626865443,39.20624032563932,0.0,0.0,0.0139525959566173,0.5470288302416813
rxn02938_d0_f,11.592441297552446,1.1821570641791044,0.10197654090590025,6.780704654334773,0.6914728055535981,253.1853081000201,25.818961928234657
rxn02938_d0_r,11.592441297552446,1.4409565462686293,0.12430138823069682,6.780704654334773,0.8428510017161596,253.1853081000201,31.471285276449187
rxn02988_d0,159.80370676494195,0.0,0.0,98.2943576085522,0.0,162.54158489104086,0.0
rxn03004_d0_f,45.47538089254456,1.4409565462686473,0.03168651956260765,43.86438160433587,1.3899095858074757,54.501965549008005,1.7269775975692103
rxn03004_d0_r,45.47538089254456,1.1821570641791044,0.02599553958596777,43.86438160433587,1.1402782684095094,54.501965549008005,1.4168080029422891
rxn03062_d0_f,684.4759366463696,1.3511360582089575,0.0019739715976414434,574.3467356272814,1.1337441433263324,978.5156053509778,1.9315620128117539
rxn03062_d0_r,684.4759366463696,1.1939576507462686,0.001744338386234781,574.3467356272814,1.0018550579633063,978.5156053509778,1.7068623319434744
rxn03080_d0,599.8705971514735,0.0,0.0,605.1887371147722,0.0,605.1887371147722,0.0
rxn03084_d0,70.29365510633544,0.2348537462686545,0.0033410376215802663,44.625651831197416,0.14909598165557286,131.56270016587746,0.4395559308508809
rxn03108_d0_f,107.4086450509024,1.1948162611940298,0.011124023216453298,90.3489276957724,1.0050435692694326,105.01221755080834,1.1681583460464366
rxn03108_d0_r,107.4086450509024,1.1948162611940298,0.011124023216453298,90.3489276957724,1.0050435692694326,105.01221755080834,1.1681583460464366
rxn03135_d0,206.65526951560847,0.034402899999999355,0.00016647482583259722,178.69898816124265,0.029748882930604223,296.98951698785106,0.049441278114659676
rxn03136_d0_f,561.348527192844,1.4409565462686476,0.002566955245210122,605.1887371147722,1.553492403078854,487.6456718936537,1.2517646152714283
rxn03136_d0_r,561.348527192844,1.1821570641791044,0.0021059235161634076,605.1887371147722,1.274481193207233,487.6456718936537,1.0269444879961505
rxn03137_d0_f,0.0,1.4769634014925281,0.0,0.0,0.0,0.0021712517810533,0.0
rxn03137_d0_r,0.0,1.1820859746268657,0.0,0.0,0.0,0.0021712517810533,0.0
rxn03147_d0,0.0,0.2348537462686545,0.0,0.0,0.0,0.0,0.0
rxn03175_d0_f,117.91829793741023,1.2293520537313443,0.01042545622888715,145.6724545515924,1.5187017986821794,196.5424048557167,2.049044238943492
rxn03175_d0_r,117.91829793741023,1.1946265701492538,0.010130968569299981,145.6724545515924,1.4758030584749626,196.5424048557167,1.991164926127898
rxn03891_d0,426.31952961063894,0.0,0.0,121.9103653527126,0.0,605.2054701366512,0.0
rxn03892_d0,426.31952961063894,0.0,0.0,121.9103653527126,0.0,605.2054701366512,0.0
rxn03907_d0_f,467.85674742017636,1.1948162611940298,0.002553807907617885,545.7474621577189,1.393734184420775,385.0803343690837,0.9834212029799051
rxn03907_d0_r,467.85674742017636,1.1948162611940298,0.002553807907617885,545.7474621577189,1.393734184420775,385.0803343690837,0.9834212029799051
rxn03908_d0_f,313.63470609197685,1.1948162611940298,0.003809579226999313,310.7230568202816,1.183724102612272,347.40375588241864,1.3234621317912025
rxn03908_d0_r,313.63470609197685,1.1948162611940298,0.003809579226999313,310.7230568202816,1.183724102612272,347.40375588241864,1.3234621317912025
rxn03909_d0,605.1887371147722,0.0,0.0,605.1887371147722,0.0,605.1887371147722,0.0
rxn03958_d0_f,0.0358894652432935,1.1948162611940298,33.291559322336234,0.0386153765786371,1.2855661001220504,0.0125264155012749,0.41702390475692547
rxn03958_d0_r,0.0358894652432935,1.1948162611940298,33.291559322336234,0.0386153765786371,1.2855661001220504,0.0125264155012749,0.41702390475692547
rxn03983_d0_f,491.62739406222585,1.1944268910447762,0.002429536892107351,418.0792630050136,1.0157389932957326,230.73544577459555,0.5605802778262151
rxn03983_d0_r,491.62739406222585,1.2657054611940226,0.0025745218360102625,418.0792630050136,1.076354191789485,230.73544577459555,0.594033443488258
rxn04113_d0,605.1887371147722,0.0,0.0,605.1887371147722,0.0,605.1887371147722,0.0
rxn04954_c0_f,605.1890054584295,1.1945716582089552,0.001973881956603077,605.1903471767163,1.194574306602472,605.1887371147722,1.1945711285302516
rxn04954_c0_r,605.1890054584295,1.2393491671641694,0.00204787125342002,605.1903471767163,1.239351914830479,605.1887371147722,1.2393486176309074
rxn04996_d0,605.1887371147722,0.0,0.0,605.1887371147722,0.0,605.1887371147722,0.0
rxn05024_d0_f,605.1887371147722,1.1948162611940298,0.0019742870081989592,605.1887371147722,1.1948162611940298,486.1501386459088,0.9597999027627405
rxn05024_d0_r,605.1887371147722,1.1948162611940298,0.0019742870081989592,605.1887371147722,1.1948162611940298,486.1501386459088,0.9597999027627405
rxn05040_d0,690.6502219709706,0.0,0.0,954.1930499745164,0.0,796.1472358793128,0.0
rxn05104_d0,0.9715479893967304,0.0,0.0,1.4599864692265851,0.0,0.0256906649891884,0.0
rxn05105_d0_f,0.9715479893967304,1.1948162611940298,1.2298067354716413,1.4599864692265851,1.7955011935523146,0.0256906649891884,0.03159455284244937
rxn05105_d0_r,0.9715479893967304,1.1948162611940298,1.2298067354716413,1.4599864692265851,1.7955011935523146,0.0256906649891884,0.03159455284244937
rxn05106_d0,0.9715479893967304,0.0,0.0,1.4599864692265851,0.0,0.0256906649891884,0.0
rxn05287_d0,426.31952961063894,0.0,0.0,121.9103653527126,0.0,605.2054701366512,0.0
rxn05330_d0_f,514.6648663402889,1.517453153731347,0.0029484296538867085,626.3735468355204,1.8468183399000435,698.9947796012704,2.06093693608839
rxn05330_d0_r,514.6648663402889,1.1930441253731343,0.002318099025986963,626.3735468355204,1.4519959088234193,698.9947796012704,1.6203391177636768
rxn05331_d0_f,514.6648663402889,1.517453153731347,0.0029484296538867085,626.3735468355204,1.8468183399000435,698.9947796012704,2.06093693608839
rxn05331_d0_r,514.6648663402889,1.1930441253731343,0.002318099025986963,626.3735468355204,1.4519959088234193,698.9947796012704,1.6203391177636768
rxn05335_d0_f,514.6648663402889,1.517453153731347,0.0029484296538867085,626.3735468355204,1.8468183399000435,698.9947796012704,2.06093693608839
rxn05335_d0_r,514.6648663402889,1.1930441253731343,0.002318099025986963,626.3735468355204,1.4519959088234193,698.9947796012704,1.6203391177636768
rxn05337_d0_f,605.1887371147722,1.1930441253731343,0.001971358771580835,605.1887371147722,1.193044125373134,605.1887371147722,1.193044125373134
rxn05337_d0_r,605.1887371147722,1.5174531537313478,0.0025074048155056257,605.1887371147722,1.5174531537313478,605.1887371147722,1.5174531537313478
rxn05338_d0_f,605.1887371147722,1.1930441253731343,0.001971358771580835,605.1887371147722,1.193044125373134,605.1887371147722,1.193044125373134
rxn05338_d0_r,605.1887371147722,1.5174531537313478,0.0025074048155056257,605.1887371147722,1.5174531537313478,605.1887371147722,1.5174531537313478
rxn05340_d0_f,605.1887371147722,1.1930441253731343,0.001971358771580835,605.1887371147722,1.193044125373134,605.1887371147722,1.193044125373134
rxn05340_d0_r,605.1887371147722,1.5174531537313478,0.0025074048155056257,605.1887371147722,1.5174531537313478,605.1887371147722,1.5174531537313478
rxn05342_d0_f,605.1887371147722,1.1930441253731343,0.001971358771580835,605.1887371147722,1.193044125373134,605.1887371147722,1.193044125373134
rxn05342_d0_r,605.1887371147722,1.5174531537313478,0.0025074048155056257,605.1887371147722,1.5174531537313478,605.1887371147722,1.5174531537313478
rxn05465_d0_f,0.012229049464256967,3.4520142552238586,282.27985055693796,0.0115683083921614,3.265500364135891,0.0737465350468674,20.817160892121716
rxn05465_d0_r,0.012229049464256967,1.182411308955224,96.68873385549487,0.0115683083921614,1.1185250912879814,0.0737465350468674,7.130459099911487
rxn05736_d0,132.1662181639695,0.0,0.0,120.08867528732308,0.0,179.09675980120952,0.0
rxn07441_d0_f,607.9115405637032,1.1943370373134328,0.0019646559698569795,607.9308931268237,1.1943750584420996,606.6420691998113,1.1918429628198002
rxn07441_d0_r,607.9115405637032,1.2820646597014942,0.002108965818468693,607.9308931268237,1.2821054735956152,606.6420691998113,1.2793873879875215
rxn07447_d0,0.0003566073001001,0.0,0.0,0.0021396438006006,0.0,0.0,0.0
rxn08173_y0,1214.553636221185,107.53997488805938,0.08854279603710728,1214.700468659923,107.55297584273418,1213.710947496811,107.46536087221436
rxn08352_d0,605.1887371147722,0.0,0.0,605.1887371147722,0.0,605.1887371147722,0.0
rxn08436_d0_f,587.037204086457,1.493823367164177,0.0025446826142626754,605.1887371147722,1.5400132576835455,219.1964707273981,0.5577854481677473
rxn08436_d0_r,587.037204086457,1.1931739164179105,0.0020325354306542105,605.1887371147722,1.2300675504186511,219.1964707273981,0.4455245930277951
rxn08756_d0,605.1887371147722,0.0,0.0,605.1887371147722,0.0,605.1887371147722,0.0
rxn08766_d0_f,0.0003975883261717334,1.517453153731347,3816.64413626647,0.0,0.0,0.0025151208469192,9.599321232395724
rxn08766_d0_r,0.0003975883261717334,1.1930441253731343,3000.70210023675,0.0,0.0,0.0025151208469192,7.547128407699677
rxn09444_d0,132.1662181639695,0.0,0.0,120.08867528732308,0.0,179.09675980120952,0.0
rxn09449_d0,132.1662181639695,0.0,0.0,120.08867528732308,0.0,179.09675980120952,0.0
rxn09453_d0,132.1662181639695,0.0,0.0,120.08867528732308,0.0,179.09675980120952,0.0
rxn11040_d0_f,102.64481717087368,0.0,0.0,113.77514923676917,0.0,194.88514840035847,0.0
rxn11040_d0_r,102.64481717087368,0.0,0.0,113.77514923676917,0.0,194.88514840035847,0.0
rxn11700_d0_f,587.037204086457,1.2048135597014904,0.002052363208523406,605.1887371147722,1.242067098267102,219.1964707273981,0.44987077195908964
rxn11700_d0_r,587.037204086457,1.1947613507462687,0.002035239576690114,605.1887371147722,1.2317040691430936,219.1964707273981,0.4461173322951966
rxn12282_d0,132.1662181639695,0.0,0.0,120.08867528732308,0.0,179.09675980120952,0.0
rxn13975_d0_f,1733.7112867610856,1.1948162611940298,0.000689166800907308,1815.5662113443163,1.251227957707564,1815.5662113443163,1.251227957707564
rxn13975_d0_r,1733.7112867610856,1.1948162611940298,0.000689166800907308,1815.5662113443163,1.251227957707564,1815.5662113443163,1.251227957707564
rxn13995_d0_f,1733.7112867610856,1.1948162611940298,0.000689166800907308,1815.5662113443163,1.251227957707564,1815.5662113443163,1.251227957707564
rxn13995_d0_r,1733.7112867610856,1.1948162611940298,0.000689166800907308,1815.5662113443163,1.251227957707564,1815.5662113443163,1.251227957707564
rxn14004_d0,1210.3774742295443,0.0,0.0,1210.3774742295443,0.0,1210.3774742295443,0.0
rxn14012_d0,426.31952961063894,0.0,0.0,121.9103653527126,0.0,605.2054701366512,0.0
rxn14059_d0_f,1733.7112867610856,1.1948162611940298,0.000689166800907308,1815.5662113443163,1.251227957707564,1815.5662113443163,1.251227957707564
rxn14059_d0_r,1733.7112867610856,1.1948162611940298,0.000689166800907308,1815.5662113443163,1.251227957707564,1815.5662113443163,1.251227957707564
rxn14085_d0,0.00290837334803855,0.0,0.0,0.0105897173316194,0.0,0.0,0.0
rxn14094_d0_f,605.1887371147722,1.1948162611940298,0.0019742870081989592,605.1887371147722,1.1948162611940298,605.1887371147722,1.1948162611940298
rxn14094_d0_r,605.1887371147722,1.1948162611940298,0.0019742870081989592,605.1887371147722,1.1948162611940298,605.1887371147722,1.1948162611940298
rxn14102_d0,1210.3774742295443,0.0,0.0,1210.3774742295443,0.0,1210.3774742295443,0.0
rxn14142_d0_f,605.1887371147722,1.1948162611940298,0.0019742870081989592,605.1887371147722,1.1948162611940298,605.1887371147722,1.1948162611940298
rxn14142_d0_r,605.1887371147722,1.1948162611940298,0.0019742870081989592,605.1887371147722,1.1948162611940298,605.1887371147722,1.1948162611940298
rxn14156_d0_f,1733.7112867610856,1.1948162611940298,0.000689166800907308,1815.5662113443163,1.251227957707564,1815.5662113443163,1.251227957707564
rxn14156_d0_r,1733.7112867610856,1.1948162611940298,0.000689166800907308,1815.5662113443163,1.251227957707564,1815.5662113443163,1.251227957707564
rxn14183_d0,1210.3774742295443,0.0,0.0,1210.3774742295443,0.0,1210.3774742295443,0.0
rxn14205_d0,1210.3774742295443,0.0,0.0,1210.3774742295443,0.0,1210.3774742295443,0.0
rxn14248_d0_f,1733.7112867610856,1.1948162611940298,0.000689166800907308,1815.5662113443163,1.251227957707564,1815.5662113443163,1.251227957707564
rxn14248_d0_r,1733.7112867610856,1.1948162611940298,0.000689166800907308,1815.5662113443163,1.251227957707564,1815.5662113443163,1.251227957707564
rxn14261_d0_f,605.1887371147722,1.1948162611940298,0.0019742870081989592,605.1887371147722,1.1948162611940298,605.1887371147722,1.1948162611940298
rxn14261_d0_r,605.1887371147722,1.1948162611940298,0.0019742870081989592,605.1887371147722,1.1948162611940298,605.1887371147722,1.1948162611940298
rxn14278_d0_f,1733.7112867610856,1.1948162611940298,0.000689166800907308,1815.5662113443163,1.251227957707564,1815.5662113443163,1.251227957707564
rxn14278_d0_r,1733.7112867610856,1.1948162611940298,0.000689166800907308,1815.5662113443163,1.251227957707564,1815.5662113443163,1.251227957707564
rxn14308_d0,1210.3774742295443,0.0,0.0,1210.3774742295443,0.0,1210.3774742295443,0.0
rxn14347_d0,1210.3774742295443,0.0,0.0,1210.3774742295443,0.0,1210.3774742295443,0.0
rxn15021_d0,0.0003965609558518166,0.2706964313432803,682.609892246759,0.0,0.0,0.0,0.0
rxn15022_d0,605.1887371147722,0.3684731388059666,0.0006088565702042912,605.1887371147722,0.3684731388059666,605.1887371147722,0.3684731388059666
rxn15069_d0_f,561.5120733435397,0.0,0.0,480.1741334172615,0.0,199.9267923775954,0.0
rxn15069_d0_r,561.5120733435397,2.3737581791044775,0.00422743925160837,480.1741334172615,2.0299069792151654,199.9267923775954,0.8451783695452039
rxn15116_d0_f,549.826937648659,2.0425879164179106,0.0037149651582242594,407.2417924045807,1.5128890697558142,605.2921184646101,2.2486391306437774
rxn15116_d0_r,549.826937648659,0.0,0.0,407.2417924045807,0.0,605.2921184646101,0.0
rxn15166_d0,0.0,0.04436154477611916,0.0,0.0,0.0,0.0,0.0
rxn15250_d0,142.49160147660027,0.0,0.0,119.6000553557746,0.0,208.5352296788646,0.0
rxn15271_d0_f,157.13947924749274,14.236694804477615,0.09059909624655811,151.55453522687426,13.730703923621963,113.76986164218545,10.30744664487796
rxn15271_d0_r,157.13947924749274,1.1106998985074625,0.007068242200027428,151.55453522687426,1.0712241614961362,113.76986164218545,0.804152937150577
rxn15280_d0_f,1011.4653311069957,1.1927845462686566,0.0011792638952471228,922.2510132388188,1.0875773222676153,744.8213408006143,0.8783409156157171
rxn15280_d0_r,1011.4653311069957,1.564712747761188,0.0015469761539416206,922.2510132388188,1.4267003254289505,744.8213408006143,1.1522208531653753
rxn15298_d0_f,231.24491230150656,0.0,0.0,144.0983793527342,0.0,296.9621762732764,0.0
rxn15298_d0_r,231.24491230150656,0.0,0.0,144.0983793527342,0.0,296.9621762732764,0.0
rxn15435_d0_f,232.3728147979172,1.1948162611940298,0.005141807410789859,253.59917381245987,1.3039581112790917,252.932847321557,1.3005319887901616
rxn15435_d0_r,232.3728147979172,1.1948162611940298,0.005141807410789859,253.59917381245987,1.3039581112790917,252.932847321557,1.3005319887901616
rxn15493_d0_f,166.3902970440151,0.0,0.0,150.09013808654402,0.0,65.12279861140432,0.0
rxn15493_d0_r,166.3902970440151,0.0,0.0,150.09013808654402,0.0,65.12279861140432,0.0
rxn15494_d0_f,146.87886531780143,0.0,0.0,132.21283280016246,0.0,100.93147223183875,0.0
rxn15494_d0_r,146.87886531780143,0.0,0.0,132.21283280016246,0.0,100.93147223183875,0.0
rxn16426_d0,54.54843023678227,0.0,0.0,30.82487295093972,0.0,143.02820156494772,0.0
rxn16427_d0,54.54843023678227,0.0,0.0,30.82487295093972,0.0,143.02820156494772,0.0
rxn16428_d0,54.54843023678227,0.0,0.0,30.82487295093972,0.0,143.02820156494772,0.0
rxn16809_d0,0.033696123505389745,0.0,0.0,0.0,0.0,0.0,0.0
rxn17196_d0,0.0009519510679774501,0.0,0.0,0.0028007454163118,0.0,0.0,0.0
rxn17744_d0_f,39.53259714575311,1.1948162611940298,0.030223571114967488,25.90137926306212,0.7828321781329021,28.46132573852857,0.8602029024846728
rxn17744_d0_r,39.53259714575311,1.1948162611940298,0.030223571114967488,25.90137926306212,0.7828321781329021,28.46132573852857,0.8602029024846728
rxn17803_d0_f,761.7970473599008,1.2084487716417962,0.0015863132783591385,785.6057190616933,1.2462167837024432,346.13740636755324,0.5490823638576428
rxn17803_d0_r,761.7970473599008,1.1947413820895523,0.0015683197857356787,785.6057190616933,1.2320809929915586,346.13740636755324,0.5428541429894647
rxn18935_d0_f,514.6648663402889,1.517453153731347,0.0029484296538867085,626.3735468355204,1.8468183399000435,698.9947796012704,2.06093693608839
rxn18935_d0_r,514.6648663402889,1.1930441253731343,0.002318099025986963,626.3735468355204,1.4519959088234193,698.9947796012704,1.6203391177636768
rxn18936_d0_f,514.6648663402889,1.517453153731347,0.0029484296538867085,626.3735468355204,1.8468183399000435,698.9947796012704,2.06093693608839
rxn18936_d0_r,514.6648663402889,1.1930441253731343,0.002318099025986963,626.3735468355204,1.4519959088234193,698.9947796012704,1.6203391177636768
rxn18937_d0_f,514.6648663402889,1.517453153731347,0.0029484296538867085,626.3735468355204,1.8468183399000435,698.9947796012704,2.06093693608839
rxn18937_d0_r,514.6648663402889,1.1930441253731343,0.002318099025986963,626.3735468355204,1.4519959088234193,698.9947796012704,1.6203391177636768
rxn19027_d0_f,0.0,1.1933236746268656,0.0,0.0,0.0,0.0,0.0
rxn19027_d0_r,0.0,1.4665583462686482,0.0,0.0,0.0,0.0,0.0
rxn19029_d0_f,0.0,1.1944019313432834,0.0,0.0,0.0,0.0,0.0
rxn19029_d0_r,0.0,1.2702497477612171,0.0,0.0,0.0,0.0,0.0
rxn19030_d0_f,0.0003965609558518166,1.2702497477611978,3203.16392478097,0.0,0.0,0.0,0.0
rxn19030_d0_r,0.0003965609558518166,1.1944019313432834,3011.8999707817857,0.0,0.0,0.0,0.0
rxn19071_d0,234.8678587789437,0.0,0.0,372.11662341050993,0.0,59.15836622612154,0.0
rxn19240_d0_f,0.00017992828322116667,1.1944019313432834,6638.211124790939,0.0,0.0,0.0024089584552971,15.991174817112405
rxn19240_d0_r,0.00017992828322116667,1.270249747761217,7059.755837273422,0.0,0.0,0.0024089584552971,17.006658516532866
rxn19241_d0_f,0.00017992828322116667,1.1939576507462686,6635.741915453413,0.0,0.0,0.0024089584552971,15.985226594400872
rxn19241_d0_r,0.00017992828322116667,1.3511360582089602,7509.3033403100535,0.0,0.0,0.0024089584552971,18.08959977503066
rxn19242_d0_f,0.00017992828322116667,1.194182286567164,6636.990389661435,0.0,0.0,0.0024089584552971,15.988234116900509
rxn19242_d0_r,0.00017992828322116667,1.3102385462686437,7282.004378700746,0.0,0.0,0.0024089584552971,17.54204601958167
rxn19246_d0,132.1662181639695,0.0,0.0,120.08867528732308,0.0,179.09675980120952,0.0
rxn19253_d0,314.4760633940866,0.0,0.0,292.67635477500244,0.0,679.3424039705498,0.0
rxn19343_d0,605.1887371147722,0.04436154477611916,7.330199994734226e-05,605.1887371147722,0.04436154477611916,605.1887371147722,0.04436154477611916
rxn19345_d0,0.004385939009139166,0.07061641940298582,16.100638712904903,0.0029312185351048,0.047194490622292744,0.0,0.0
rxn19686_d0_f,514.6648663402889,1.517453153731347,0.0029484296538867085,626.3735468355204,1.8468183399000435,698.9947796012704,2.06093693608839
rxn19686_d0_r,514.6648663402889,1.1930441253731343,0.002318099025986963,626.3735468355204,1.4519959088234193,698.9947796012704,1.6203391177636768
rxn19701_d0,605.1887371147722,0.0,0.0,605.1887371147722,0.0,605.1887371147722,0.0
rxn19828_d0_f,43.24078156801412,1.6446594731343285,0.03803491550094711,29.256208753506115,1.1127574278176744,13.390292083006626,0.5092986279101581
rxn19828_d0_r,43.24078156801412,0.0,0.0,29.256208753506115,0.0,13.390292083006626,0.0
rxn19900_d0,0.034512022002948235,0.0,0.0,0.0570513692341965,0.0,0.1714454770093762,0.0
rxn19905_d0,241.49055298619996,0.20641743283582292,0.0008547640074666553,250.8238752462225,0.21439522077377754,208.64622423275608,0.17834328276797695
rxn20583_d0_f,605.1887371147722,2.3733688074626866,0.003921700226573424,605.1887371147722,2.3733688074626866,605.1887371147722,2.3733688074626866
rxn20583_d0_r,605.1887371147722,0.0,0.0,605.1887371147722,0.0,605.1887371147722,0.0
rxn20595_y0,0.4036368376935784,71.69331659253847,177.61836853692867,0.2967027638840397,52.699860861480694,1.088225808488525,193.288892703512
rxn20632_y0,3025.943685573861,35.846658295522964,0.011846439332767938,3025.943685573861,35.846658295522964,2753.4766146991165,32.618893670228324
rxn20643_d0,0.0,0.0,0.0,0.0,0.0,0.0017282397377148,0.0
rxn23155_d0_f,0.0,1.1948162611940298,0.0,0.0,0.0,0.0,0.0
rxn23155_d0_r,0.0,1.1948162611940298,0.0,0.0,0.0,0.0,0.0
rxn23415_d0_f,0.0,1.1948162611940298,0.0,0.0,0.0,0.0,0.0
rxn23415_d0_r,0.0,1.1948162611940298,0.0,0.0,0.0,0.0,0.0
rxn23805_d0,605.1887371147722,0.0,0.0,605.1887371147722,0.0,605.1887371147722,0.0
rxn24109_d0,58.396821766351685,0.04436154477611916,0.0007596568346409621,56.09425017284119,0.04261238052785878,55.221784008694456,0.04194960564327173
rxn24330_d0_f,140.45968198204312,1.1948162611940298,0.008506471354155418,135.18460692537425,1.1499439863334562,12.165837371862064,0.1034883471030581
rxn24330_d0_r,140.45968198204312,1.1948162611940298,0.008506471354155418,135.18460692537425,1.1499439863334562,12.165837371862064,0.1034883471030581
rxn24358_d0_f,605.1887371147722,1.1948162611940298,0.0019742870081989592,605.1887371147722,1.1948162611940298,605.1887371147722,1.1948162611940298
rxn24358_d0_r,605.1887371147722,1.1948162611940298,0.0019742870081989592,605.1887371147722,1.1948162611940298,605.1887371147722,1.1948162611940298
rxn24360_d0_f,605.1887371147722,1.1948162611940298,0.0019742870081989592,605.1887371147722,1.1948162611940298,605.1887371147722,1.1948162611940298
rxn24360_d0_r,605.1887371147722,1.1948162611940298,0.0019742870081989592,605.1887371147722,1.1948162611940298,605.1887371147722,1.1948162611940298
rxn24362_d0_f,605.1887371147722,1.1948162611940298,0.0019742870081989592,605.1887371147722,1.1948162611940298,605.1887371147722,1.1948162611940298
rxn24362_d0_r,605.1887371147722,1.1948162611940298,0.0019742870081989592,605.1887371147722,1.1948162611940298,605.1887371147722,1.1948162611940298
rxn24508_d0_f,165.43073274453357,1.2084487716417949,0.007304862594714744,368.1756070958701,2.6894722205610138,163.42959093267064,1.1938307056735977
rxn24508_d0_r,165.43073274453357,1.1947413820895523,0.007222003809500934,368.1756070958701,2.6589656370116925,163.42959093267064,1.1802891283009265
rxn25637_d0_f,605.1887371147722,1.5174531537313467,0.002507404815505624,605.1887371147722,1.5174531537313467,605.1887371147722,1.5174531537313467
rxn25637_d0_r,605.1887371147722,1.1930441253731343,0.001971358771580835,605.1887371147722,1.193044125373134,605.1887371147722,1.193044125373134
rxn25641_d0_f,605.1887371147722,1.1930441253731343,0.001971358771580835,605.1887371147722,1.193044125373134,605.1887371147722,1.193044125373134
rxn25641_d0_r,605.1887371147722,1.5174531537313471,0.0025074048155056244,605.1887371147722,1.5174531537313471,605.1887371147722,1.5174531537313471
rxn25649_d0_f,605.1887371147722,1.1930441253731343,0.001971358771580835,605.1887371147722,1.193044125373134,605.1887371147722,1.193044125373134
rxn25649_d0_r,605.1887371147722,1.5174531537313471,0.0025074048155056244,605.1887371147722,1.5174531537313471,605.1887371147722,1.5174531537313471
rxn25661_d0_f,605.1887371147722,1.1948162611940298,0.0019742870081989592,605.1887371147722,1.1948162611940298,605.1887371147722,1.1948162611940298
rxn25661_d0_r,605.1887371147722,1.1948162611940298,0.0019742870081989592,605.1887371147722,1.1948162611940298,605.1887371147722,1.1948162611940298
rxn25662_d0_f,514.6648663402889,1.1948162611940298,0.0023215423071137613,626.3735468355204,1.4541526890355636,698.9947796012704,1.6227459532960082
rxn25662_d0_r,514.6648663402889,1.1948162611940298,0.0023215423071137613,626.3735468355204,1.4541526890355636,698.9947796012704,1.6227459532960082
rxn25716_d0_f,0.007244835517433899,1.2184460492537332,168.18132672876794,0.0054502685996902,0.916633404124042,0.0032233079666912,0.5421002102935334
rxn25716_d0_r,0.007244835517433899,1.194686471641791,164.90180746918404,0.0054502685996902,0.8987591432814526,0.0032233079666912,0.5315293097371994
rxn25718_d0_f,605.1887371147722,1.194686471641791,0.001974072546917248,605.1887371147722,1.194686471641791,605.1887371147722,1.194686471641791
rxn25718_d0_r,605.1887371147722,1.2184460492537477,0.002013332328461151,605.1887371147722,1.2184460492537477,605.1887371147722,1.2184460492537477
rxn25719_d0_f,514.6648663402889,1.2184460492537332,0.0023674552683534346,626.3735468355204,1.4829113534129796,698.9947796012704,1.6548388735185753
rxn25719_d0_r,514.6648663402889,1.194686471641791,0.0023212901244591307,626.3735468355204,1.4539947284917323,698.9947796012704,1.6225696789369155
rxn25762_d0,132.1662181639695,0.0,0.0,120.08867528732308,0.0,179.09675980120952,0.0
rxn26013_d0,616.9603300655593,0.021728077611940486,3.5217949279869614e-05,614.9121544350841,0.02165594506647014,614.592441939076,0.02164468544800159
rxn26037_d0_f,285.4771320676702,1.1948162611940298,0.004185330896874807,223.6926617311732,0.936227808547644,294.46097989000697,1.2324166370576775
rxn26037_d0_r,285.4771320676702,1.1948162611940298,0.004185330896874807,223.6926617311732,0.936227808547644,294.46097989000697,1.2324166370576775
rxn26477_d0_f,0.0007773949610591833,1.1948162611940298,1536.9488111501512,0.0010874041735933,1.6712845518439352,0.0,0.0
rxn26477_d0_r,0.0007773949610591833,1.1948162611940298,1536.9488111501512,0.0010874041735933,1.6712845518439352,0.0,0.0
rxn26754_d0,0.004704889289603034,143.3866331835844,30476.09079780969,0.0161086383706441,490.92832561283075,0.0,0.0
rxn27029_d0,605.1887371147722,0.0,0.0,605.1887371147722,0.0,605.1887371147722,0.0
rxn27030_d0,605.1887371147722,0.0,0.0,605.1887371147722,0.0,605.1887371147722,0.0
rxn27069_d0_f,0.0,1.1948162611940298,0.0,0.0,0.0,0.0024089584552971,0.0
rxn27069_d0_r,0.0,1.1948162611940298,0.0,0.0,0.0,0.0024089584552971,0.0
rxn27070_d0_f,0.0,1.1948162611940298,0.0,0.0,0.0,0.0024089584552971,0.0
rxn27070_d0_r,0.0,1.1948162611940298,0.0,0.0,0.0,0.0024089584552971,0.0
rxn27071_d0_f,0.0,1.1948162611940298,0.0,0.0,0.0,0.0024089584552971,0.0
rxn27071_d0_r,0.0,1.1948162611940298,0.0,0.0,0.0,0.0024089584552971,0.0
rxn27072_d0_f,0.0,1.1948162611940298,0.0,0.0,0.0,0.0024089584552971,0.0
rxn27072_d0_r,0.0,1.1948162611940298,0.0,0.0,0.0,0.0024089584552971,0.0
rxn27073_d0_f,0.0,1.1948162611940298,0.0,0.0,0.0,0.0024089584552971,0.0
rxn27073_d0_r,0.0,1.1948162611940298,0.0,0.0,0.0,0.0024089584552971,0.0
rxn27259_d0,1992.1029648202275,0.07061641940298582,3.544817745369825e-05,2016.4639623060648,0.07147997236481289,1490.975879136662,0.05285237754282015
rxn27266_d0_f,605.1887371147722,1.1944268910447762,0.001973643621887591,605.1887371147722,1.1944268910447762,605.1887371147722,1.1944268910447762
rxn27266_d0_r,605.1887371147722,1.2657054611940244,0.0020914226976996553,605.1887371147722,1.2657054611940244,605.1887371147722,1.2657054611940244
rxn27318_d0_f,605.1887371147722,1.1948162611940298,0.0019742870081989592,605.1887371147722,1.1948162611940298,605.1887371147722,1.1948162611940298
rxn27318_d0_r,605.1887371147722,1.1948162611940298,0.0019742870081989592,605.1887371147722,1.1948162611940298,605.1887371147722,1.1948162611940298
rxn27497_d0,1631.199904917213,0.1557182835820889,9.546241580365464e-05,1591.1480126287793,0.15189483318672725,1744.035925286334,0.16648988267619558
rxn27709_d0,62.76346155201952,0.021728077611940486,0.00034618991806135253,77.40298712872615,0.026796133771797633,86.39230054134214,0.029908143445538975
rxn27927_d0,63.55680977648376,0.034402899999999355,0.0005412936886068902,76.52894313648697,0.04142463391553599,71.71192585871707,0.038817212865168794
rxn28082_d0_f,0.6096761608559953,1.216628271641789,1.9955319721434133,0.7940290658947169,1.5845103878040767,0.9343262400016324,1.8644778843357976
rxn28082_d0_r,0.6096761608559953,1.1946964552238806,1.959559077308365,0.7940290658947169,1.5559468637206744,0.9343262400016324,1.8308674647625929
rxn28083_d0_f,0.025331801691495667,1.2408916761194024,48.98552780539063,0.0084734670308379,0.41507725484717073,0.0281482830527978,1.3788585021568325
rxn28083_d0_r,0.025331801691495667,1.1914566925373133,47.03402888777968,0.0084734670308379,0.39854129310807845,0.0281482830527978,1.323927158246691
rxn28404_d0,0.033696123505389745,0.0,0.0,0.0,0.0,0.0,0.0
rxn28487_d0_f,761.7970473599008,1.1948162611940298,0.0015684180784564722,785.6057190616933,1.2321582123151562,346.13740636755324,0.5428881657769049
rxn28487_d0_r,761.7970473599008,1.1948162611940298,0.0015684180784564722,785.6057190616933,1.2321582123151562,346.13740636755324,0.5428881657769049
rxn28615_d0_f,395.97956963836697,1.2166282716417893,0.0030724521286613084,401.5475133735191,1.233735512223124,605.1887371147722,1.8594134235901307
rxn28615_d0_r,395.97956963836697,1.1946964552238806,0.003017065896391956,401.5475133735191,1.2114953083802373,605.1887371147722,1.825894299629496
rxn29919_d0_f,205.70153224707715,2.2240076746268653,0.010811818708066365,125.75814342067618,1.3596742477273598,470.8688894615708,5.090949068127045
rxn29919_d0_r,205.70153224707715,0.0,0.0,125.75814342067618,0.0,470.8688894615708,0.0
rxn31768_d0,426.31952961063894,0.0,0.0,121.9103653527126,0.0,605.2054701366512,0.0
rxn37266_d0_f,0.44187507481732663,0.0,0.0,0.3922690464488577,0.0,2.591447229341062,0.0
rxn37266_d0_r,0.44187507481732663,2.3737581791044775,5.372011942709828,0.3922690464488577,2.10727400227866,2.591447229341062,13.92128546492248
rxn37324_d0,132.1662181639695,0.0,0.0,120.08867528732308,0.0,179.09675980120952,0.0
rxn37610_d0,426.31952961063894,0.0,0.0,121.9103653527126,0.0,605.2054701366512,0.0
rxn37767_d0_f,0.0,1.1948162611940298,0.0,0.0,0.0,0.0024089584552971,0.0
rxn37767_d0_r,0.0,1.1948162611940298,0.0,0.0,0.0,0.0024089584552971,0.0
rxn37768_d0_f,0.0,1.1948162611940298,0.0,0.0,0.0,0.0024089584552971,0.0
rxn37768_d0_r,0.0,1.1948162611940298,0.0,0.0,0.0,0.0024089584552971,0.0
rxn39241_d0_i,215.65617454412128,1.2393491671641788,0.005746875413069238,204.4005401431565,1.1746644385667777,224.3261091525005,1.2891742011979912
rxn39241_d0_o,215.65617454412128,1.1945716582089552,0.005539241622616081,204.4005401431565,1.1322239796461817,224.3261091525005,1.242596520857049
rxn39242_d0_i,215.65617454412128,1.1945716582089552,0.005539241622616081,204.4005401431565,1.1322239796461817,224.3261091525005,1.242596520857049
rxn39242_d0_o,215.65617454412128,1.2393491671641743,0.005746875413069218,204.4005401431565,1.1746644385667737,224.3261091525005,1.2891742011979868
