rxn_ID,v_Control,v_FeLim,v_FeEX,v_ZnLim,v_ZnEx
rxn00001_d0_f,0.0,0.0,0.0,0.0,0.0
rxn00001_d0_r,0.0,0.0,0.0,0.0,0.0
rxn00018_d0,36.49604424441167,36.49604424441167,36.49604424441167,36.49604424441167,36.49604424441167
rxn00048_d0,0.0,0.0,0.0,0.0,0.0
rxn00069_d0_f,0.0,0.0,0.0,0.0,0.0
rxn00069_d0_r,1.674363360619481,0.8051143497784803,1.6741387163037729,1.6739388191155877,1.6745739865008025
rxn00076_d0,0.0,0.0,0.0,0.0,0.0
rxn00077_d0_f,1.1940298509687037,1.1940298509687037,1.1940298509687037,1.1940298509687037,1.1940298509687037
rxn00077_d0_r,1.1930329538002982,1.1930329538002982,1.1930329538002982,1.1930329538002982,1.1930329538002982
rxn00086_d0_f,1.326950774978236,1.3829658349088492,1.0239629538105677,1.2289771798293005,1.0185913631446006
rxn00086_d0_r,1.4033406180553682,1.4625803504597028,1.082910407501658,1.2997268833471844,1.0772295853436225
rxn00097_d0_f,5.658810710879371,5.658810710879371,5.658810710879371,5.658810710879371,5.658810710879371
rxn00097_d0_r,0.0,0.0,0.0,0.0,0.0
rxn00102_d0_f,1.1788805061467904,1.1843472283808933,1.1783176804098927,1.1771042079356115,1.176743886773526
rxn00102_d0_r,3.6131681900196684,3.6299232273427426,3.611443177146456,3.6077239875248814,3.606619633899345
rxn00117_d0_f,0.0,0.0,0.0,0.0,0.0
rxn00117_d0_r,1.4803183978042438,1.9276246886402004,0.9928965975867424,1.0396788593757105,1.0483437095386776
rxn00121_d0,0.9142443935183109,1.3974006883709125,0.8136029764680163,0.5760749984129904,0.7914833474957195
rxn00122_d0,1.6681516028155043,2.8255443636010753,1.140223795416114,1.9165416429837074,1.9559159261742949
rxn00124_d0_f,1.0521555943385579,1.081973391000622,1.1487415396941891,1.3922173690822157,1.2937259179392695
rxn00124_d0_r,1.0512771481825702,1.081070049925101,1.1477824537992916,1.391055004881759,1.292645784387131
rxn00148_d0_f,0.0,0.0,0.0,0.0,0.0
rxn00148_d0_r,7.296044280102145,5.7312946282684,7.3083667526347105,6.873701267531539,5.9585257882436675
rxn00151_d0,0.0,0.0,0.0,0.0,0.0
rxn00154_c0,0.6166782518029618,0.35763177409394425,0.6136711401948833,0.6255915580760333,0.5816370119542462
rxn00154_d0,3.178587512308478,3.21613330139283,2.8429351018139744,3.7251264071816403,4.42917999522276
rxn00161_d0_f,1.4485027084915347,1.1974471735063885,1.3654482291719325,1.5393684179474163,1.249764419506333
rxn00161_d0_r,1.3236448757292516,1.094229790442584,1.2477495147380127,1.4066781555399837,1.1420374018292478
rxn00175_d0,0.06869799978384826,0.06653074879446219,0.06851923787387454,0.07035846384428243,0.06542642699816811
rxn00179_d0_f,1.3486693452376584,3.3961085002340146,1.7288996671749823,1.7711589606162927,4.26528237341172
rxn00179_d0_r,1.2572495857116595,3.1659027618801976,1.6117059366465671,1.6511006773657553,3.976159550041646
rxn00187_d0,4.186691894187707,4.186691894187707,4.186691894187707,3.0450207537338994,3.8542136344514875
rxn00191_d0_f,0.0,0.0,0.0,0.0,0.0
rxn00191_d0_r,0.0,0.0,0.0,0.0,0.0
rxn00192_d0,0.0,0.0,0.0,0.0,0.0
rxn00211_d0_f,1.385769787573981,0.6880775258670009,1.5345701963399538,2.3913419230723783,2.4518953573269657
rxn00211_d0_r,1.345369274527322,0.6680174225870983,1.4898315797283281,2.3216251191498145,2.3804131881665684
rxn00213_d0_f,0.0,0.0,0.0,0.0,0.0
rxn00213_d0_r,2.369027689203813,2.370827211821438,2.368377997179264,2.3680676788788935,2.367856450994993
rxn00237_d0_f,0.861254405796681,1.1214987655874344,0.5776707027626895,0.6048887858039101,0.6099300258435482
rxn00237_d0_r,0.7374182509713647,0.9602431669664702,0.4946098579021089,0.5179143670645137,0.5222307483657135
rxn00239_d0_f,0.9129400734926318,0.9915656917107345,1.3150983553958822,3.5327083115357336,1.7168659827530457
rxn00239_d0_r,0.9121778585668909,0.990737832147967,1.3140003779662517,3.5297588484970044,1.7154325689775447
rxn00248_d0_f,0.0,0.0,0.0,0.0,0.0
rxn00248_d0_r,0.0,0.0,0.0,0.0,0.0
rxn00257_c0_f,1.1083148981480875,1.390501285201512,1.1640824074176532,1.4224494006316644,1.27122625273266
rxn00257_c0_r,1.5280486550438082,1.917102821805575,1.6049360700527482,1.9611501181974222,1.7526567304926501
rxn00260_d0_f,1.178273521699028,1.1521132628870565,1.1698279456238596,1.178740227292952,1.1352113542944362
rxn00260_d0_r,2.3041837834570282,2.2530258451553467,2.2876679583315553,2.3050964539374927,2.219973160043293
rxn00272_d0_f,0.0,0.0,0.0,0.0,0.0
rxn00272_d0_r,0.0,0.0,0.0,0.0,0.0
rxn00275_d0_f,0.0,0.0,0.0,0.0,0.0
rxn00275_d0_r,0.0,0.0,0.0,0.0,0.0
rxn00300_d0,0.0,0.0,0.0,0.0,0.0
rxn00313_d0,0.07614436203467544,0.1281140928227097,0.0738594375416028,0.08514400325645746,0.0854025852203703
rxn00330_c0,0.03326607503132707,0.041124449219811905,0.0,0.23545288373650028,0.12492880179679539
rxn00333_d0,0.0,0.0,0.0,0.0,0.0
rxn00337_d0_f,1.4722122222236862,1.3397728783522698,1.465066116050058,1.3109121603976042,1.2365743031377467
rxn00337_d0_r,1.183777078871624,1.077285190508562,1.1780310345419913,1.0540788511786874,0.9943052328183316
rxn00338_d0,0.0,0.0,0.0,0.0,0.0
rxn00361_d0_f,1.0950094084680886,1.861463903628087,0.6722061019363944,0.30937693262783267,0.49735851392416514
rxn00361_d0_r,1.0940951836036152,1.8599097648491358,0.6716448761353296,0.30911863340034146,0.4969432686153389
rxn00391_d0_f,0.0,0.0,0.0,0.0,0.0
rxn00391_d0_r,0.0,0.0,0.0,0.0,0.0
rxn00394_d0_f,1.203827047604736,1.488233659435589,1.014443715759638,1.0979966393989193,1.1355972079493404
rxn00394_d0_r,1.2028219707433547,1.4869911311019686,1.0135967553030574,1.0970799204912243,1.1346490962751345
rxn00409_d0_f,0.7458539188577692,0.9712278319595705,0.5002679284599068,0.5238390286638145,0.5282047870438702
rxn00409_d0_r,0.7452312043928417,0.9704169525039427,0.4998502540768744,0.5234016747367318,0.5277637881390983
rxn00414_d0,0.16468392727071293,0.13456316748421396,0.1704404684632796,0.15555680598921728,0.14266281977396272
rxn00416_d0,0.021373298219986053,0.036670410679192154,0.026607214450719334,0.007757812648536984,0.013215340012686804
rxn00420_d0,0.5263416088156292,1.0166538040522608,0.5318597447059471,0.588102497043525,0.40927584814972556
rxn00459_d0_f,8.176587467907728,6.81300005832601,6.713678300711517,10.247344536465981,7.645510491558136
rxn00459_d0_r,1.2705253690858644,1.058643284580632,1.0432100964386721,1.592291558115621,1.1880035622761307
rxn00493_d0_f,1.20827717283161,1.1814507670983356,1.1996165379322326,1.2087557626540797,1.1641184669543914
rxn00493_d0_r,1.2119344873458053,1.1850268812015177,1.2032476377115708,1.2124145258040215,1.167642118200287
rxn00495_c0,0.4593465667120065,0.49146047826066175,0.3012073436564215,0.45252595274564594,0.36930553527445753
rxn00499_c0_f,1.1350532318939393,0.7333255090757509,0.928393810373426,1.4983133346701782,1.4018567868973355
rxn00499_c0_r,1.1672454465281634,0.7541239804791822,0.9547247805595179,1.5408082794918758,1.441616045143701
rxn00506_d0_f,1.1661940545830969,1.1593261305886247,1.1736939009786482,1.1496859423566488,1.1410922858770376
rxn00506_d0_r,1.1652203975594624,1.1583582076041998,1.1727139823229205,1.1487260679786666,1.1401395863546957
rxn00527_d0_f,1.2192245282776295,1.2854875545999744,1.4871442089475058,1.8528393364893594,1.3615085109156142
rxn00527_d0_r,1.218206596038411,1.2844142992687437,1.4859025901975997,1.8512923983734004,1.3603717855831694
rxn00533_d0,2.2239255998186445,2.2125805452060905,2.222129418719272,2.232298039190129,2.2194964306563016
rxn00611_d0_f,1.4887435245477185,3.2451071590700624,1.0591755811697832,0.869973828959051,1.0435083859566876
rxn00611_d0_r,1.632443652797173,3.5583392956016118,1.1614119061936168,0.9539475616629862,1.1442324438073594
rxn00689_d0_f,1.1325139210178727,1.1657452919637865,0.9241833251087699,0.9302951663703073,0.8082004828750351
rxn00689_d0_r,1.131568383584176,1.1647720096126817,0.9234117231767571,0.929518461653601,0.8075257151778723
rxn00692_d0_f,1.0774287597646601,0.964323934548521,0.9276621541463544,1.0939931290390676,1.1977831954084377
rxn00692_d0_r,1.6444903935111355,1.471857356902456,1.415900111345407,1.6697727575648704,1.8281885837059824
rxn00693_d0_f,1.2171965977286034,1.2995077292207757,1.1930887540143962,1.4442301448770298,1.3442964582981354
rxn00693_d0_r,1.1731831449288983,1.2525179313445385,1.1499470333928765,1.3920072291770715,1.2956871138204011
rxn00710_c0,0.08370981897220071,0.143894992516282,0.08578162748551313,0.10677396466458541,0.11992633462256908
rxn00711_d0,0.0,0.0,0.0,0.0,0.0
rxn00720_d0_f,1.1468906754560224,2.356472051648136,1.02331863108916,1.469978407782513,1.3979259626492282
rxn00720_d0_r,1.1459331348502284,2.3545046298840924,1.0224642609535377,1.468751120783661,1.3967588323361337
rxn00737_d0,0.06869224562363313,0.05237716271164918,0.055205024432815566,0.04262465177805342,0.04190543189754397
rxn00747_d0_f,27.913488491803133,27.913488491803133,27.913488491803133,27.913488491803133,27.913488491803133
rxn00747_d0_r,1.0195268002980626,1.0195268002980626,1.0195268002980626,1.0195268002980626,1.0195268002980626
rxn00770_d0_f,2.0008393660923685,3.0006484421361748,1.6231071052339816,1.4768293720430647,2.177489000539688
rxn00770_d0_r,1.4739693609621118,2.2105042222181233,1.1957032549530264,1.087944031215098,1.604102820555632
rxn00777_d0_f,12.904205250372508,12.904205250372508,12.904205250372508,12.904205250372508,12.904205250372508
rxn00777_d0_r,1.126420347242921,1.126420347242921,1.126420347242921,1.126420347242921,1.126420347242921
rxn00781_d0_f,0.0,0.0,0.0,0.0,0.0
rxn00781_d0_r,0.0,0.0,0.0,0.0,0.0
rxn00782_d0_f,0.0,0.0,0.0,0.0,0.0
rxn00782_d0_r,0.0,0.0,0.0,0.0,0.0
rxn00789_d0,0.024465556910430116,0.023245879571256203,0.022419385718818255,0.02195725201310257,0.01953953706289661
rxn00790_d0,0.2591389672856696,0.03486994761873137,0.15491094681502243,0.22860929320120857,0.09342804755857176
rxn00791_d0,0.019646607359000732,0.029328995795784376,0.01788597198169328,0.020569232977162132,0.020525166185217606
rxn00799_c0_f,0.8748902710550287,0.8471317177644767,0.9055402739763588,1.0763770442324112,0.9468206732611272
rxn00799_c0_r,1.301912968824369,1.2606058224079482,1.3475228442772813,1.601742846609933,1.4089516759435414
rxn00800_d0_f,1.0926506451582159,1.8688584009265543,1.3706696736551134,1.1700124563805463,1.6587279871770646
rxn00800_d0_r,0.9355429966479828,1.6001430983097238,1.1735868363672064,1.0017812778568633,1.4202264544700887
rxn00802_d0_f,1.232798450104602,2.0840737658794932,1.3210576806325784,2.1384318975220773,2.046712663843716
rxn00802_d0_r,1.138106729498958,1.9239952625820005,1.219586734763214,1.9741781253363835,1.8895038810874767
rxn00830_d0_f,1.0550458302194332,0.890038828464604,0.8638699181711552,0.9308452434265307,0.878514488880962
rxn00830_d0_r,1.0541649710015248,0.8892957338199038,0.8631486719857296,0.9300680794497318,0.877781015923265
rxn00832_d0,0.2579405417841176,0.31320521732027623,0.22183108397000784,0.23208158727273792,0.2454680799063534
rxn00834_d0_f,0.9334565495694971,1.154175996852146,1.2323906243193496,2.693445149353888,2.091221216625913
rxn00834_d0_r,0.9326772054096,1.1532123737214763,1.2313616996883978,2.691196388286091,2.0894752531496468
rxn00838_d0,0.15416433465270288,0.13749883428917312,0.12996878421914076,0.1271360640342868,0.116983515295809
rxn00839_d0_f,0.7458539188577692,0.9712278319595705,0.5002679284599068,0.5238390286638145,0.5282047870438702
rxn00839_d0_r,0.7452312043928417,0.9704169525039427,0.4998502540768744,0.5234016747367318,0.5277637881390983
rxn00863_d0_f,1.0629852663617967,0.9560341299401133,1.1315629694315341,1.3753091049640718,1.3073400265571877
rxn00863_d0_r,1.0327458711360247,0.9288372394286069,1.0993727021359174,1.3361848415347644,1.2701493212778554
rxn00899_d0_f,1.3135879298669924,1.7517666358143897,2.371681197509198,1.4569235506972755,3.8323155303528735
rxn00899_d0_r,1.3124912134937181,1.7503040834355414,2.3697010776083105,1.4557071632165983,3.82911592483418
rxn00907_d0_f,2.0654643478407375,2.328873688908212,1.879715896005972,1.884974830933762,2.0438314407750635
rxn00907_d0_r,1.3906476716644542,1.567997422209941,1.2655858896349872,1.2691266554779859,1.3760825440341162
rxn00917_d0,0.0,0.0,0.0,0.0,0.0
rxn00929_d0_f,0.0,0.0,0.0,0.0,0.0
rxn00929_d0_r,0.0,0.0,0.0,0.0,0.0
rxn00931_d0_f,0.0,0.0,0.0,0.0,0.0
rxn00931_d0_r,0.0,0.0,0.0,0.0,0.0
rxn00947_d0,0.0,0.0,0.0,0.0,0.0
rxn00974_d0_f,1.6317727466467846,0.5486252173312104,1.6317727466467846,1.6317727466467846,1.2911851162445305
rxn00974_d0_r,1.1905756050670642,0.40028846015562447,1.1905756050670642,1.1905756050670642,0.9420757297150613
rxn00980_d0,0.0,0.0,0.0,0.0,0.0
rxn01000_d0,0.0,0.0,0.0,0.0,0.0
rxn01007_d0,0.03418252749682985,0.03270284349256623,0.04157692449289149,0.04937771356354769,0.053451525113231924
rxn01011_d0_f,1.1940298509687037,1.1940298509687037,1.1940298509687037,1.1940298509687037,1.1940298509687037
rxn01011_d0_r,1.1930329538002982,1.1930329538002982,1.1930329538002982,1.1930329538002982,1.1930329538002982
rxn01018_d0,0.07514725258478863,0.09585976886693526,0.0881251702446023,0.08245308469395571,0.09248133837340408
rxn01019_d0,0.09008002433519866,0.13493910394129086,0.10038034568485196,0.11260789347701852,0.11788442281657656
rxn01069_d0,0.19614789033840135,0.2022599994392508,0.1594503739742295,0.1604532235943368,0.16205374387259947
rxn01100_d0_f,67.2689152921003,67.2689152921003,67.2689152921003,67.2689152921003,67.2689152921003
rxn01100_d0_r,0.756084526080477,0.756084526080477,0.756084526080477,0.756084526080477,0.756084526080477
rxn01101_d0_f,2.0429646122768386,1.243855850089111,1.5936361689221412,2.88275715141343,1.8374046662494739
rxn01101_d0_r,1.212796600582773,0.7384093378503656,0.946054824748292,1.711335601473513,1.0907668785504738
rxn01102_d0_f,1.1668318341975485,1.2053460196751893,0.7508176562587322,0.5732748217069055,0.5105639220257846
rxn01102_d0_r,1.1658576446908349,1.2043396746219328,0.7501907975626069,0.5727961937680696,0.5101376515035322
rxn01106_d0_f,1.1178560468252954,0.6414804211120338,1.158901998410108,1.3844711234620344,1.3145143396801515
rxn01106_d0_r,7.18773707749942,4.124674747174765,7.451659707721157,8.902053582924863,8.452236300959365
rxn01111_d0_f,32.17047599469875,38.567193239737925,28.49955120373415,27.75616049967687,27.886322844974863
rxn01111_d0_r,0.8108751479260549,0.9721080449203992,0.7183474003294898,0.69960981474889,0.7028906307062077
rxn01115_d0_f,0.0,0.0,0.0,0.0,0.0
rxn01115_d0_r,0.0,0.0,0.0,0.0,0.0
rxn01116_d0_f,0.9867361522383399,1.0210948033839187,0.9927006352134133,1.024930813090168,1.003352215743337
rxn01116_d0_r,25.229437976598433,26.107939748394855,25.38194131088971,26.206021052846815,25.654287053693245
rxn01200_d0_f,13.320549086551841,12.4890968246979,15.008852823625736,17.04641576820375,14.633235422285411
rxn01200_d0_r,1.1091929450922948,1.0399584880862769,1.2497768341022393,1.4194432966949202,1.2184994318785418
rxn01207_d0_f,1.3135879298669924,1.7517666358143897,2.371681197509198,1.4569235506972755,3.8323155303528735
rxn01207_d0_r,1.3124912134937181,1.7503040834355414,2.3697010776083105,1.4557071632165983,3.82911592483418
rxn01211_d0_f,2.065464347840739,2.328873688908214,1.8797158960059734,1.8849748309337633,2.043831440775065
rxn01211_d0_r,1.3906476716644542,1.567997422209941,1.2655858896349872,1.2691266554779859,1.3760825440341162
rxn01249_d0_f,0.878846305694416,0.9467417584163101,0.5826373870244335,0.6431736568323452,0.47546759358339197
rxn01249_d0_r,0.8781125557024041,0.9459513224172347,0.5821509422669088,0.6426366702597156,0.4750706250341323
rxn01255_d0,0.7876347292878692,0.7148959102605432,0.8902079483442391,0.941072804367677,0.9083810796922388
rxn01256_d0,0.6285563290225994,0.5058144744903701,0.587555060614797,0.7528306988388704,0.7075470610705028
rxn01257_d0_f,0.9884808394155404,1.3254023212098633,0.7033154826359049,1.2121746168374308,0.5112094739175616
rxn01257_d0_r,0.9876555554002064,1.324295740984972,0.7027282835700135,1.2111625705789912,0.5107826644231449
rxn01258_d0_f,0.9451100659532071,0.6185743286572237,0.4805531986948523,0.29860918774835143,0.30365401216473625
rxn01258_d0_r,0.9443209922564182,0.6180578800975948,0.48015198416687516,0.29835987852590223,0.3034004910114281
rxn01301_d0_f,0.0,0.0,0.0,0.0,0.0
rxn01301_d0_r,0.0,0.0,0.0,0.0,0.0
rxn01302_d0_f,0.0,0.0,0.0,0.0,0.0
rxn01302_d0_r,0.0,0.0,0.0,0.0,0.0
rxn01332_d0,0.4345033579208636,1.3244629215397885,0.3206598888593522,0.3888871268866437,0.48271605221964714
rxn01334_d0_f,0.0,0.0,0.0,0.0,0.0
rxn01334_d0_r,2.3714271391594597,2.3621670053078776,2.3464438877332543,2.4786580826922036,2.396034820249419
rxn01345_d0,0.0,0.0,0.0,0.0,0.0
rxn01353_d0_f,0.7458539188577692,0.9712278319595705,0.5002679284599068,0.5238390286638145,0.5282047870438702
rxn01353_d0_r,0.7452312043928417,0.9704169525039427,0.4998502540768744,0.5234016747367318,0.5277637881390983
rxn01362_c0_f,1.0353584567201488,1.7797541460565214,1.060983460946656,1.32062556854566,1.483299644646967
rxn01362_c0_r,1.1190049760919754,1.923540328212992,1.1467002221738742,1.4273187929891267,1.6031352935035275
rxn01396_d0_f,1.0521555943385579,1.081973391000622,1.1487415396941891,1.3922173690822157,1.2937259179392695
rxn01396_d0_r,1.0512771481825702,1.081070049925101,1.1477824537992916,1.391055004881759,1.292645784387131
rxn01434_d0,0.08777573835858081,0.13473256457232646,0.09326587512500117,0.13529095495593602,0.15583909309705785
rxn01465_d0_f,0.9105504276893208,1.7146580864047762,0.9983250678823812,1.2363203541568897,1.3061272920886535
rxn01465_d0_r,0.9841137172866421,1.8531851635823413,1.0789796630015818,1.3362025676864597,1.4116492020422955
rxn01476_d0_f,1.1869523165297713,1.2086532512285997,1.177109807086029,1.2201799105186033,1.1845105339364788
rxn01476_d0_r,1.1859613284046244,1.2076441449631607,1.1761270364855836,1.219161180629435,1.183521584458985
rxn01486_d0,0.0,0.0,0.0,0.0,0.0
rxn01512_d0_f,0.7458539188577692,0.9712278319595705,0.5002679284599068,0.5238390286638145,0.5282047870438702
rxn01512_d0_r,0.7452312043928417,0.9704169525039427,0.4998502540768744,0.5234016747367318,0.5277637881390983
rxn01636_d0_f,1.1657065666931512,1.3704385682280642,1.1190472426456652,1.5579876796272203,0.8875711369168937
rxn01636_d0_r,1.0761681993208454,1.2651746574899847,1.033092795804715,1.438318049888651,0.8193964583168039
rxn01637_d0_f,1.0401666150463027,1.1599162153369391,0.8811320852896327,0.8574946471567313,0.9635705118768526
rxn01637_d0_r,1.1249809159008417,1.2544947967205247,0.9529788458886695,0.9274140311602933,1.0421392316441638
rxn01643_d0_f,1.1516990358753358,0.8623826478594773,1.1112169831599619,1.1919744785226825,1.5653583363545922
rxn01643_d0_r,1.4304230898344934,1.07108889852742,1.3801439273760852,1.4804456402764872,1.9441925697929376
rxn01644_d0,0.06906393856451268,0.07382279177932691,0.08128361574823365,0.08354279457411075,0.08894676570191538
rxn01652_d0_f,1.1067905075500166,0.9906033854105725,0.9529425097644979,1.1238062837768106,1.2304248042075223
rxn01652_d0_r,1.105866446629681,0.9897763292786614,0.952146896749575,1.1228680163614488,1.2293975208424919
rxn01673_d0_f,0.7458539188577692,0.9712278319595705,0.5002679284599068,0.5238390286638145,0.5282047870438702
rxn01673_d0_r,0.7452312043928417,0.9704169525039427,0.4998502540768744,0.5234016747367318,0.5277637881390983
rxn01678_d0_f,0.7458539188577692,0.9712278319595705,0.5002679284599068,0.5238390286638145,0.5282047870438702
rxn01678_d0_r,0.7452312043928417,0.9704169525039427,0.4998502540768744,0.5234016747367318,0.5277637881390983
rxn01739_d0_f,1.8476206306977285,1.9187749629036426,1.40413878719477,1.9025261957278108,1.3920239768586633
rxn01739_d0_r,1.2123358952729275,1.259024565882125,0.9213405746710938,1.2483627647667337,0.9133913132313473
rxn01740_d0_f,1.0947341694064654,1.121415607349781,1.0944321777396733,1.2163055772678972,1.225149681872896
rxn01740_d0_r,1.666623175613506,1.7072429937188753,1.6661634235341578,1.8517034731835322,1.8651677370332964
rxn01807_d0_f,1.0521555943385579,1.081973391000622,1.1487415396941891,1.3922173690822157,1.2937259179392695
rxn01807_d0_r,1.0512771481825702,1.081070049925101,1.1477824537992916,1.391055004881759,1.292645784387131
rxn01827_d0,0.0,0.0,0.0,0.0,0.0
rxn01917_d0_f,1.3417102019054448,1.2950795102766741,0.9638572592714795,1.382335935491849,1.347453950487354
rxn01917_d0_r,1.238652927975715,1.1956039576112638,0.8898230144272268,1.2761581834224551,1.243955497031562
rxn01974_d0_f,1.011890530697012,1.058860994800861,1.0444859930485992,0.8980356298909186,1.1103712116894924
rxn01974_d0_r,0.9432993750445089,0.987085938996433,0.9736853489545124,0.8371621462454968,1.0351045278906128
rxn01975_d0_f,0.9903949030848216,1.2965060642461121,1.0134313689788863,0.6119412405069808,0.7230629100671417
rxn01975_d0_r,0.9895680210150916,1.29542360954599,1.0125852537320281,0.6114303299217916,0.7224592238468683
rxn02159_d0_f,1.0629852663617962,0.9560341299401128,1.1315629694315337,1.3753091049640713,1.3073400265571873
rxn02159_d0_r,1.0327458711360247,0.9288372394286069,1.0993727021359174,1.3361848415347644,1.2701493212778554
rxn02212_d0,0.5744598771278127,0.5786751983050693,0.5440452309450748,0.5893797359306967,0.47762661437673126
rxn02213_d0_f,1.6669965810532028,1.707625499992679,1.6665367259668102,1.8521183456992332,1.8655856262053336
rxn02213_d0_r,1.0938175071929441,1.1204766037618432,1.0935157683951655,1.2152871187288883,1.2241238178315008
rxn02251_d0,0.0,0.0,0.0,0.0,0.0
rxn02305_d0_f,0.8638624582493044,0.9820371674232246,0.8712061522896505,0.7287830975677558,0.7599255460364867
rxn02305_d0_r,0.8631412182921779,0.9812172632385187,0.8704787810722473,0.7281746355550537,0.7592910831506317
rxn02320_d0_f,0.904115946044186,0.9965627163817778,0.8690094579396447,0.811244728943013,0.8111497340359329
rxn02320_d0_r,0.9290813377243806,1.0240808446231902,0.8930054526858723,0.8336456637956385,0.8335480457901902
rxn02373_d0,0.08959668768125764,0.22561502839935316,0.11485668007439624,0.11766410854414061,0.28335720243986195
rxn02380_d0_f,1.1940298509687037,1.1566432030717784,1.1940298509687037,1.1940298509687037,1.1940298509687037
rxn02380_d0_r,1.1930329538002982,1.1556775200672351,1.1930329538002982,1.1930329538002982,1.1930329538002982
rxn02402_d0,0.0,0.0,0.0,0.0,0.0
rxn02473_d0,0.02922207206672832,0.026085743503139212,0.029591648372014473,0.03166394361521789,0.025722826101818513
rxn02474_d0_f,1.3529556706877077,1.465347787872937,1.0022839344067134,0.978684637259418,1.0201706406186548
rxn02474_d0_r,1.3518260861333582,1.4641243669850301,1.001447126168345,0.9778675321067669,1.0193188987446156
rxn02475_d0,0.0,0.0,0.0,0.0,0.0
rxn02476_d0_f,2.564704078052425,2.498866649402346,2.422187480558132,3.605523435130703,3.1423267857319854
rxn02476_d0_r,1.6828578134038474,1.6396578855188582,1.5893440346855139,2.365802486198705,2.061871086372241
rxn02484_d0_f,0.8638624582493044,0.9820371674232246,0.8712061522896505,0.7287830975677558,0.7599255460364867
rxn02484_d0_r,0.8631412182921779,0.9812172632385187,0.8704787810722473,0.7281746355550537,0.7592910831506317
rxn02507_d0,0.026027842405914332,0.041042042846797556,0.02373629550966088,0.02306779017101099,0.03337937722923511
rxn02789_d0_f,1.3748884960760666,1.1521593988190157,0.9259582352883848,1.3439666465885978,1.0306501072614138
rxn02789_d0_r,1.2170831754467657,1.0199182142679755,0.8196796995190805,1.1897104373139613,0.912355372017653
rxn02811_d0_f,1.2181008987860182,1.0207710685278402,0.8203651145981329,1.190705271605843,0.9131182823712976
rxn02811_d0_r,1.374019611563023,1.1514312718028623,0.9253730600013245,1.34311730367199,1.0299987701390785
rxn02834_d0,0.02613630403810011,0.03844273212140319,0.029600953096209623,0.03157185312671441,0.02949201132622376
rxn02835_d0_f,0.9538955688613695,1.4030427474395408,1.0803447171178582,1.1522765711025165,1.0763686740054907
rxn02835_d0_r,0.9267595153113165,1.3631295280365203,1.049611486926611,1.1194970512487517,1.0457485527564974
rxn02895_d0,0.20540623896812224,0.17403663288837629,0.19248607842314663,0.21197388090435948,0.2035120499207391
rxn02914_d0_f,1.0806568134449654,1.1828207063918892,0.9603977351068842,1.4140971512103047,1.322065234152956
rxn02914_d0_r,1.8231673278709986,1.9955272014141707,1.6202792141071791,2.385711811970525,2.230445512611893
rxn02928_d0_f,0.0,0.0,0.0,0.0,0.0
rxn02928_d0_r,0.0,0.0,0.0,0.0,0.0
rxn02929_d0_f,0.0,0.0,0.0,0.0,0.0
rxn02929_d0_r,0.0,0.0,0.0,0.0,0.0
rxn02937_d0,0.16003439871085512,0.20163379463640257,0.1725893172807157,0.17023670541311967,0.14429201157001598
rxn02938_d0_f,1.0438157827950276,2.9499361607304744,1.0781658622666237,1.1373379239824528,1.1373631480062523
rxn02938_d0_r,1.2787106721881534,3.6137744927550397,1.3207907153670622,1.3932785509205747,1.3933094512278505
rxn02988_d0,0.0,0.0,0.0,0.0,0.0
rxn03004_d0_f,1.3069965180326957,1.3159471294756573,1.0779698876544297,1.4533189376591176,1.0815963240077853
rxn03004_d0_r,1.0681555215376937,1.075470495144761,0.8809812969376571,1.1877389315103346,0.8839450370554751
rxn03062_d0_f,1.1195611914893695,1.970927366795024,0.9712760749584574,1.0967773854500147,0.9929066418436708
rxn03062_d0_r,0.9910615253045653,1.7447106038052893,0.8597961019527712,0.9708927719239951,0.8789439812946266
rxn03080_d0,0.0,0.0,0.0,0.0,0.0
rxn03084_d0,0.25641047887758484,0.24147434288568695,0.25528684751552605,0.2801841760986176,0.27196728551506855
rxn03108_d0_f,0.8638624582493044,0.9820371674232246,0.8712061522896505,0.7287830975677558,0.7599255460364867
rxn03108_d0_r,0.8631412182921779,0.9812172632385187,0.8704787810722473,0.7281746355550537,0.7592910831506317
rxn03135_d0,0.01592456995827437,0.02991079086427902,0.02038118757715987,0.020401568558218033,0.03150051184489701
rxn03136_d0_f,1.1446030513474323,1.9577172609705231,1.4358410877319892,1.2256431949424802,1.737595748367803
rxn03136_d0_r,0.9354378932133214,1.599963330478438,1.173454989933833,1.0016687328926452,1.4200668993465972
rxn03137_d0_f,1.3983864236250536,1.6979956724901977,1.2026243490692268,1.258195933724804,1.3307688198222203
rxn03137_d0_r,1.1157057612623078,1.3547496760478697,0.9595165486608276,1.003854462784719,1.0617569035996273
rxn03147_d0,0.22523422118236286,0.21519529771577214,0.19466762737917542,0.2506600851628912,0.19378170228789435
rxn03175_d0_f,0.9992767532856862,1.3024964045596372,1.01251661915825,1.259541958894123,1.0539180298068995
rxn03175_d0_r,0.9708497132892102,1.2654434887723554,0.9837129365595421,1.223710994624221,1.0239365758324943
rxn03891_d0,0.0,0.0,0.0,0.0,0.0
rxn03892_d0,0.0,0.0,0.0,0.0,0.0
rxn03907_d0_f,1.0808161012707505,1.6241591234906332,0.8750390350598306,1.2597109781497904,1.0497169849534993
rxn03907_d0_r,1.07991372641802,1.622803110799716,0.8743084637633195,1.2586592437177677,1.0488405747958487
rxn03908_d0_f,1.2402079616852304,2.3993757917988954,1.230980558016183,1.1880051620630705,1.4327859283881608
rxn03908_d0_r,1.2391725103485367,2.397372549643061,1.2299528106515316,1.1870132949157368,1.4315896934416203
rxn03909_d0,0.0,0.0,0.0,0.0,0.0
rxn03910_d0,0.0,0.0,0.0,0.0,0.0
rxn03958_d0_f,1.1940298509687037,1.1940298509687037,1.0151051651947787,1.099061376641198,0.9834479654371472
rxn03958_d0_r,1.1930329538002982,1.1930329538002982,1.0142576524931528,1.0981437687829116,0.9826268833752347
rxn03983_d0_f,1.1936410611028316,0.8492649803905468,1.1936410611028316,1.1936410611028316,1.1936410611028316
rxn03983_d0_r,1.26235653651266,0.8981554289333752,1.26235653651266,1.26235653651266,1.26235653651266
rxn04113_d0,0.0,0.0,0.0,0.0,0.0
rxn04954_c0_f,1.121770017669358,0.531751115311074,0.9975194192395208,1.1075614252603212,1.2430897154911553
rxn04954_c0_r,1.1619850110903194,0.550814173930035,1.0332800798474269,1.1472670464915735,1.2876539701447118
rxn04996_d0,0.0,0.0,0.0,0.0,0.0
rxn05024_d0_f,1.2230934561676805,2.004601947755582,0.8907699717229456,0.9472792009264621,1.0250875020827086
rxn05024_d0_r,1.2220722937552335,2.0029283028262896,0.8900262666457309,0.9464883162158941,1.0242316551142556
rxn05040_d0,0.0,0.0,0.0,0.0,0.0
rxn05104_d0,0.0,0.0,0.0,0.0,0.0
rxn05105_d0_f,1.1371906177101783,1.2673046453333077,1.1728079222152006,1.1295780287619588,1.1290025730446094
rxn05105_d0_r,1.1362411756959665,1.2662465709380863,1.1718287432643633,1.1286349425087532,1.1280599672401752
rxn05106_d0,0.0,0.0,0.0,0.0,0.0
rxn05287_d0,0.0,0.0,0.0,0.0,0.0
rxn05324_d0_f,1.1622802570430897,1.3201494607509994,1.031680777996792,0.892895944124281,1.1711081033184108
rxn05324_d0_r,1.4706110247244983,1.6703599149172725,1.3053659966472113,1.1297641953426694,1.481780730119037
rxn05325_d0_f,1.1622802570430897,1.3201494607509994,1.031680777996792,0.892895944124281,1.1711081033184108
rxn05325_d0_r,1.4706110247244983,1.6703599149172725,1.3053659966472113,1.1297641953426694,1.481780730119037
rxn05326_d0_f,1.1622802570430897,1.3201494607509994,1.031680777996792,0.892895944124281,1.1711081033184108
rxn05326_d0_r,1.4706110247244983,1.6703599149172725,1.3053659966472113,1.1297641953426694,1.481780730119037
rxn05330_d0_f,1.3202332290495684,1.515151003370621,1.3410527420368816,1.5749579136232639,1.7757282873508689
rxn05330_d0_r,1.0420776926501278,1.195928891098758,1.0585108118737194,1.2431352828705162,1.401606016073605
rxn05331_d0_f,1.3202332290495684,1.515151003370621,1.3410527420368816,1.5749579136232639,1.7757282873508689
rxn05331_d0_r,1.0420776926501278,1.195928891098758,1.0585108118737194,1.2431352828705162,1.401606016073605
rxn05335_d0_f,1.3202332290495684,1.515151003370621,1.3410527420368816,1.5749579136232639,1.7757282873508689
rxn05335_d0_r,1.0420776926501278,1.195928891098758,1.0585108118737194,1.2431352828705162,1.401606016073605
rxn05337_d0_f,1.0419368492047367,1.0301308550946489,1.1008762254041196,1.0792843965753478,1.22961258265171
rxn05337_d0_r,1.318342807788385,1.3034049087825998,1.3929176755140986,1.36559794662157,1.5558053311409974
rxn05338_d0_f,1.0419368492047367,1.0301308550946489,1.1008762254041196,1.0792843965753478,1.22961258265171
rxn05338_d0_r,1.318342807788385,1.3034049087825998,1.3929176755140986,1.36559794662157,1.5558053311409974
rxn05340_d0_f,1.0419368492047367,1.0301308550946489,1.1008762254041196,1.0792843965753478,1.22961258265171
rxn05340_d0_r,1.318342807788385,1.3034049087825998,1.3929176755140986,1.36559794662157,1.5558053311409974
rxn05342_d0_f,1.0419368492047367,1.0301308550946489,1.1008762254041196,1.0792843965753478,1.22961258265171
rxn05342_d0_r,1.318342807788385,1.3034049087825998,1.3929176755140986,1.36559794662157,1.5558053311409974
rxn05343_d0_f,1.4908961017152267,2.0894045812394975,1.173716897412315,1.2075918908352978,1.5129052984240945
rxn05343_d0_r,1.1767841737894498,1.6491948976304054,0.9264303983322711,0.9531683823551189,1.1941563262385826
rxn05345_d0_f,1.4908961017152267,2.0894045812394975,1.173716897412315,1.2075918908352978,1.5129052984240945
rxn05345_d0_r,1.1767841737894498,1.6491948976304054,0.9264303983322711,0.9531683823551189,1.1941563262385826
rxn05346_d0_f,1.4908961017152267,2.0894045812394975,1.173716897412315,1.2075918908352978,1.5129052984240945
rxn05346_d0_r,1.1767841737894498,1.6491948976304054,0.9264303983322711,0.9531683823551189,1.1941563262385826
rxn05348_d0_f,1.4908961017152267,2.0894045812394975,1.173716897412315,1.2075918908352978,1.5129052984240945
rxn05348_d0_r,1.1767841737894498,1.6491948976304054,0.9264303983322711,0.9531683823551189,1.1941563262385826
rxn05350_d0_f,1.4908961017152267,2.0894045812394975,1.173716897412315,1.2075918908352978,1.5129052984240945
rxn05350_d0_r,1.1767841737894498,1.6491948976304054,0.9264303983322711,0.9531683823551189,1.1941563262385826
rxn05465_d0_f,2.938247689572555,2.6276162443955413,2.5847756202052135,2.991661637736459,2.5774065257893186
rxn05465_d0_r,1.0201525549739903,0.9123020617779269,0.897427899746066,1.038697749745702,0.8948693678282503
rxn05736_d0,0.0,0.0,0.0,0.0,0.0
rxn07441_d0_f,0.780354174949307,1.078144693427224,0.7559866663065019,1.1773480253132416,0.8828697434650425
rxn07441_d0_r,0.835799169225009,1.1547480208321608,0.8097003231708276,1.260999854981792,0.9455985779404775
rxn07579_d0_f,1.1865106176468767,1.3476709619475096,1.0531884970924033,0.9115103794781356,1.195522500343112
rxn07579_d0_r,1.1629070869694327,1.3208614311937816,1.0322371742550631,0.8933774922668187,1.1717396941947886
rxn08352_d0,0.0,0.0,0.0,0.0,0.0
rxn08392_d0_f,1.471289507405657,1.671130553960853,1.3059682417048153,1.1302854245647043,1.4824643660674677
rxn08392_d0_r,1.1613084274521515,1.3190456303257256,1.030818147919077,0.8921493576664361,1.1701288924077065
rxn08436_d0_f,1.2685590820598305,1.4468485026517477,1.300069890777283,2.146969339205204,1.8509420610035279
rxn08436_d0_r,1.0169552361486778,1.159883036977991,1.0422162447793986,1.7211431002568172,1.483829367796513
rxn08756_d0,0.0,0.0,0.0,0.0,0.0
rxn08766_d0_f,1.6219734023489998,1.9576847219346203,1.2655094300379361,1.6798200135858534,1.9254741828251474
rxn08766_d0_r,1.2802452350608602,1.5452266562315422,0.9988834683628448,1.3259043366793866,1.5198024481934063
rxn09444_d0,0.0,0.0,0.0,0.0,0.0
rxn09449_d0,0.0,0.0,0.0,0.0,0.0
rxn09453_d0,0.0,0.0,0.0,0.0,0.0
rxn11040_d0_f,0.0,0.0,0.0,0.0,0.0
rxn11040_d0_r,0.0,0.0,0.0,0.0,0.0
rxn11700_d0_f,1.0275430776844305,1.1719589449029446,1.0530670866389693,1.7390624636251466,1.4992779830883949
rxn11700_d0_r,1.018308224334969,1.1614261806589796,1.04360284098012,1.7234329614019186,1.4858034995318525
rxn12282_d0,0.0,0.0,0.0,0.0,0.0
rxn14012_d0,0.0,0.0,0.0,0.0,0.0
rxn14085_d0,0.0,0.0,0.0,0.0,0.0
rxn14094_d0_f,1.1940298509687037,1.1940298509687037,1.1940298509687037,1.1940298509687037,1.1940298509687037
rxn14094_d0_r,1.1930329538002982,1.1930329538002982,1.1930329538002982,1.1930329538002982,1.1930329538002982
rxn14142_d0_f,1.1940298509687037,1.1940298509687037,1.1940298509687037,1.1940298509687037,1.1940298509687037
rxn14142_d0_r,1.1930329538002982,1.1930329538002982,1.1930329538002982,1.1930329538002982,1.1930329538002982
rxn14261_d0_f,1.1940298509687037,1.1940298509687037,1.1940298509687037,1.1940298509687037,1.1940298509687037
rxn14261_d0_r,1.1930329538002982,1.1930329538002982,1.1930329538002982,1.1930329538002982,1.1930329538002982
rxn15021_d0,0.26087556851192006,0.3004391618878491,0.29748042659657603,0.25969936169029617,0.23438717484957197
rxn15022_d0,0.37612209688275233,0.335226749680038,0.3955517796409668,0.4289479180165952,0.4219333282247176
rxn15069_d0_f,0.0,0.0,0.0,0.0,0.0
rxn15069_d0_r,2.606424550894071,2.9986185469637237,2.6503714931411833,2.8084334547897423,2.4733387165009035
rxn15116_d0_f,2.0249199017656756,2.0170128364295974,2.003587143027969,2.116482517398693,2.045931967602547
rxn15116_d0_r,0.0,0.0,0.0,0.0,0.0
rxn15166_d0,0.023517645804500015,0.02121514524684074,0.01888483173542815,0.023955786328874726,0.01733441197335564
rxn15250_d0,0.0,0.0,0.0,0.0,0.0
rxn15271_d0_f,13.953836347519614,13.082855075103597,15.722405638392082,17.85683866301237,15.328930586160567
rxn15271_d0_r,1.1078923024260137,1.0387390299327148,1.248311342385081,1.4177788536219482,1.217070616128358
rxn15280_d0_f,1.1920011669150523,0.4007677543344731,1.1920011669150523,1.1920011669150523,0.9432037447797759
rxn15280_d0_r,1.5547601192250287,0.5227324761125987,1.5547601192250287,1.5547601192250287,1.2302467542733575
rxn15298_d0_f,0.0,0.0,0.0,0.0,0.0
rxn15298_d0_r,0.0,0.0,0.0,0.0,0.0
rxn15364_d0_f,1.1859101296572283,1.1487777209331738,1.1859101296572283,1.1859101296572283,1.1859101296572283
rxn15364_d0_r,2.6402969180327562,2.5576257426532263,2.6402969180327562,2.6402969180327562,2.6402969180327562
rxn15435_d0_f,0.9906915124952527,0.7531642327284183,0.688764429429898,0.8032101971581214,0.6420585151690763
rxn15435_d0_r,0.9898643827859172,0.7525354148723639,0.6881893790583852,0.8025395958573821,0.6415224596297585
rxn15493_d0_f,0.0,0.0,0.0,0.0,0.0
rxn15493_d0_r,0.0,0.0,0.0,0.0,0.0
rxn15494_d0_f,0.0,0.0,0.0,0.0,0.0
rxn15494_d0_r,0.0,0.0,0.0,0.0,0.0
rxn17196_d0,0.0,0.0,0.0,0.0,0.0
rxn17469_d0_f,1.1795169385088227,1.6530247091897343,0.9285817837467814,0.9553818595457018,1.1969294331093625
rxn17469_d0_r,1.1785321581910344,1.6516445965815292,0.927806509535589,0.9545842099142842,1.1959301150758312
rxn17744_d0_f,1.3135879298669924,1.7517666358143897,2.371681197509198,1.4569235506972755,3.8323155303528735
rxn17744_d0_r,1.3124912134937181,1.7503040834355414,2.3697010776083105,1.4557071632165983,3.82911592483418
rxn17803_d0_f,1.0514366826833421,1.4473314309889755,0.9561779041517909,1.457054152024916,1.2852785919580678
rxn17803_d0_r,1.0389046128571315,1.4300806931618213,0.944781223344984,1.4396875291226736,1.2699593613036404
rxn18935_d0_f,1.3202332290495684,1.515151003370621,1.3410527420368816,1.5749579136232639,1.7757282873508689
rxn18935_d0_r,1.0420776926501278,1.195928891098758,1.0585108118737194,1.2431352828705162,1.401606016073605
rxn18936_d0_f,1.3202332290495684,1.515151003370621,1.3410527420368816,1.5749579136232639,1.7757282873508689
rxn18936_d0_r,1.0420776926501278,1.195928891098758,1.0585108118737194,1.2431352828705162,1.401606016073605
rxn18937_d0_f,1.3202332290495684,1.515151003370621,1.3410527420368816,1.5749579136232639,1.7757282873508689
rxn18937_d0_r,1.0420776926501278,1.195928891098758,1.0585108118737194,1.2431352828705162,1.401606016073605
rxn19027_d0_f,1.083098692074904,1.2685328631608526,1.2685328631608526,1.1368806164451222,1.224543034808488
rxn19027_d0_r,1.3249000838336609,1.5517323666302945,1.5517323666302945,1.3906888033919242,1.4979218249886788
rxn19029_d0_f,1.084076535039448,1.2696781197700708,1.2696781197700708,1.137907014796862,1.2256485765288596
rxn19029_d0_r,1.1505446373755053,1.3475260322291844,1.3475260322291844,1.207675631184895,1.3007969008211098
rxn19030_d0_f,1.2494273997560827,1.4389117500103508,1.4247412971671483,1.2437941201082425,1.1225649073960484
rxn19030_d0_r,1.1754038221346288,1.3536619822862659,1.3403310721137096,1.1701042917813507,1.05605742518942
rxn19071_d0,0.0,0.0,0.0,0.0,0.0
rxn19240_d0_f,1.1278022878866711,1.1430339047184355,1.1408212782875524,1.2285564606481265,1.2250602116771203
rxn19240_d0_r,1.19695135205617,1.2131168666650693,1.2107685772295127,1.3038830763552107,1.3001724614913126
rxn19241_d0_f,1.1273831297332417,1.1426090855937052,1.140397281505904,1.2280998562743282,1.2246049067165954
rxn19241_d0_r,1.2716898341858067,1.2888647348676137,1.2863698165922859,1.3852984503667827,1.381356142107644
rxn19242_d0_f,1.1275950632196765,1.1428238813634444,1.1406116614850041,1.2283307232062217,1.224835116643053
rxn19242_d0_r,1.233900771029625,1.2505653087368147,1.248144528527029,1.344133435735218,1.340308275645217
rxn19246_d0,0.0,0.0,0.0,0.0,0.0
rxn19253_d0,0.0,0.0,0.0,0.0,0.0
rxn19343_d0,0.04348504298779409,0.034192291973043965,0.04091260811264225,0.05055581760524388,0.03851053545958807
rxn19345_d0,0.06144663314308273,0.05395473300844941,0.06417925162151238,0.06545777956619314,0.05703923723892163
rxn19544_d0,0.21274366335593584,0.22438493466880707,0.19649398951477445,0.24576000743967585,0.27621146593317947
rxn19545_d0,0.05905598027292432,0.062287506317742256,0.05454519765939223,0.06822105966535376,0.07667414683940212
rxn19686_d0_f,1.3202332290495684,1.515151003370621,1.3410527420368816,1.5749579136232639,1.7757282873508689
rxn19686_d0_r,1.0420776926501278,1.195928891098758,1.0585108118737194,1.2431352828705162,1.401606016073605
rxn19701_d0,0.0,0.0,0.0,0.0,0.0
rxn19828_d0_f,1.6424490223546948,1.6424490223546948,1.6424490223546948,1.6424490223546948,1.6424490223546948
rxn19828_d0_r,0.0,0.0,0.0,0.0,0.0
rxn19900_d0,0.0,0.0,0.0,0.0,0.0
rxn19905_d0,0.22690971291413137,0.31750955078235094,0.2264474410439625,0.19995218765183126,0.18941691656062257
rxn20583_d0_f,2.3708233621460506,2.3708233621460506,2.3708233621460506,2.3708233621460506,2.3708233621460506
rxn20583_d0_r,0.0,0.0,0.0,0.0,0.0
nan,0.0,0.0,0.0,0.0,0.0
nan,0.0,0.0,0.0,0.0,0.0
nan,0.0,0.0,0.0,0.0,0.0
nan,0.0,0.0,0.0,0.0,0.0
nan,0.0,0.0,0.0,0.0,0.0
nan,0.0,0.0,0.0,0.0,0.0
nan,0.0,0.0,0.0,0.0,0.0
nan,0.0,0.0,0.0,0.0,0.0
nan,0.0,0.0,0.0,0.0,0.0
nan,0.0,0.0,0.0,0.0,0.0
nan,0.0,0.0,0.0,0.0,0.0
nan,0.0,0.0,0.0,0.0,0.0
nan,0.0,0.0,0.0,0.0,0.0
nan,0.0,0.0,0.0,0.0,0.0
nan,0.0,0.0,0.0,0.0,0.0
nan,0.0,0.0,0.0,0.0,0.0
nan,0.0,0.0,0.0,0.0,0.0
nan,0.0,0.0,0.0,0.0,0.0
nan,0.0,0.0,0.0,0.0,0.0
nan,0.0,0.0,0.0,0.0,0.0
nan,0.0,0.0,0.0,0.0,0.0
nan,0.0,0.0,0.0,0.0,0.0
nan,0.0,0.0,0.0,0.0,0.0
nan,0.0,0.0,0.0,0.0,0.0
nan,0.0,0.0,0.0,0.0,0.0
nan,0.0,0.0,0.0,0.0,0.0
nan,0.0,0.0,0.0,0.0,0.0
nan,0.0,0.0,0.0,0.0,0.0
nan,0.0,0.0,0.0,0.0,0.0
nan,0.0,0.0,0.0,0.0,0.0
nan,0.0,0.0,0.0,0.0,0.0
nan,0.0,0.0,0.0,0.0,0.0
nan,0.0,0.0,0.0,0.0,0.0
nan,0.0,0.0,0.0,0.0,0.0
nan,0.0,0.0,0.0,0.0,0.0
nan,0.0,0.0,0.0,0.0,0.0
nan,0.0,0.0,0.0,0.0,0.0
nan,0.0,0.0,0.0,0.0,0.0
nan,0.0,0.0,0.0,0.0,0.0
nan,0.0,0.0,0.0,0.0,0.0
nan,0.0,0.0,0.0,0.0,0.0
nan,0.0,0.0,0.0,0.0,0.0
nan,0.0,0.0,0.0,0.0,0.0
nan,0.0,0.0,0.0,0.0,0.0
nan,0.0,0.0,0.0,0.0,0.0
nan,0.0,0.0,0.0,0.0,0.0
nan,0.0,0.0,0.0,0.0,0.0
nan,0.0,0.0,0.0,0.0,0.0
nan,0.0,0.0,0.0,0.0,0.0
nan,0.0,0.0,0.0,0.0,0.0
nan,0.0,0.0,0.0,0.0,0.0
nan,0.0,0.0,0.0,0.0,0.0
nan,0.0,0.0,0.0,0.0,0.0
nan,0.0,0.0,0.0,0.0,0.0
nan,0.0,0.0,0.0,0.0,0.0
nan,0.0,0.0,0.0,0.0,0.0
nan,0.0,0.0,0.0,0.0,0.0
nan,0.0,0.0,0.0,0.0,0.0
nan,0.0,0.0,0.0,0.0,0.0
nan,0.0,0.0,0.0,0.0,0.0
nan,0.0,0.0,0.0,0.0,0.0
nan,0.0,0.0,0.0,0.0,0.0
nan,0.0,0.0,0.0,0.0,0.0
nan,0.0,0.0,0.0,0.0,0.0
rxn20643_d0,0.0,0.0,0.0,0.0,0.0
rxn24109_d0,0.03413695638714894,0.03816537987589358,0.03452333359871635,0.027889572909126723,0.02776730510549662
rxn24310_d0,0.0,0.0,0.0,0.0,0.0
rxn24312_d0,0.0,0.0,0.0,0.0,0.0
rxn24330_d0_f,0.6310827989324325,0.44798442199949434,0.24428755902562171,0.17729579833255213,0.1579430793837192
rxn24330_d0_r,0.6305559070337293,0.44761039918807244,0.24408360300586915,0.17714777382614258,0.15781121248903554
rxn24358_d0_f,1.1940298509687037,1.1940298509687037,1.1940298509687037,1.1940298509687037,1.1940298509687037
rxn24358_d0_r,1.1930329538002982,1.1930329538002982,1.1930329538002982,1.1930329538002982,1.1930329538002982
rxn24360_d0_f,1.1940298509687037,1.1940298509687037,1.1940298509687037,1.1940298509687037,1.1940298509687037
rxn24360_d0_r,1.1930329538002982,1.1930329538002982,1.1930329538002982,1.1930329538002982,1.1930329538002982
rxn24362_d0_f,1.1940298509687037,1.1940298509687037,1.1940298509687037,1.1940298509687037,1.1940298509687037
rxn24362_d0_r,1.1930329538002982,1.1930329538002982,1.1930329538002982,1.1930329538002982,1.1930329538002982
rxn24508_d0_f,1.358130144719343,1.3596561501710929,1.3590761137260017,1.358027505910507,1.3583961009777328
rxn24508_d0_r,1.3419425966843384,1.3434504136829064,1.3428772906900006,1.3418411812270747,1.3422053830110947
rxn25637_d0_f,1.318951039841509,1.3040062490706015,1.3935603135082573,1.3662279803562771,1.5565231191588258
rxn25637_d0_r,1.0410656436105523,1.0292695209702385,1.0999557382106693,1.07838196318437,1.2285844537766217
rxn25641_d0_f,1.0419368492047367,1.0301308550946489,1.1008762254041196,1.0792843965753478,1.22961258265171
rxn25641_d0_r,1.3183428077883843,1.3034049087825992,1.392917675514098,1.3655979466215693,1.5558053311409965
rxn25647_d0_f,1.4908961017152267,2.0894045812394975,1.173716897412315,1.2075918908352978,1.5129052984240945
rxn25647_d0_r,1.1767841737894498,1.6491948976304054,0.9264303983322711,0.9531683823551189,1.1941563262385826
rxn25649_d0_f,1.0419368492047367,1.0301308550946489,1.1008762254041196,1.0792843965753478,1.22961258265171
rxn25649_d0_r,1.3183428077883843,1.3034049087825992,1.392917675514098,1.3655979466215693,1.5558053311409965
rxn25661_d0_f,1.04348323854833,1.0316597225860336,1.102510089553256,1.0808862152372412,1.2314375107133404
rxn25661_d0_r,1.0426120329541453,1.0307983884616232,1.1015896023598057,1.0799837818462632,1.2304093818382522
rxn25662_d0_f,1.0444976377995852,1.1987061142746522,1.0609689185224929,1.246022130194012,1.4048608690504705
rxn25662_d0_r,1.0436255852820675,1.197705312887567,1.0600831141099958,1.244981824600016,1.4036879487744625
rxn25716_d0_f,1.2141225035558534,1.3117812316864603,1.1623683200456694,1.1678957083556074,1.2177137478427729
rxn25716_d0_r,1.1899696832332796,1.285685663653864,1.139245057689118,1.1446624883824956,1.1934894860653686
rxn25718_d0_f,1.043369980961495,1.031547748300009,1.102390425309892,1.0807688980060115,1.2313038529451568
rxn25718_d0_r,1.0628064337472523,1.0507639702269722,1.1229263424284404,1.1009020377759051,1.254241238186618
rxn25719_d0_f,1.0646923913701432,1.2218823989355685,1.081482134713887,1.27011324246856,1.4320230358421182
rxn25719_d0_r,1.04351221889804,1.1975752092159366,1.059967959986611,1.2448465854015667,1.4035354697347573
rxn25743_d0_f,1.471289507405657,1.671130553960853,1.3059682417048153,1.1302854245647043,1.4824643660674677
rxn25743_d0_r,1.1613084274521515,1.3190456303257256,1.030818147919077,0.8921493576664361,1.1701288924077065
rxn25747_d0_f,1.1622802570430897,1.3201494607509994,1.031680777996792,0.892895944124281,1.1711081033184108
rxn25747_d0_r,1.4706110247244975,1.6703599149172714,1.3053659966472106,1.1297641953426687,1.4817807301190362
rxn25750_d0_f,1.1622802570430897,1.3201494607509994,1.031680777996792,0.892895944124281,1.1711081033184108
rxn25750_d0_r,1.4706110247244975,1.6703599149172714,1.3053659966472106,1.1297641953426687,1.4817807301190362
rxn25762_d0,0.0,0.0,0.0,0.0,0.0
rxn26013_d0,0.02124647839046219,0.02124647839046219,0.018410730756490225,0.02124647839046219,0.02124647839046219
rxn26037_d0_f,1.050709743961057,1.1158835716288187,0.9775165204024268,0.9012592717281759,0.8011682252111195
rxn26037_d0_r,1.0498325049475428,1.1149519188967498,0.9767003905121499,0.9005068091199289,0.8004993287555735
rxn26477_d0_f,1.1940298509687037,1.091467554163659,1.1940298509687037,1.1940298509687037,1.1940298509687037
rxn26477_d0_r,1.1930329538002982,1.090556286398226,1.1930329538002982,1.1930329538002982,1.1930329538002982
rxn26754_d0,140.37264477645545,140.37264477645545,140.37264477645545,140.37264477645545,140.37264477645545
rxn27029_d0,0.0,0.0,0.0,0.0,0.0
rxn27030_d0,0.0,0.0,0.0,0.0,0.0
rxn27259_d0,0.06905121013412895,0.06877568559773836,0.065065849805605,0.06905121013412895,0.06526424348437532
rxn27266_d0_f,1.1936410611028316,0.3327737507080696,1.1936410611028316,1.1936410611028316,1.053409437223344
rxn27266_d0_r,1.2623565365126619,0.3519308551584563,1.2623565365126619,1.2623565365126619,1.1140520647592342
rxn27318_d0_f,0.9920896991629895,1.1481124803731948,0.7168004611729323,0.6148348942648301,0.6262774828374281
rxn27318_d0_r,0.9912614021056778,1.1471539196807916,0.7162020034798728,0.6143215677641298,0.6257546029037563
rxn27497_d0,0.10137305620951072,0.18450014031762235,0.09773181216669548,0.05423654990810825,0.05841609466899775
rxn27709_d0,0.01755463368948521,0.01755827161819218,0.016515308908473032,0.021372957870600548,0.016214607832962694
rxn27927_d0,0.03218080724503269,1.094503539684165,0.03139948058070881,0.03842565241721383,0.06957114563806123
rxn28082_d0_f,1.263033164830448,1.7829030992456496,1.2945055321947299,1.367685850826793,0.9555173490325838
rxn28082_d0_r,1.2397266218881946,1.7500034820372419,1.2706182348416701,1.3424481691083672,0.9378853447848682
rxn28083_d0_f,1.578864991484694,1.0537205890441914,1.4093274103339137,1.9615058182679996,1.6087998445212195
rxn28083_d0_r,1.5159188708847184,1.0117109025704407,1.3531404066229067,1.8833045898791516,1.5446602825063402
rxn28487_d0_f,1.0398378872936127,1.4313653710201308,0.9456299443468,1.4409808370460604,1.271100198097131
rxn28487_d0_r,1.0389697252082155,1.4301703220988953,0.9448404366028238,1.4397777601589858,1.2700389547896758
rxn28615_d0_f,1.2841711225914423,2.1861649937998493,1.5692163494004987,1.9410495382331108,3.062514649661979
rxn28615_d0_r,1.2604745243964952,2.1458240512770237,1.5402598585882414,1.9052316708361414,3.0060025712929135
rxn29919_d0_f,2.264989823831742,2.196033369844271,2.190081264082323,2.3493410945081195,2.1861876009777452
rxn29919_d0_r,0.0,0.0,0.0,0.0,0.0
rxn31768_d0,0.0,0.0,0.0,0.0,0.0
rxn37018_d0_f,0.9449705440599537,1.408632154379858,0.9513554915445999,0.7159102276505749,0.873944560364139
rxn37018_d0_r,0.9441815868501859,1.4074560854525302,0.9505612035333763,0.7153125132147103,0.87321490284606
rxn37266_d0_f,0.0,0.0,0.0,0.0,0.0
rxn37266_d0_r,2.2895666489618667,3.7702028135375536,2.7492131211381454,2.7051639759128228,1.9213851205818804
rxn37324_d0,0.0,0.0,0.0,0.0,0.0
rxn37610_d0,0.0,0.0,0.0,0.0,0.0
rxn37651_d0_f,1.1640052539132282,1.3221087590132823,1.0332119458044202,0.8942211345847058,1.1728462020261674
rxn37651_d0_r,1.16303342432229,1.3210049285880086,1.0323493157267054,0.893474548126861,1.1718669911154636
rxn39241_d0_i,1.2731166484214336,1.178565609960457,0.9782661044112005,1.0355337896653716,0.9418407026663469
rxn39241_d0_o,1.2270811438707434,1.1359490417395521,0.9428923044084689,0.998089207862406,0.9077840339334522
rxn39242_d0_i,1.2281067000931079,1.136898432587797,0.9436803444452959,0.998923379752921,0.9085427315706979
rxn39242_d0_o,1.2721338198115508,1.1776557734568425,0.9775108963816096,1.0347343717673765,0.9411136145478463
